# MJD residual_us
5.329190906752078445e+04 2.895678611539952652e+00
5.329190906752195588e+04 1.225001239592910451e+01
5.329190906753041781e+04 4.496390667462717872e+00
5.329190906753369927e+04 8.048954598186252696e+00
5.329190906753910531e+04 1.010097472335388957e+01
5.329190906754194293e+04 1.212057532025737849e+01
5.329190906754780008e+04 9.205796309882792627e+00
5.329190906755020114e+04 1.102853823117700927e+01
5.329190906755648757e+04 1.809856843597851039e+00
5.329190906755857577e+04 1.396700777309246888e+01
5.329190906756540790e+04 7.382744483379465983e+00
5.329190906756691402e+04 7.728874168043521564e+00
5.329196969248464302e+04 1.099406868476764665e-01
5.329196969248586538e+04 1.424308166354183847e+01
5.329196969249434187e+04 7.695318320679464641e+00
5.329196969249760878e+04 9.851346077415767510e+00
5.329196969250292750e+04 3.890319380179467768e+00
5.329196969250578695e+04 7.716168054470162296e+00
5.329196969251165137e+04 6.062221170404641590e+00
5.329196969251410337e+04 1.191428175272655388e+01
5.329196969252044073e+04 6.888239071375978462e+00
5.329196969252246345e+04 1.357403075098486056e+01
5.329196969252935378e+04 1.250831838772278104e+01
5.329196969253083807e+04 1.045390510566252829e+01
5.329291541772106575e+04 -3.243523091803898417e+00
5.329291541772833443e+04 -1.114061098270076489e+00
5.329291541772944038e+04 -2.405797660710343955e+00
5.329291541773201607e+04 -2.984425120031555245e+00
5.329291541773716745e+04 -5.457121617176929895e-01
5.329291541774356301e+04 -3.987416112361252818e+00
5.329291541774556390e+04 1.292318416559935734e+00
5.329291541775572841e+04 -3.672741806421780719e+00
5.329291541776845406e+04 -5.492780665614945157e+00
5.329294709594967571e+04 2.747822665059009850e+00
5.329294709595685708e+04 -3.071164144670373020e+00
5.329294709595799213e+04 -1.730651945707328609e+00
5.329294709596053872e+04 -4.756394237900538613e+00
5.329294709596569737e+04 -1.743633530577841650e+00
5.329294709597215115e+04 1.329113784098037154e-01
5.329294709597400652e+04 -7.089188482522922108e+00
5.329294709598427289e+04 -3.256556327542631912e+00
5.329294709599703492e+04 -2.413493640069944934e+00
5.329299538294112426e+04 -2.210864551745713447e-01
5.329299538294834201e+04 -3.050159458275164326e+00
5.329299538294949161e+04 -4.502441403556453059e-01
5.329299538295204547e+04 -2.551487542904418593e+00
5.329299538295716775e+04 -2.971305799512630852e+00
5.329299538296360697e+04 -2.351856937369140255e+00
5.329299538296551327e+04 -5.509842669072230414e+00
5.329299538297577237e+04 -2.018364498454233935e+00
5.329299538298850530e+04 -3.368104985866365642e+00
5.344631049861114298e+04 5.692507528415122309e+00
5.344631049861830979e+04 3.977078894161949929e+00
5.344631049861951033e+04 -1.017901666285182388e-01
5.344631049862203508e+04 2.045388074806464118e+00
5.344631049862722284e+04 2.368911896178772736e+00
5.344631049863353110e+04 -2.292045232132124521e+00
5.344631049863566295e+04 8.718026000339685666e+00
5.344631049864575471e+04 4.343507370042257065e+00
5.344631049865847308e+04 2.886384727596265964e+00
5.344632393812259397e+04 8.870312709147678554e-01
5.344632393812896771e+04 1.784740576974777060e+00
5.344632393813098315e+04 3.317462873491649589e+00
5.344632393814112584e+04 3.083983732326735616e+00
5.344632393815382238e+04 -2.669524261370372908e-01
5.344632393815998512e+04 2.879549596039427062e+00
5.344632393816843251e+04 3.804082919644966587e+00
5.344632393817087723e+04 -5.502402211910522034e-01
5.344633956638454401e+04 5.372995257805452951e+00
5.344633956639085955e+04 2.002552288122736446e+00
5.344633956639286771e+04 1.994184847476312861e+00
5.344633956640299584e+04 1.084303153480040693e+00
5.344633956641575060e+04 2.510125369804239615e+00
5.344633956642183330e+04 -8.286900515914811249e-01
5.344633956643029524e+04 1.383929839837464426e+00
5.344633956643281999e+04 3.532846993834790617e+00
5.345026518956498330e+04 -7.402161582390021977e+00
5.345026518956606742e+04 -3.399994060852972400e+00
5.345026518957460212e+04 -5.504766939508645152e+00
5.345026518957779626e+04 -7.799701097875988864e+00
5.345026518958328234e+04 -1.012053905835338163e+00
5.345026518958602537e+04 -5.562202704933555175e+00
5.345026518959191890e+04 -6.387704097268144920e+00
5.345026518959432724e+04 -2.889717917068949316e+00
5.345026518960068643e+04 -7.117978505620365048e+00
5.345026518960267276e+04 -2.209475983034711266e+00
5.345026518960955582e+04 -6.076421531655919139e+00
5.345026518961106922e+04 -4.007700958995379814e+00
5.345028290389438916e+04 -2.029128368278746652e+00
5.345028290389537869e+04 -6.525921820538922447e+00
5.345028290390396432e+04 -3.708797384792202667e+00
5.345028290390720213e+04 -2.752602078986235767e+00
5.345028290391255723e+04 -6.951972615264596200e+00
5.345028290391535847e+04 -6.689086913144402402e+00
5.345028290392127383e+04 -5.526666907620334968e+00
5.345028290392361669e+04 -7.654596592180248571e+00
5.345028290393008501e+04 -2.489871329470605854e+00
5.345028290393198404e+04 -5.269600536649308609e+00
5.345028290393891075e+04 -4.859440992369435719e+00
5.345028290394039504e+04 -5.232618515026794093e+00
5.353503487448491796e+04 5.438156964118973091e-02
5.353503487448729720e+04 2.218853351793507178e-01
5.353503487448846863e+04 2.063565908295965201e+00
5.353503487449372187e+04 2.543471341599562674e+00
5.353503487449562090e+04 -1.117473327839475283e+00
5.353503487449815293e+04 -3.089357131183486427e+00
5.353503487450251851e+04 -2.066626898643594501e+00
5.353503487450382818e+04 1.891172527235876144e+00
5.353503487450407556e+04 2.820870937688662483e+00
5.353503487451146793e+04 -6.647285344392910023e-02
5.353503487451246474e+04 -5.156416267644463147e+00
5.353503487451322871e+04 1.450031070508408959e+00
5.353503487452106492e+04 -9.430053035737794298e-01
5.353503487452268018e+04 -1.962653700978371551e+00
5.353503487452430272e+04 -1.072958887938260775e+00
5.353503487452971603e+04 7.056645835971516734e-01
5.353503487453226262e+04 -1.038034292564208094e+00
5.353503487453250273e+04 -8.069569167629512263e-01
5.353505466813762905e+04 2.060835388235750543e+01
5.353505466813972453e+04 -3.495935548614250710e+00
5.353505466814090323e+04 -1.788237327580877389e+00
5.353505466814616375e+04 -3.201044416878842669e-01
5.353505466814809188e+04 -1.411521720441628158e+00
5.353505466815066757e+04 -1.624315580617676225e-01
5.353505466815506225e+04 3.858399143964838185e+00
5.353505466815630643e+04 1.978953177723741907e+00
5.353505466815651016e+04 -4.685834707762911444e-01
5.353505466816393891e+04 -7.824399713290639546e-01
5.353505466816497938e+04 -2.012470963347043007e+00
5.353505466816570697e+04 1.550500617614796184e+00
5.353505466817355045e+04 -8.881185393583677923e-02
5.353505466817516572e+04 -1.489462880539403900e+00
5.353505466817680281e+04 1.143879157793895374e+00
5.353505466818214336e+04 -3.473966712677700741e+00
5.353505466818478453e+04 2.259796165025468984e+00
5.353505466818501736e+04 2.266967027225761377e+00
5.353605438681893429e+04 -7.813089885314004057e-01
5.353605438682618114e+04 8.456244916104056486e-01
5.353605438682738895e+04 4.961742436969807990e+00
5.353605438682993554e+04 4.033421383001745575e+00
5.353605438683501416e+04 -1.277957911606563357e+00
5.353605438684007095e+04 5.302873328360950822e-01
5.353605438684145338e+04 1.163707754876785794e+00
5.353605438684346154e+04 5.554065984887800234e+00
5.353605438685365516e+04 4.854024551360816453e+00
5.353605438685449917e+04 -1.024894482912604543e+00
5.353605438686192792e+04 3.734666885350491627e-01
5.353605438686639536e+04 4.555542792572313537e+00
5.353606058024231606e+04 -2.410076074493935128e+00
5.353606058024960657e+04 2.506380681938241484e+00
5.353606058025072707e+04 -2.750874378851360103e-01
5.353606058025328821e+04 -2.609581930010755266e-02
5.353606058025843231e+04 5.062438536939311007e-01
5.353606058026345272e+04 -1.292239376660934802e+00
5.353606058026483515e+04 -7.521606819165179703e-01
5.353606058026674145e+04 -5.238029975687771511e+00
5.353606058027700055e+04 -1.749364044658917594e-01
5.353606058027790277e+04 -1.016225745534819369e+00
5.353606058028539701e+04 6.412623932888061873e+00
5.353606058028974076e+04 -2.220592132106865846e-01
5.363975349882264709e+04 2.614491285454460190e+00
5.363975349882366572e+04 -4.616880798896930704e-01
5.363975349883221497e+04 -9.097851868828599198e-01
5.363975349883545277e+04 -1.427344103115222529e+00
5.363975349884088791e+04 2.959846207137204033e+00
5.363975349884371826e+04 4.616694148498005745e+00
5.363975349884962634e+04 6.307571403518808850e+00
5.363975349885196920e+04 2.496916692495117385e+00
5.363975349885829201e+04 -3.281395059230207245e+00
5.363975349886030017e+04 1.814212733699273050e+00
5.363975349886721233e+04 2.471203168613907764e+00
5.363975349886867480e+04 -1.158441074833556739e+00
5.363976808720697591e+04 5.237141594167360026e+00
5.363976808720796544e+04 -1.572587544843122992e-02
5.363976808721656562e+04 3.936684643326158195e+00
5.363976808721978887e+04 1.797073253937819803e+00
5.363976808722515125e+04 -2.405027370525397723e-02
5.363976808722803253e+04 5.723029919720458381e+00
5.363976808723381691e+04 -3.124290335148512288e+00
5.363976808723625436e+04 1.984238783306837561e+00
5.363976808724263537e+04 9.525815590109204534e-01
5.363976808724464354e+04 5.836171146493386530e+00
5.363976808725150477e+04 2.556117195920331486e+00
5.363976808725300361e+04 1.859278116196145580e+00
5.365172334689893614e+04 -3.836449233609467324e+00
5.365172334690621938e+04 -8.464751672641530611e-01
5.365172334690734715e+04 -3.966563646627528916e-01
5.365172334690990829e+04 -1.704301394665965752e+00
5.365172334691500873e+04 -3.394885961440669231e+00
5.365172334692146251e+04 -1.941800695088334416e+00
5.365172334692339791e+04 -2.240394364103169167e+00
5.365172334693364246e+04 -3.780706605918588981e-01
5.365172334694639721e+04 -2.015624270255735595e-01
5.369359110101306578e+04 7.667710932697475279e+00
5.369359110101492843e+04 9.470463076540187597e-01
5.369359110101748229e+04 2.680784283113911148e-01
5.369359110102182603e+04 -9.634427221872678138e-02
5.369359110102311388e+04 2.031662888822177937e+00
5.369359110102330305e+04 -2.158763439133560169e+00
5.369359110102726845e+04 -3.605951898054949645e+00
5.369359110103078274e+04 2.049835385947802457e+00
5.369359110103179410e+04 -1.081748144067687711e+00
5.369359110103257990e+04 6.958225998731284889e+00
5.369359110103720741e+04 -1.969428573296992724e+00
5.369359110104036517e+04 3.897248313820710908e-01
5.369359110104197316e+04 -1.448865298221832409e+00
5.369359110104364663e+04 3.800266092025640585e+00
5.369359110104901629e+04 2.466322161615665198e+00
5.369359110105155560e+04 -3.174444219935017020e-01
5.369359110105178843e+04 -8.907346250148734379e-01
5.369359110105782020e+04 1.096598042284725061e+01
5.369359110106008302e+04 1.260971676048222134e+00
5.369359110106126900e+04 3.700820953799577762e+00
5.369459018759713217e+04 -6.143814034505370003e+00
5.369459018760448816e+04 4.334365166744452047e+00
5.369459018760560866e+04 1.300703074342308474e+00
5.369459018760804611e+04 -8.954688715438383184e+00
5.369459018761336483e+04 6.377243088527271730e+00
5.369459018761833431e+04 6.648894953740507319e-01
5.369459018761967309e+04 -2.837082410448965142e+00
5.369459018762170308e+04 3.695047937217155187e+00
5.369459018763188942e+04 2.183623015220202745e+00
5.369459018763273343e+04 -3.751070348544482957e+00
5.369459018764010398e+04 -7.061400316418279921e+00
5.369459018764468783e+04 6.681389225877189197e+00
5.373646180674977222e+04 4.899181355277502981e+00
5.373646180675162032e+04 -2.521645222133257036e+00
5.373646180675419600e+04 -2.726217094089552706e+00
5.373646180675860523e+04 3.406953339270427872e+00
5.373646180675980577e+04 -2.411344793107166318e+00
5.373646180676007498e+04 1.582007647320295085e+00
5.373646180676414951e+04 7.665541596346830744e+00
5.373646180676748918e+04 -7.917113022240953590e-01
5.373646180676855874e+04 1.566159439263085096e+00
5.373646180676919903e+04 -3.697675231540992424e+00
5.373646180677375378e+04 -1.977822611083912463e+01
5.373646180677708617e+04 -8.710814696806281621e-01
5.373646180677874509e+04 9.348653112525232567e-01
5.373646180678033852e+04 9.322741593648425917e-01
5.373646180678564269e+04 -7.133060559835847414e+00
5.373646180678829114e+04 -1.408069720848856177e+00
5.373646180678853125e+04 3.418608018151870348e-02
5.373646180679437384e+04 -4.822493405135396927e+00
5.373646180679682584e+04 2.573161982509321266e+00
5.373646180679798272e+04 1.294226226705122329e+00
5.373647222460355988e+04 5.439715407681170456e-01
5.373647222460550984e+04 1.716256862231866354e+00
5.373647222460802732e+04 -3.342515253368100403e+00
5.373647222461247293e+04 5.393729809747192405e+00
5.373647222461363708e+04 -3.591704866965092169e+00
5.373647222461389174e+04 -5.481430247821080792e-01
5.373647222461791534e+04 9.261707484400431012e-01
5.373647222462135687e+04 1.429921665926095820e+00
5.373647222462237551e+04 -5.099385992753734387e-01
5.373647222462305945e+04 -2.067427487244273276e+00
5.373647222462778882e+04 -3.385049743325012628e+00
5.373647222463090293e+04 -2.822855868478612695e+00
5.373647222463261278e+04 3.416362405759593379e+00
5.373647222463423532e+04 5.901251240611331994e+00
5.373647222463952494e+04 -3.390550560787564116e+00
5.373647222464219521e+04 3.706020474585778324e+00
5.373647222464232618e+04 -3.418192383748836161e+00
5.373647222464830702e+04 3.153433661223270956e+00
5.373647222465067898e+04 3.303539692670078853e+00
5.373647222465184313e+04 2.626792800649699444e+00
5.373847418016308802e+04 -8.945449086211243461e-01
5.373847418017028394e+04 -1.249386373107084891e+00
5.373847418017152086e+04 3.428721576348173761e-01
5.373847418017404561e+04 6.898196477652799308e-01
5.373847418017921882e+04 9.364697603429544825e-01
5.373847418018423923e+04 4.743336741162337056e+00
5.373847418018558528e+04 -1.214605389422866444e-01
5.373847418018755707e+04 -1.120216160234405622e+00
5.373847418019772886e+04 -4.605657055854442961e-01
5.373847418019865290e+04 2.199436789398370173e+00
5.373847418020612531e+04 5.418915612605068599e-01
5.373847418021048361e+04 1.116860417507032688e+00
5.373848459942016052e+04 1.675938023306182467e+00
5.373848459942734917e+04 3.421404370020842967e-01
5.373848459942853515e+04 -2.359699261218076050e+00
5.373848459943106718e+04 -7.047624019239534521e-01
5.373848459943624039e+04 -8.543260992548389332e-01
5.373848459944126080e+04 2.684455658686783597e+00
5.373848459944263595e+04 6.187394446536719217e-01
5.373848459944462957e+04 1.511292272462938735e+00
5.373848459945475042e+04 -2.151150272410776054e+00
5.373848459945567447e+04 3.156263246630071073e-01
5.373848459946315415e+04 -7.471419392763161138e-01
5.373848459946746880e+04 -3.885543383941808315e+00
5.376641093993464892e+04 2.026079258806110062e+00
5.376641093994182302e+04 1.427695342306317672e+00
5.376641093994302355e+04 -2.976384802037178812e+00
5.376641093994555558e+04 -2.331555414119132752e-01
5.376641093995074334e+04 2.901538381686190049e-01
5.376641093995713163e+04 2.362980655076281078e+00
5.376641093995911069e+04 4.632531144411201063e-01
5.376641093996927520e+04 2.525853059446468318e+00
5.376641093998201541e+04 2.715721650925793984e+00
5.376642344262811093e+04 5.458858950726989123e-01
5.376642344263529230e+04 5.453263440006025364e-01
5.376642344263653649e+04 -2.321197916137840433e-02
5.376642344263903215e+04 -5.195768225009674834e-01
5.376642344264424901e+04 2.497901331275760306e+00
5.376642344265057909e+04 9.244292320191295487e-02
5.376642344265257270e+04 -8.652330409299394676e-01
5.376642344266276632e+04 3.159307915449664605e+00
5.376642344267548469e+04 1.777673016707485676e+00
5.376939958769355871e+04 -9.901108954425872355e-01
5.376939958769461373e+04 7.249475744464967120e-01
5.376939958770316298e+04 2.564828084089517124e-01
5.376939958770640806e+04 1.631773258842774466e+00
5.376939958771179226e+04 -2.317642401467263358e-01
5.376939958771457896e+04 -1.009574664273526601e+00
5.376939958772052341e+04 2.387795625069925265e+00
5.376939958772288082e+04 1.772607959450544390e+00
5.376939958772925456e+04 -1.676800579597917729e+00
5.376939958773114631e+04 -4.982550837244028585e+00
5.376939958773815306e+04 2.354937064420789650e+00
5.376939958773957187e+04 -3.361187042258060309e+00
5.377039018805646629e+04 -3.572935112721009165e+00
5.377039018806369859e+04 5.304767193956959614e-01
5.377039018806489912e+04 -3.979969779520487805e+00
5.377039018806737295e+04 -5.978712034485344162e+00
5.377039018807266257e+04 2.845675235304562456e+00
5.377039018807896355e+04 -1.743538837606825265e+00
5.377039018808104447e+04 4.671292388562583220e+00
5.377039018809112895e+04 1.708661580759529286e-01
5.377039018810386915e+04 1.664327918893376279e-01
5.377139131042442750e+04 7.501687825573101875e+00
5.377139131042538793e+04 3.347338737224231919e-01
5.377139131043394445e+04 6.989241453554558836e-01
5.377139131043710950e+04 -4.580569347052774631e+00
5.377139131044254464e+04 -1.600116257287647725e+00
5.377139131044531678e+04 -4.255048358740679326e+00
5.377139131045132672e+04 5.090797467856770453e+00
5.377139131045366230e+04 2.561712706757430791e+00
5.377139131046009425e+04 4.178419315129057843e+00
5.377139131046198600e+04 1.268891475871767760e+00
5.377139131046887633e+04 -1.743456025002903864e+00
5.377139131047042611e+04 3.427622295066972580e+00
5.377140173111458716e+04 -1.265280895744645528e+00
5.377140173111562035e+04 -2.220116062127496015e+00
5.377140173112411139e+04 -7.462661966821261039e+00
5.377140173112740740e+04 -1.381882730691684769e+00
5.377140173113282799e+04 1.260213238301417793e-01
5.377140173113561468e+04 -7.579402429130647212e-01
5.377140173114157369e+04 4.073430317047559868e+00
5.377140173114388017e+04 -1.156254521466000051e+00
5.377140173115030484e+04 1.539377263749489022e-02
5.377140173115226207e+04 2.440307341068395974e+00
5.377140173115917423e+04 1.306803213125870666e+00
5.377140173116063670e+04 -1.187004004997253226e+00
5.379831701582619280e+04 3.401002277154841491e-01
5.379831701583342510e+04 4.672488967054106546e+00
5.379831701583461108e+04 -1.418095325610802204e+00
5.379831701583710674e+04 -1.184676443763748477e+00
5.379831701584228722e+04 -1.963631795476614261e+00
5.379831701584866096e+04 -6.845496955185602639e-01
5.379831701585068367e+04 6.852657629004174078e-01
5.379831701586082636e+04 1.646299033475427054e+00
5.379831701587358839e+04 3.597935696666553884e+00
5.379832743509437569e+04 -9.281610153559146648e-01
5.379832743510160799e+04 2.923840215865701531e+00
5.379832743510283035e+04 3.408749907383964439e-01
5.379832743510528235e+04 -3.377075020563531815e+00
5.379832743511047738e+04 -3.242421207181580112e+00
5.379832743511683657e+04 -2.791397217632889838e+00
5.379832743511887384e+04 -1.650710886566593705e-01
5.379832743512911111e+04 8.879150884730350413e+00
5.379832743514172762e+04 -1.436853199243288692e+00
5.380031695857652085e+04 2.262611137548948381e+00
5.380031695857751765e+04 -1.186676882843870517e+00
5.380031695858619787e+04 9.449235461775105094e+00
5.380031695858929015e+04 -1.973001091752967007e+00
5.380031695859470346e+04 -1.036105993580007878e+00
5.380031695859746105e+04 -4.537793819755751912e+00
5.380031695860341279e+04 -4.878062022654345853e-01
5.380031695860578475e+04 -6.211696356564569421e-02
5.380031695861218759e+04 -3.995865193898949230e-01
5.380031695861403568e+04 -7.475729636548850365e+00
5.380031695862103516e+04 -1.069739317252405897e+00
5.380031695862247579e+04 -5.298636933689087058e+00
5.380032737924479443e+04 1.550913824702314203e+00
5.380032737924582761e+04 1.171038906090699383e+00
5.380032737925436959e+04 -3.569754448435862038e-02
5.380032737925762194e+04 2.232645025518340542e+00
5.380032737926295522e+04 -3.760809809511770130e+00
5.380032737926578557e+04 -9.675738999644599714e-01
5.380032737927173002e+04 2.389439844399594115e+00
5.380032737927406561e+04 -1.014318827393960176e-01
5.380032737928046117e+04 -1.833948346096397453e+00
5.380032737928242568e+04 1.284808551766259077e+00
5.380032737928935967e+04 2.159395485941060233e+00
5.380032737929081486e+04 -3.726505916266679153e-01
5.383821214430895634e+04 -6.745499162300617746e-01
5.383821214431004046e+04 2.501771874276464747e+00
5.383821214431853878e+04 -2.316048941372473635e+00
5.383821214432177658e+04 -1.655787284760498412e+00
5.383821214432715351e+04 -3.298250459442546134e+00
5.383821214433002751e+04 2.921917253128914371e+00
5.383821214433592104e+04 2.253864923897559436e+00
5.383821214433825662e+04 -7.750625057371143267e-01
5.383821214434469584e+04 1.803030320859374536e+00
5.383821214434660214e+04 1.162334843101360121e-01
5.383821214435353613e+04 1.076905198821015652e+00
5.383821214435498405e+04 -2.724745044441745812e+00
5.383822360672178183e+04 -2.514086978509323167e+00
5.383822360672290233e+04 4.069642586807225904e+00
5.383822360673145158e+04 3.709136743763686628e+00
5.383822360673463845e+04 1.177916188340125125e-01
5.383822360674005176e+04 1.496034777265640603e+00
5.383822360674283846e+04 5.010315606474589900e-02
5.383822360674867377e+04 -5.356356778966086196e+00
5.383822360675108939e+04 -1.659144591193166152e+00
5.383822360675754317e+04 2.538590334821324124e+00
5.383822360675944947e+04 7.053107443578363056e-02
5.383822360676635435e+04 -1.458627312382975827e+00
5.383822360676783137e+04 -2.098443833667850811e+00
5.383920546536559414e+04 1.111445684863441974e+00
5.383920546537281189e+04 2.788101734291012601e+00
5.383920546537398332e+04 -2.044603139877713360e+00
5.383920546537645714e+04 -4.945496675736540837e+00
5.383920546538167400e+04 -1.556536869348953189e+00
5.383920546538805502e+04 -1.067962698616277573e+00
5.383920546539007046e+04 1.079663183967572992e+00
5.383920546540021314e+04 3.666401654943802768e-01
5.383920546541296062e+04 8.173886837523950399e-01
5.383921692624408024e+04 -5.060109952260829047e+00
5.383921692625141441e+04 6.671196788220275842e+00
5.383921692625255673e+04 -2.485647170958887042e-01
5.383921692625506694e+04 -7.314314668930405050e-01
5.383921692626025470e+04 3.841325928563551484e-01
5.383921692626660661e+04 -1.073205261738054306e+00
5.383921692626862932e+04 1.372230918379008457e+00
5.383921692627880839e+04 3.126053364889621822e+00
5.383921692629154859e+04 3.468214541246096960e+00
5.385816011885434273e+04 -5.512876126590287029e+00
5.385816011885543412e+04 -1.764675923405288893e+00
5.385816011886395427e+04 -4.583651182325601425e+00
5.385816011886719207e+04 -4.489698253078639567e+00
5.385816011887267814e+04 3.153786608955053250e+00
5.385816011887550121e+04 5.204816759550007887e+00
5.385816011888128560e+04 -4.795135662150606493e+00
5.385816011888378125e+04 5.978916929668620206e+00
5.385816011889014771e+04 2.822308553834703027e+00
5.385816011889206129e+04 8.986236187748684046e-01
5.385816011889898800e+04 1.370376823435189406e+00
5.385816011890048685e+04 1.984152698676083570e+00
5.385817262309815123e+04 -4.977394359055216100e+00
5.385817262309927901e+04 2.052478188820231253e+00
5.385817262310779188e+04 -1.023064149381424981e+00
5.385817262311102968e+04 -8.024374658858789422e-01
5.385817262311649392e+04 4.918989463436151510e+00
5.385817262311928789e+04 4.481652953949857299e+00
5.385817262312513049e+04 -6.429137594651850307e-01
5.385817262312749517e+04 -1.222083553015337110e+00
5.385817262313393439e+04 1.914260465530033262e+00
5.385817262313582614e+04 -1.654547663935222568e+00
5.385817262314276013e+04 -7.531969715398442178e-01
5.385817262314425170e+04 -3.329138570359794769e-01
5.385915049969101528e+04 -3.309679246117779083e+00
5.385915049969832035e+04 5.462187699466029223e+00
5.385915049969950633e+04 3.732727245775399272e+00
5.385915049970198743e+04 1.464439059029100931e-01
5.385915049970716791e+04 1.535662873835964559e+00
5.385915049971351982e+04 -1.429716770984488905e+00
5.385915049971552071e+04 2.426178224822956586e-01
5.385915049972572160e+04 2.577994610970332889e+00
5.385915049973843270e+04 4.472327368374169887e-01
5.385916091893680277e+04 -4.846705781869330210e+00
5.385916091894410056e+04 3.063082348103209895e+00
5.385916091894523561e+04 -2.765890297281125232e+00
5.385916091894776036e+04 -3.115317029099407886e+00
5.385916091895293357e+04 -1.961669062526435914e+00
5.385916091895932914e+04 -1.345448379524092353e+00
5.385916091896135185e+04 2.196750944343841550e+00
5.385916091897147271e+04 -2.003807562495652839e+00
5.385916091898425657e+04 1.737772721083626903e+00
5.388907941316035431e+04 1.171211075687224712e+00
5.388907941316138749e+04 -3.812848951047967394e-01
5.388907941316995857e+04 5.584596093256616323e-01
5.388907941317323275e+04 4.087591263576664247e+00
5.388907941317862424e+04 4.438627780790654676e+00
5.388907941318138910e+04 5.136266557318006631e-01
5.388907941318726807e+04 -6.078858623573314413e-01
5.388907941318966186e+04 3.854722432602554760e-01
5.388907941319607198e+04 1.831980632514716323e+00
5.388907941319799284e+04 1.731957834539927521e-01
5.388907941320489044e+04 -1.133424837770468097e+00
5.388907941320645477e+04 4.488212614258519473e+00
5.389006538433861715e+04 1.883376518545869738e+00
5.389006538434584218e+04 1.703554020922505741e+00
5.389006538434696995e+04 -1.693351410748680674e+00
5.389006538434953836e+04 -2.288254769714574144e-01
5.389006538435466064e+04 -2.125892997975620258e+00
5.389006538436109986e+04 2.629338306418637083e-01
5.389006538436303526e+04 -1.965181321584668961e+00
5.389006538437322160e+04 -2.693518822490406528e+00
5.389006538438596181e+04 -2.676740898804833790e+00
5.389007684525165678e+04 9.122627201642340422e-01
5.389007684525886725e+04 -9.201954407708753947e-02
5.389007684526003868e+04 -3.284600017209830525e-01
5.389007684526258527e+04 1.319327443757390035e-02
5.389007684526775120e+04 1.339535918835213169e+00
5.389007684527413949e+04 -1.764170627088778309e-01
5.389007684527609672e+04 -6.895253958430943575e-01
5.389007684528630489e+04 4.993742882857603038e-01
5.389007684529908147e+04 3.644696949453689161e+00
5.391798969058250077e+04 8.235741356279154601e+00
5.391798969058345392e+04 -9.086574763479474681e-01
5.391798969059205410e+04 3.019726780616923900e+00
5.391798969059534284e+04 7.537240840227740435e+00
5.391798969060070522e+04 5.165114458970672118e+00
5.391798969060354284e+04 7.702489184543473755e+00
5.391798969060939271e+04 3.773390423901888724e+00
5.391798969061177922e+04 4.376414310092613391e+00
5.391798969061820389e+04 7.058927975296758639e+00
5.391798969062011747e+04 4.651980300397414503e+00
5.391798969062700780e+04 3.259739756646668152e+00
5.391798969062849210e+04 1.629405927467470150e+00
5.391800219485792331e+04 2.113167958993160678e+00
5.391800219485891284e+04 -3.464299392306156022e+00
5.391800219486757851e+04 6.300968701473503408e+00
5.391800219487081631e+04 6.405828572389838271e+00
5.391800219487620052e+04 5.820202420303200341e+00
5.391800219487900176e+04 4.968582905484123735e+00
5.391800219488485163e+04 1.784220796407577803e+00
5.391800219488725998e+04 4.335687600519922746e+00
5.391800219489362644e+04 1.389255215789208409e+00
5.391800219489552546e+04 -2.159891149923055753e+00
5.391800219490248855e+04 2.165430029129690404e+00
5.391800219490407471e+04 9.504544933519039063e+00
5.391898778032884729e+04 -2.279098081544880028e+00
5.391898778033617418e+04 4.802141254899275680e+00
5.391898778033723647e+04 -1.461929695812396623e+00
5.391898778033983399e+04 8.066194777559908546e-01
5.391898778034493444e+04 -1.473473664854253018e+00
5.391898778035136638e+04 -1.279541871733491654e+00
5.391898778035332361e+04 2.098394705730289786e-02
5.391898778036352451e+04 -9.511800856540206794e-01
5.391898778037625743e+04 -2.103166615990503363e+00
5.391900132511400443e+04 -3.906840758836814143e+00
5.391900132512130949e+04 1.671771520042775849e+00
5.391900132512237906e+04 -4.146543829657464819e+00
5.391900132512494747e+04 -4.316320233418458940e+00
5.391900132513012068e+04 -3.861195875873155714e-01
5.391900132513650169e+04 -4.135447501473309195e+00
5.391900132513849530e+04 -6.999244373134850816e-01
5.391900132514868892e+04 -1.712548316778523372e+00
5.391900132516144367e+04 -1.532433130900251461e+00
5.397982125313759752e+04 7.946229631730963305e+00
5.397982125313871802e+04 1.264255899713727871e+01
5.397982125314720179e+04 6.654613587676897701e+00
5.397982125315042504e+04 5.054779596133417208e+00
5.397982125315581652e+04 5.908671749171346299e+00
5.397982125315861049e+04 3.885860189482061244e+00
5.397982125316446763e+04 1.671923200506663321e+00
5.397982125316688325e+04 4.196454076908552544e+00
5.397982125317322061e+04 -3.810180322977192446e-01
5.397982125317522878e+04 4.815765203550364859e+00
5.397982125318205362e+04 -1.881320800824983319e+00
5.397982125318366889e+04 7.170709062704419878e+00
5.397983271555409010e+04 6.271820394988624869e+00
5.397983271555519605e+04 1.055759422605060571e+01
5.397983271556370164e+04 6.328360878708614301e+00
5.397983271556688851e+04 1.392999903763161962e+00
5.397983271557230182e+04 4.253786540607583433e+00
5.397983271557512489e+04 4.699051458380528956e+00
5.397983271558099659e+04 3.481614669535828099e+00
5.397983271558342676e+04 7.614854878333118471e+00
5.397983271558979322e+04 5.043967347724133354e+00
5.397983271559177956e+04 8.632893490502102196e+00
5.397983271559850982e+04 -6.296557533023529274e+00
5.397983271560014691e+04 4.856466087689864430e+00
5.398181634503806708e+04 -2.908205656237973447e+00
5.398181634504537215e+04 6.508576762463544885e-01
5.398181634504644899e+04 -1.097788342618552931e-01
5.398181634504903923e+04 -7.174685155596919328e-01
5.398181634505411785e+04 -3.257950901758265960e+00
5.398181634506059345e+04 -1.630104922694656899e+00
5.398181634506253613e+04 -5.660426545268801291e-02
5.398181634507277340e+04 -4.469126594639628025e-01
5.398181634508552816e+04 1.873713429117341775e-02
5.398182780596728117e+04 -4.028271950053493811e+00
5.398182780597455712e+04 -3.305340573329343723e+00
5.398182780597559031e+04 -7.868040534234344463e+00
5.398182780597826786e+04 -9.862854590927808696e-01
5.398182780598339014e+04 4.530176340944568891e-01
5.398182780598980025e+04 -3.916482254318371936e+00
5.398182780599174293e+04 -1.953895606945791119e+00
5.398182780600198748e+04 -2.020146453886920046e+00
5.398182780601478589e+04 1.804643378516700203e+00
5.400973915822646813e+04 8.029663000908602299e+00
5.400973915822752315e+04 7.986551742919469454e+00
5.400973915823607967e+04 7.851906538005724911e+00
5.400973915823930292e+04 6.234717854731248288e+00
5.400973915824467986e+04 5.466876048102108143e+00
5.400973915824752476e+04 8.164247946476116624e+00
5.400973915825341101e+04 8.444488340361548495e+00
5.400973915825577569e+04 6.359807649028391907e+00
5.400973915826215671e+04 5.944078419381983558e+00
5.400973915826407756e+04 3.262460035808317560e+00
5.400973915827096789e+04 2.296166985085030365e+00
5.400973915827244491e+04 -6.191629686058436333e-01
5.400975062063794758e+04 6.743478906480032009e+00
5.400975062063896621e+04 3.683526521835184475e+00
5.400975062064749363e+04 1.093218264757262359e+00
5.400975062065080419e+04 6.673345635945393539e+00
5.400975062065613747e+04 2.832974458265228090e+00
5.400975062065893871e+04 1.349036406463148818e+00
5.400975062066489772e+04 7.664741008612836026e+00
5.400975062066728424e+04 7.951291416896439479e+00
5.400975062067360705e+04 1.853889209184937936e+00
5.400975062067558611e+04 4.805176775619555585e+00
5.400975062068250554e+04 6.250204506712592867e+00
5.400975062068401166e+04 6.121662712724226019e+00
5.401372911307892355e+04 -7.702353157620102309e+00
5.401372911308109906e+04 -4.445757309263559165e+00
5.401372911308432958e+04 -3.462537258291831233e-01
5.401372911309446499e+04 -1.309456332939959111e+00
5.401372911309605843e+04 -3.402228993626993603e+00
5.401372911309983465e+04 -2.867917979075633728e+00
5.401372911310838390e+04 6.376178370387916017e-01
5.401372911310967174e+04 -5.244236689213153113e+00
5.401372911311360076e+04 -6.849872794969589229e+00
5.401372911311585631e+04 -6.799229118701534347e+00
5.401372911312181532e+04 -6.912525298093659565e+00
5.401372911312281212e+04 -1.788156579398230805e+00
5.401374057870829711e+04 -2.877215135351269826e+00
5.401374057871040714e+04 -5.520250320384796794e+00
5.401374057871362311e+04 -2.111258585410293431e+00
5.401374057872382400e+04 2.393308323388212422e+00
5.401374057872541744e+04 5.702651049087132940e-01
5.401374057872918638e+04 -2.626223617387276055e-01
5.401374057873767742e+04 -1.615530769402773847e+00
5.401374057873902348e+04 -2.186703286891380937e+00
5.401374057874298160e+04 -1.091403584364434298e+00
5.401374057874520804e+04 -3.289733402691948694e+00
5.401374057875118888e+04 -2.143927759545474654e+00
5.401374057875210565e+04 -3.810830403462677207e+00
5.403566772418549954e+04 -3.559084071892977263e+00
5.403566772418770415e+04 9.643698377441342062e-01
5.403566772419078188e+04 -7.376091840225796226e+00
5.403566772420096822e+04 -4.572491322899799648e+00
5.403566772420259804e+04 -2.033696198348482920e+00
5.403566772420637426e+04 -1.904396858292058070e+00
5.403566772421490896e+04 -2.212930587040376207e-01
5.403566772421623318e+04 -3.967151756093690640e+00
5.403566772422020586e+04 6.166561930331407870e-01
5.403566772422232316e+04 -1.158601637142115948e+01
5.403566772422835493e+04 -7.066858092322540585e+00
5.403566772422935901e+04 -1.853784883501491121e-01
5.403568023209184321e+04 6.129717644349975680e-01
5.403568023209401144e+04 1.621566876221349096e+00
5.403568023209710373e+04 -5.037581565591464638e+00
5.403568023210735555e+04 3.408222058068946847e+00
5.403568023210892716e+04 7.028442751000497646e-01
5.403568023211269610e+04 -4.793149707886754651e-01
5.403568023212124535e+04 3.125313035990759492e+00
5.403568023212260596e+04 2.313852071161275337e+00
5.403568023212652042e+04 1.534319951356377443e+00
5.403568023212869593e+04 -5.528023776090444485e+00
5.403568023213472043e+04 -1.473680268386393655e+00
5.403568023213568085e+04 1.279422916797738008e+00
5.403662949390657741e+04 7.595468585951961948e+00
5.403662949390754511e+04 -5.974102363358941431e-02
5.403662949391615984e+04 5.680349086416516258e+00
5.403662949391934671e+04 1.003027240415100163e+00
5.403662949392483279e+04 9.383449473417234898e+00
5.403662949392760493e+04 5.615027955101704826e+00
5.403662949393346207e+04 3.037641023527364759e+00
5.403662949393579765e+04 -6.603717529558188470e-01
5.403662949394226598e+04 5.845752383343612024e+00
5.403662949394420139e+04 4.943609710913674071e+00
5.403662949395112810e+04 6.555874344768253259e+00
5.403662949395263422e+04 6.710663388280593722e+00
5.403664199815066240e+04 2.665066094256808071e+00
5.403664199815173197e+04 3.581516057177686285e+00
5.403664199816034670e+04 8.580683071400907025e+00
5.403664199816349719e+04 1.201530135379292652e+00
5.403664199816893233e+04 5.328925187673184460e+00
5.403664199817168992e+04 1.751068655861519607e-01
5.403664199817764165e+04 5.930959098914803995e+00
5.403664199818006455e+04 9.526487944414498088e+00
5.403664199818639463e+04 4.078233848162925668e+00
5.403664199818825728e+04 -2.931494861548216146e+00
5.403664199819525675e+04 5.126625953896419396e+00
5.403664199819676287e+04 5.073744073339369720e+00
5.410049060616215866e+04 -3.721448576157615040e+00
5.410049060616441420e+04 3.558193086396584381e-01
5.410049060616752104e+04 -2.598257404770163426e+00
5.410049060617772921e+04 2.499549782210897311e-02
5.410049060617930081e+04 1.934381751029627061e+00
5.410049060618304065e+04 -2.862236383659576777e+00
5.410049060619158990e+04 -2.100153648810625384e+00
5.410049060619297234e+04 -3.147702123719966050e+00
5.410049060619687953e+04 2.708809043378249903e+00
5.410049060619914235e+04 1.198021148544007541e+00
5.410049060620513774e+04 -2.006140460209572485e+00
5.410049060620603996e+04 -1.494702171776540300e+00
5.410050207174433308e+04 -2.052617633111062823e+00
5.410050207174661045e+04 3.574744457220265126e+00
5.410050207174972456e+04 1.605029989955768732e+00
5.410050207175990363e+04 1.445075859620069680e+00
5.410050207176142430e+04 -8.644410610506507719e-01
5.410050207176522235e+04 -7.620001724550522493e-01
5.410050207177375705e+04 -1.131940907455661893e+00
5.410050207177515404e+04 -8.185406561773960199e-01
5.410050207177899574e+04 -7.177525953641802348e-01
5.410050207178125129e+04 -2.340803652229957788e+00
5.410050207178721757e+04 -8.695203363336906577e+00
5.410050207178821438e+04 6.209862574976617866e-01
5.410148797768233635e+04 5.072994244150207388e-01
5.410148797768342774e+04 4.168424872608528453e+00
5.410148797769194789e+04 1.085177946308825581e+00
5.410148797769522935e+04 5.800204926200570377e+00
5.410148797770056262e+04 8.494166666984727387e-02
5.410148797770336387e+04 4.083182522749216614e-02
5.410148797770932288e+04 5.180515026499286968e+00
5.410148797771168029e+04 4.118116926982235526e+00
5.410148797771808313e+04 3.849205290179681160e+00
5.410148797771993850e+04 -3.199278787794028300e+00
5.410148797772692342e+04 2.637303752659237777e+00
5.410148797772842954e+04 3.752773119251253675e+00
5.410149944009653700e+04 4.912713883363040601e+00
5.410149944009754836e+04 2.366532684601511338e+00
5.410149944010606123e+04 -1.559036600295311104e+00
5.410149944010934996e+04 3.611507994725692949e+00
5.410149944011469779e+04 -3.502685487789646279e-01
5.410149944011752086e+04 8.561924306244719229e-01
5.410149944012342894e+04 1.804545413157077283e+00
5.410149944012580818e+04 2.792988077890512066e+00
5.410149944013221830e+04 2.718447266600629852e+00
5.410149944013416098e+04 3.892480109252826725e+00
5.410149944014106586e+04 2.881199152297189148e+00
5.410149944014255743e+04 2.367229971322204474e+00
5.437374421656419872e+04 -6.919945807017978900e+00
5.437374421656638151e+04 -2.909040679000689522e+00
5.437374421656959021e+04 -9.425543908131968074e-01
5.437374421657974017e+04 -4.915045757408270100e-01
5.437374421658130450e+04 -4.749154509648247924e+00
5.437374421658508072e+04 -4.791396311361358684e+00
5.437374421659365180e+04 6.903189396425106761e-01
5.437374421660115331e+04 -3.894565069773460841e+00
5.437374421660717780e+04 1.798023459152630954e+00
5.437374421660808002e+04 -1.391684515283972301e+00
5.437375464009844291e+04 7.453707442746753564e+00
5.437375464010064752e+04 1.320620237031185695e+01
5.437375464010363794e+04 -3.228380780152022567e+00
5.437375464011381700e+04 -9.189929864339902998e-01
5.437375464011552685e+04 7.473205645493888660e+00
5.437375464011926670e+04 4.656752670135886341e+00
5.437375464012769226e+04 -2.307437191590732350e+00
5.437375464013531018e+04 2.854102935892530724e+00
5.437375464014118916e+04 -4.339149917842270554e+00
5.437375464014209138e+04 -7.126067205065428567e+00
5.437475007379047747e+04 -9.630544491884165392e-01
5.437475007379157614e+04 2.770606035265378964e+00
5.437475007380014722e+04 4.233436099114896933e+00
5.437475007380337047e+04 2.438060528809701477e+00
5.437475007380876923e+04 3.722445451491221746e+00
5.437475007381157047e+04 2.482574968723817666e+00
5.437475007381744217e+04 1.004439030929743737e+00
5.437475007381985779e+04 3.942512583953891703e+00
5.437475007382617332e+04 -2.956898480568829868e+00
5.437475007382813055e+04 -1.925921325775887816e+00
5.437475007383504999e+04 -7.548670164127470050e-01
5.437475007383662160e+04 5.410154787024448630e+00
5.442859270312231820e+04 -3.203218198919107973e+00
5.442859270312309673e+04 -1.841748659656309517e+00
5.442859270312528679e+04 -6.641793042042586082e-02
5.442859270312846638e+04 9.752122159590211892e-01
5.442859270313135494e+04 -1.892172819741744005e+00
5.442859270313858724e+04 -2.347445093298436980e+00
5.442859270314022433e+04 2.211454225258044026e+00
5.442859270314085734e+04 -3.196921097237077181e+00
5.442859270314233436e+04 1.525543608208571156e+00
5.442859270314393507e+04 -4.045777290757254008e+00
5.442859270315251342e+04 7.831398540595395641e-01
5.442859270315387403e+04 -1.433663831340436547e-02
5.442859270315774484e+04 -2.941150302123396454e+00
5.442859270316002949e+04 -1.311543889050762246e+00
5.442859270316603943e+04 5.623711306329908233e-01
5.442859270316694165e+04 -1.113488634917498832e+00
5.442959801355895615e+04 -1.259461564880960172e+00
5.442959801356006938e+04 4.491806654675145616e+00
5.442959801356856042e+04 -9.291843923810041428e-01
5.442959801357185643e+04 3.519526407339024665e+00
5.442959801357718970e+04 -9.063891425463858065e-01
5.442959801358006371e+04 4.630958397859317621e+00
5.442959801358596451e+04 5.484777378966517070e+00
5.442959801358824188e+04 -3.317602318736718736e+00
5.442959801359474659e+04 5.935332206560614665e+00
5.442959801359666744e+04 4.247536786215095894e+00
5.442959801360357960e+04 4.218379871113187463e+00
5.442959801360506390e+04 3.084316191840926979e+00
5.446249879114147916e+04 2.110462293419552993e-01
5.446249879114225769e+04 -1.987991056329633799e-01
5.446249879114444047e+04 -1.198695350514221269e+00
5.446249879114762734e+04 1.736167240292111558e+00
5.446249879115054500e+04 -1.215443144529989139e+00
5.446249879115779186e+04 1.756250819546178343e+00
5.446249879115936346e+04 2.614584947392074366e+00
5.446249879116004740e+04 2.535559119037024356e+00
5.446249879116145894e+04 -3.419837635973185463e+00
5.446249879116313241e+04 3.587849293669409523e-01
5.446249879117163073e+04 -2.561030041835401949e+00
5.446249879117302044e+04 -2.432789544558149331e+00
5.446249879117690580e+04 8.471250994930426548e-02
5.446249879117918317e+04 4.490103876446401854e-01
5.446249879118520766e+04 3.588882311033527728e-01
5.446249879118614626e+04 3.683060632533735834e+00
5.446548455169092631e+04 -1.905906614406390531e+00
5.446548455169241788e+04 -1.602771973144579976e+00
5.446548455169981753e+04 -4.963031114498291707e+00
5.446548455170093075e+04 1.091259836176415865e+00
5.446548455170948000e+04 5.743035132589482394e-01
5.446548455171272508e+04 1.293197513905683271e+00
5.446548455171811656e+04 8.269451266104076437e-01
5.446548455172093963e+04 2.528195598144487466e+00
5.446548455172678223e+04 -1.934430806373136580e+00
5.446548455172918329e+04 1.623318842091281411e-01
5.446548455173557886e+04 -2.500056051571508675e-01
5.446548455173762341e+04 9.264368398157337481e+00
5.446549601407873706e+04 -5.951969658556734988e-01
5.446549601408028684e+04 4.263367777372853773e+00
5.446549601408767194e+04 1.810544322199614947e-02
5.446549601408869057e+04 -2.243599990737020100e+00
5.446549601409721072e+04 -5.496214418510489530e+00
5.446549601410049218e+04 -1.050998660817276553e+00
5.446549601410592732e+04 2.300466920224382594e+00
5.446549601410872856e+04 1.640575428024929394e+00
5.446549601411461481e+04 1.034340579413443040e+00
5.446549601411702315e+04 4.083360197436036287e+00
5.446549601412335323e+04 -2.139570837931182190e+00
5.446549601412532502e+04 8.693031427783222131e-01
5.452631362405895197e+04 9.259357159176294372e-02
5.452631362405981054e+04 6.140686418208738395e+00
5.452631362406199332e+04 2.099152325133450070e+00
5.452631362406515109e+04 4.436750101492172860e+00
5.452631362406801054e+04 -6.896448966587194640e+00
5.452631362407530833e+04 2.053919077301123775e+00
5.452631362407681445e+04 5.266545552867821778e-01
5.452631362407742563e+04 -4.669306571889254798e+00
5.452631362407896813e+04 -5.087863686644123362e+00
5.452631362408063433e+04 1.346534611771433410e+00
5.452631362408922723e+04 5.291391192280170408e+00
5.452631362409051508e+04 -4.677506147217123988e+00
5.452631362409434951e+04 -2.146428522793799587e+00
5.452631362409672874e+04 5.540989708651735235e+00
5.452631362410269503e+04 -2.082166234266191296e+00
5.452631362410365546e+04 4.766076037180340563e+00
5.452632107102488953e+04 8.507336236129193763e-01
5.452632107102571172e+04 3.450072174610887998e+00
5.452632107102795271e+04 4.887257582472133599e+00
5.452632107103104499e+04 1.415785513320042988e+00
5.452632107103398448e+04 -3.063394994551648765e+00
5.452632107104126044e+04 4.357044203370667113e+00
5.452632107104275201e+04 7.168976156104108766e-01
5.452632107104342140e+04 4.788430682831216201e-01
5.452632107104486931e+04 -7.539127806970519430e+00
5.452632107104655734e+04 3.284228273471319626e-01
5.452632107105513569e+04 3.471408287419418315e+00
5.452632107105644536e+04 -4.715176847096146595e+00
5.452632107106028707e+04 -1.689959670774958234e+00
5.452632107106262265e+04 2.312935268642447362e+00
5.452632107106863987e+04 -7.736302263916682298e-01
5.452632107106953481e+04 3.659084449484005797e-01
5.452931176322746614e+04 4.394043582316908836e-01
5.452931176322847023e+04 -2.878216991491083121e+00
5.452931176323709224e+04 2.714659536666855111e+00
5.452931176324032276e+04 3.054397426538113525e+00
5.452931176324567059e+04 -1.210203853610796632e+00
5.452931176324845728e+04 -2.397377538156045595e+00
5.452931176325435808e+04 -2.786127797716829946e+00
5.452931176325673005e+04 -2.311417580742368916e+00
5.452931176326315472e+04 -1.281611178907120951e+00
5.452931176326514105e+04 3.809042436478037974e+00
5.452931176327203138e+04 1.260097915891452480e+00
5.452931176327350113e+04 -7.686534940252978121e-01
5.455124541826510540e+04 -5.369062893863355335e+00
5.455124541826658242e+04 -6.766903252879903796e+00
5.455124541827414214e+04 3.852820851551745474e+00
5.455124541827515350e+04 8.138387188272336870e-01
5.455124541828363726e+04 -4.990440508707314926e+00
5.455124541828679503e+04 -1.108801058288010033e+01
5.455124541829232476e+04 -8.649706508951525083e-03
5.455124541829508962e+04 -3.281489753520941743e+00
5.455124541830105591e+04 2.289443764169186046e+00
5.455124541830342787e+04 2.716639486635360701e+00
5.455124541830989619e+04 8.116186815134978971e+00
5.455124541831161332e+04 -1.094645277007941964e+01
5.455224498462327028e+04 -2.536749829618184293e+00
5.455224498462561314e+04 2.709932450184137753e+00
5.455224498463164491e+04 1.692952680612271221e+00
5.455224498463251075e+04 -1.804673516644709763e-01
5.455224498464215139e+04 3.292707624364773489e-01
5.455224498464434873e+04 -1.140768901856624495e+00
5.455224498464757198e+04 6.327146052492828687e+00
5.455224498465767829e+04 -2.477081735926209283e-01
5.455224498465921351e+04 -5.159827830624538203e-01
5.455224498466303339e+04 1.005229978907243416e+00
5.455224498467154626e+04 -1.297098862964703336e+00
5.457617574977298500e+04 -5.317578190652246795e-01
5.457617574977375625e+04 -1.704322916404863664e+00
5.457617574977600452e+04 2.352207145476352679e+00
5.457617574977913318e+04 1.273414199368231525e+00
5.457617574978930497e+04 8.957559637488142767e-01
5.457617574979086203e+04 1.410344955226502162e+00
5.457617574979297933e+04 -3.578586579544476454e+00
5.457617574979465280e+04 5.645189459312845992e-01
5.457617574980316567e+04 -1.298523566090152848e+00
5.457617574980454083e+04 -2.746981775962512362e+00
5.457617574980844802e+04 2.229312513053590017e+00
5.457617574981068901e+04 -6.996274449800523598e-01
5.457617574981669168e+04 -2.583317391567614418e+00
5.457617574981759390e+04 -2.287629083794200380e+00
5.458116934281233989e+04 4.856547869239181914e+00
5.458116934281376598e+04 -1.335728376095024705e+00
5.458116934282122384e+04 6.949082905476314798e-01
5.458116934282231523e+04 4.913144308078131850e+00
5.458116934283084993e+04 3.166049386702476820e+00
5.458116934283409500e+04 4.217153163213935407e+00
5.458116934283948649e+04 3.856092073244714591e+00
5.458116934284229501e+04 4.176521146890284975e+00
5.458116934284815943e+04 1.069863464064812586e+00
5.458116934285050957e+04 -7.078561179191865671e-01
5.458116934285691241e+04 -5.985973147031323771e-01
5.458116934285889147e+04 3.037610894425174290e+00
5.458117976357708540e+04 2.154630693930863039e+00
5.458117976357862790e+04 6.372048906048084049e+00
5.458117976358602755e+04 3.188181783729629792e+00
5.458117976358705346e+04 1.865691432936121164e+00
5.458117976359558088e+04 -5.299920490058175337e-01
5.458117976359884051e+04 1.508086646897819572e+00
5.458117976360425382e+04 3.396778119226779413e+00
5.458117976360701141e+04 -1.026632363782103541e+00
5.458117976361290494e+04 -1.325764062769896778e+00
5.458117976361534238e+04 4.482406196896293160e+00
5.458117976362167974e+04 -1.248137112092243761e+00
5.458117976362365152e+04 1.963892646116639717e+00
5.464101382002864557e+04 -1.311090926021814340e+01
5.464101382003090112e+04 -4.545787824991071702e+00
5.464101382003408798e+04 -3.045239714497421701e+00
5.464101382004423067e+04 -3.953313628481565534e+00
5.464101382004583866e+04 -3.289294371024424901e+00
5.464101382004963671e+04 -1.826378222260120365e+00
5.464101382005809137e+04 -6.803585010059283178e+00
5.464101382006573840e+04 1.884211541403412848e+00
5.464101382007166103e+04 -3.248425621553976406e+00
5.464101382007262873e+04 7.136091770294782366e-01
5.464200080255753710e+04 -3.299017815276798771e-02
5.464200080255862849e+04 3.039939487797380657e+00
5.464200080256714864e+04 6.790945164121979793e-01
5.464200080257044465e+04 5.017685665436538933e+00
5.464200080257577793e+04 4.474446767333339348e-01
5.464200080257857189e+04 -1.092358093599754554e+00
5.464200080258445087e+04 -2.137280982904258497e+00
5.464200080258688104e+04 2.421579597836871489e+00
5.464200080259326205e+04 1.161126243973765071e+00
5.464200080259519018e+04 -4.325742073355350326e-01
5.464200080260209506e+04 -5.820302987376271275e-01
5.464200080260360846e+04 6.905093582864123558e-01
5.467291626559761789e+04 1.682567583996841254e+00
5.467291626559868746e+04 2.523938705937217808e+00
5.467291626560721488e+04 -5.018561302792141909e-02
5.467291626561583689e+04 -3.064556998891982409e-01
5.467291626561866724e+04 8.236523838212479465e-01
5.467291626562457532e+04 2.763164006289304808e+00
5.467291626562695456e+04 2.491682738740281344e+00
5.467291626563329919e+04 -1.296202549239876101e+00
5.467291626563532191e+04 5.037291474214667275e+00
5.467291626564223407e+04 5.678119491852979372e+00
5.467291626564375474e+04 6.982648253268450844e+00
5.467391350117859110e+04 -4.654682339750514375e-01
5.467391350118070841e+04 -2.110677513624013457e+00
5.467391350118391711e+04 -4.850799187434180065e-02
5.467391350119408162e+04 1.548945755875749786e+00
5.467391350119569688e+04 1.319783766346434017e+00
5.467391350119950948e+04 4.678708593846469199e+00
5.467391350120793504e+04 -2.508940141432817406e+00
5.467391350121550204e+04 -9.161005379094575574e-01
5.467391350122144650e+04 -2.888014471701723540e+00
5.467391350122236327e+04 -4.354003847141116879e+00
5.470782066552493052e+04 -2.392613777774575290e+00
5.470782066552708420e+04 8.434766766826687912e-01
5.470782066553024197e+04 -2.664168217390167737e+00
5.470782066554045014e+04 3.489266575320594921e+00
5.470782066554208723e+04 3.878115832402734942e+00
5.470782066554582707e+04 1.977880390946218814e+00
5.470782066555433266e+04 2.150269467837074622e+00
5.470782066556172504e+04 -1.253638374070037287e+01
5.470782066556781501e+04 3.152072417791509928e-02
5.470782066556873906e+04 -2.093103305740164455e+00
5.471081246924377774e+04 5.455233082882571694e+00
5.471081246924477455e+04 1.946696319615654480e-01
5.471081246925332380e+04 -5.619079813445051474e-01
5.471081246926196764e+04 1.040267516628160305e+00
5.471081246926477615e+04 1.110597890460744835e-01
5.471081246927067696e+04 2.167741406074660926e+00
5.471081246927304164e+04 -1.753055370291135839e-01
5.471081246927945176e+04 1.602263396668820228e+00
5.471081246928140899e+04 2.105032947828288314e+00
5.471081246928821201e+04 -5.943110643448800801e+00
5.471081246928976907e+04 -1.858426553965419892e+00
5.476566228595044959e+04 -2.238913706742507781e+00
5.476566228595261782e+04 -1.786251373782275775e-01
5.476566228595588473e+04 7.471333302532127796e+00
5.476566228596591827e+04 -2.186686070502828372e+00
5.476566228596750443e+04 -5.018918386480370586e+00
5.476566228597128065e+04 -4.414177108745185762e+00
5.476566228597985901e+04 1.276848982187569037e+00
5.476566228598738235e+04 -1.230038819165887531e+00
5.476566228599335591e+04 -2.888480901411838997e-01
5.476566228599428723e+04 -5.551987047899069605e-01
5.476865412432143057e+04 1.022486705267163565e+00
5.476865412432247103e+04 -8.886771990949751121e-01
5.476865412433110032e+04 5.746234074494358524e+00
5.476865412433967140e+04 9.465900586695683572e-01
5.476865412434249447e+04 2.026859358832401092e+00
5.476865412434840255e+04 3.926083304159677212e+00
5.476865412435084727e+04 8.721496253030153412e+00
5.476865412435719190e+04 4.664070909163775980e+00
5.476865412435904727e+04 -3.174783364281505982e+00
5.476865412436598854e+04 2.961067411797400559e-02
5.476865412436752376e+04 2.831321631224536617e+00
5.485043060764196707e+04 -8.990342302599492186e-01
5.485043060764425172e+04 5.461468893418942372e+00
5.485043060764736583e+04 2.888054773734012315e+00
5.485043060765747214e+04 -3.023408614419580420e+00
5.485043060766283452e+04 -1.654445394828673033e+00
5.485043060767143470e+04 3.804504736912307283e+00
5.485043060767889256e+04 -6.267437657589576272e-01
5.485043060768580472e+04 -2.555309708523746615e+00
5.485541685581373167e+04 -1.598093265548006903e+00
5.485541685581476486e+04 -2.453999802704301736e+00
5.485541685582337232e+04 2.056192747799019838e+00
5.485541685583199433e+04 1.327192393841868823e+00
5.485541685584065272e+04 -2.189129846269431301e+00
5.485541685584299557e+04 -4.896883569941577363e+00
5.485541685584945662e+04 -1.190921754661355136e-01
5.485541685585142113e+04 3.058817880353131180e+00
5.485541685585829691e+04 -8.160775996093115880e-01
5.485541685585983942e+04 3.345523241325014219e+00
5.488234362671542476e+04 -2.029496381717737830e+00
5.488234362671645067e+04 -3.789338307126172367e+00
5.488234362672502903e+04 -1.305613767945956072e+00
5.488234362673368742e+04 1.158298359035403902e+00
5.488234362674235308e+04 -1.797971364951172824e+00
5.488234362674478325e+04 3.397094481147678202e+00
5.488234362675112789e+04 -2.271874537167643648e+00
5.488234362675307057e+04 -1.395389433259371703e+00
5.488234362676002638e+04 1.495371924996051760e+00
5.488234362676152523e+04 2.234534587280964324e+00
5.488533541092225641e+04 -2.531580438849468262e+00
5.488533541092451924e+04 1.131641174736222499e+00
5.488533541092764790e+04 6.908419048050680189e-01
5.488533541093779786e+04 -2.206827757076889718e+00
5.488533541094314569e+04 -1.264190803703332699e+00
5.488533541095172404e+04 1.584438510929460309e+00
5.488533541095922556e+04 9.930339177659117667e-01
5.488533541096618137e+04 3.467218111165766725e+00
5.491325877898372710e+04 -6.589373215064028289e-01
5.491325877898594626e+04 -1.519044215646434548e-01
5.491325877898906037e+04 -2.444770394242778089e+00
5.491325877899930492e+04 3.523975959007788816e+00
5.491325877900456544e+04 -3.504030703813504122e+00
5.491325877901319473e+04 3.885086547767100829e+00
5.491325877902063075e+04 -2.393526276616011916e+00
5.491325877902760112e+04 1.339604787132567365e+00
5.491625009657044575e+04 4.892978948847813037e+00
5.491625009657141345e+04 -2.176961762611980600e+00
5.491625009657997725e+04 -8.416426272728700919e-01
5.491625009658862837e+04 7.122005708821483871e-01
5.491625009659728676e+04 -2.869145808145397769e+00
5.491625009659966599e+04 -1.971492456737162113e+00
5.491625009660609794e+04 1.476320162746514765e-02
5.491625009660804790e+04 1.409984431377767189e+00
5.491625009661492368e+04 -1.951916777684054471e+00
5.491625009661642252e+04 -1.520799893418813609e+00
5.494217912431985314e+04 -6.963099968419469432e-01
5.494217912432089361e+04 -1.207827913845390455e+00
5.494217912432950106e+04 3.328719492299427873e+00
5.494217912433813763e+04 4.275561687211941297e+00
5.494217912434681784e+04 2.674320208978207436e+00
5.494217912434918253e+04 1.639333655338198303e+00
5.494217912435560720e+04 3.729416167309715480e+00
5.494217912435754988e+04 4.456839017688647431e+00
5.494217912436446204e+04 3.887080442534375013e+00
5.494217912436596089e+04 4.414564934174615374e+00
5.494417366323420720e+04 -3.887047717095534427e+00
5.494417366323644819e+04 -9.073177382789392453e-01
5.494417366323959868e+04 -5.601937742043594515e-01
5.494417366324979230e+04 1.393377645197176218e+00
5.494417366325511830e+04 -4.351986731252641682e-01
5.494417366326368210e+04 1.926580318373027012e+00
5.494417366327115451e+04 -1.928903043737506540e+00
5.494417366327808122e+04 -1.807248032136282268e+00
5.494816471495269070e+04 -5.509095306435616290e-01
5.494816471495488804e+04 -5.518693759445491009e-01
5.494816471495806036e+04 1.386211087234323625e+00
5.494816471496820304e+04 -1.121434260344194023e+00
5.494816471497353632e+04 -2.464352529684082693e+00
5.494816471498213650e+04 3.489249358653981226e+00
5.494816471498957253e+04 -3.570016840119346835e+00
5.494816471499651379e+04 -2.226517498512043947e+00
5.497309463549361681e+04 -4.549508259828348167e-01
5.497309463549581415e+04 1.157877663704220739e+00
5.497309463549897191e+04 1.217478461385333333e+00
5.497309463550912915e+04 7.073228360256027525e-01
5.497309463551447698e+04 -6.979875300100740754e-01
5.497309463552302623e+04 9.282400557397606500e-01
5.497309463553049136e+04 -3.915040335587367082e+00
5.497309463553747628e+04 1.322564304888296016e+00
5.497808082577340974e+04 -9.442642939562129190e-01
5.497808082577444293e+04 -2.410062130913216194e+00
5.497808082578304311e+04 1.480517996194604224e+00
5.497808082579163602e+04 -1.304623793014976219e+00
5.497808082580036717e+04 1.425191307858189260e+00
5.497808082580278278e+04 4.429950436598894647e+00
5.497808082580912014e+04 -4.865020180413031636e-01
5.497808082581108465e+04 1.551585286619573179e+00
5.497808082581796043e+04 -1.371580535177826299e+00
5.497808082581943017e+04 -4.226657599950661037e+00
5.500401000583584391e+04 -8.205722572491390698e-01
5.500401000583800487e+04 1.155674473654130785e-01
5.500401000584116264e+04 -1.399326691963115765e+00
5.500401000585138536e+04 4.870669046102700683e+00
5.500401000585670408e+04 -6.354490892060130625e-01
5.500401000586523151e+04 6.243995192325634269e-01
5.500401000587277667e+04 8.116812631431984393e-01
5.500401000587971066e+04 2.931239203954338901e+00
5.500500715673144441e+04 -2.300921694276571117e+00
5.500500715673249942e+04 -2.293966044023538764e+00
5.500500715674107050e+04 -7.692259579408923242e-01
5.500500715674970706e+04 -1.192643450330031357e-01
5.500500715675840183e+04 -4.508392456624709665e-01
5.500500715676071559e+04 -6.413744746754674431e+00
5.500500715676716936e+04 -8.382745602670957918e-01
5.500500715676915570e+04 2.287922216034906420e+00
5.500500715677600238e+04 -2.875419236601979289e+00
5.500500715677750850e+04 -2.577062300593660815e+00
5.502993889470805152e+04 1.946513829637180892e-01
5.502993889471019793e+04 1.304966423689141397e+00
5.502993889471336297e+04 -5.968594342957976862e-01
5.502993889472354931e+04 3.169011823693562491e+00
5.502993889472886076e+04 -3.491606518029157336e+00
5.502993889473743911e+04 2.531194621169374770e+00
5.502993889474494063e+04 -2.288160657671211684e+00
5.502993889475187461e+04 8.332304357940926165e-01
5.503093613828356320e+04 -3.782623694452432961e+00
5.503093613828469097e+04 2.015855571966362447e+00
5.503093613829324750e+04 1.716577528805520725e+00
5.503093613830180402e+04 -3.997979837359740163e+00
5.503093613831057155e+04 1.945823451023926953e+00
5.503093613831296534e+04 2.710366058716410897e+00
5.503093613831931725e+04 -8.856211894726429001e-01
5.503093613832127448e+04 -1.673556075822300870e-01
5.503093613832814299e+04 -3.260980055143464451e+00
5.503093613832967094e+04 -1.322176479754197720e+00
5.506584058450837620e+04 5.658755841337107739e+00
5.506584058451027522e+04 -1.350454268093938381e+01
5.506584058451373130e+04 8.995300778517144380e+00
5.506584058452376485e+04 -3.925027742039341461e-01
5.506584058452920726e+04 3.977236001109267338e+00
5.506584058453769103e+04 2.407131387863805205e+00
5.506584058454522165e+04 -3.136727887077487287e-01
5.506584058455217746e+04 4.963395267372626485e+00
5.507282140448063001e+04 -5.881346014656246152e-02
5.507282140448161954e+04 -6.253149284901726723e+00
5.507282140449017606e+04 -5.862707459333914350e+00
5.507282140449880535e+04 -6.015247538014675044e+00
5.507282140450755105e+04 -1.560500042084134842e+00
5.507282140450991574e+04 -3.651486444343692295e+00
5.507282140451636951e+04 1.817518390162519371e+00
5.507282140451826126e+04 -3.072159545826566696e+00
5.507282140452518797e+04 -6.470200037579587615e-01
5.507282140452668682e+04 -1.676529413294148174e+00
5.509475442533410387e+04 2.806769360470151575e-01
5.509475442533514433e+04 -1.721239696107342398e+00
5.509475442534376634e+04 4.017617251560472447e+00
5.509475442535236652e+04 1.747182820381524504e+00
5.509475442536105402e+04 4.759000009519084862e-01
5.509475442536338960e+04 -3.570426863062988065e+00
5.509475442536982882e+04 8.255462491091356547e-01
5.509475442537175695e+04 -1.415963695868187600e+00
5.509475442537864728e+04 -2.278541803573241431e+00
5.509475442538013885e+04 -3.376563937687814043e+00
5.510073854746019788e+04 -7.415211995313200966e+00
5.510073854746243160e+04 1.270153738542575184e+00
5.510073854746542202e+04 -1.541106015966320086e+01
5.510073854747578298e+04 3.261515300568912590e+00
5.510073854748968006e+04 3.387741414013941466e+00
5.510073854750413739e+04 3.510730739717353277e+00
5.511868934432043170e+04 2.958978012772118804e-01
5.511868934432152309e+04 3.291663222735352168e+00
5.511868934433005779e+04 1.556965585467542823e+00
5.511868934433865797e+04 -6.234693599804794761e-01
5.511868934434734547e+04 -1.983475458301403371e+00
5.511868934434973198e+04 -1.530037866517748091e+00
5.511868934435610572e+04 -3.295670069608890085e+00
5.511868934435815754e+04 6.035333669140376500e+00
5.511868934436503332e+04 3.559418095396196691e+00
5.511868934436646668e+04 -3.028291817862132529e+00
5.512267847809955128e+04 -1.045668893094927387e+00
5.512267847810174135e+04 2.869519644733530939e+00
5.512267847810487001e+04 -1.772016759824397436e+00
5.512267847811505635e+04 1.659273086688401788e+00
5.512267847812040418e+04 -1.596317723103907404e+00
5.512267847812893888e+04 7.220465616834255140e-01
5.512267847813646949e+04 -1.398861834206472032e+00
5.512267847814337438e+04 -4.939719808850300264e-01
5.521443018771646894e+04 3.307126201517286646e+00
5.521443018771750212e+04 2.022727289686713892e+00
5.521443018772600772e+04 -2.478377936748156429e+00
5.521443018773463700e+04 -2.100576585098184346e+00
5.521443018774338270e+04 1.423297442806411350e+00
5.521443018774571829e+04 -1.584385340532579844e+00
5.521443018775213568e+04 -3.431536418163041446e-01
5.521443018775403470e+04 -3.687791624581576500e+00
5.521443018776094686e+04 -4.048566482735000527e+00
5.521443018776242388e+04 -5.590988382814941815e+00
5.521642181142584013e+04 -1.340771286431154508e+00
5.521642181142809568e+04 3.457416821287489395e+00
5.521642181143118796e+04 -1.303496038502975685e+00
5.521642181144142523e+04 4.093264834501868066e+00
5.521642181144669303e+04 -2.503804108694056119e+00
5.521642181145527866e+04 1.641084448710594224e+00
5.521642181146277289e+04 4.968138466132487191e-02
5.521642181146967778e+04 -1.825936500093599646e+00
5.524334830443443207e+04 -2.389417880745726919e+00
5.524334830443667306e+04 -4.066782474049405183e-01
5.524334830443980172e+04 -5.447361758876659854e-01
5.524334830445003900e+04 4.035732223701541166e+00
5.524334830445533589e+04 5.377508836063519260e-01
5.524334830446389242e+04 1.543090915055517431e+00
5.524334830447134300e+04 -3.303763071168351662e+00
5.524334830447832064e+04 7.793930142143260520e-01
5.524534229571415926e+04 -4.956725405672366414e+00
5.524534229571528704e+04 1.782402256239761673e+00
5.524534229572382901e+04 1.072873203443634793e+00
5.524534229573242192e+04 -2.194498308679659448e+00
5.524534229574116762e+04 1.470257228541374195e+00
5.524534229574355413e+04 3.101304486084789591e+00
5.524534229574993515e+04 6.520240813076324526e-01
5.524534229575184872e+04 -6.050160112764310094e-01
5.524534229575876816e+04 -5.293173596611912002e-01
5.524534229576031066e+04 3.639574862730264648e+00
5.527526084151223040e+04 1.148870645998558149e-01
5.527526084151324903e+04 -1.174082949095190065e+00
5.527526084151565010e+04 2.262892259311703569e+00
5.527526084151584655e+04 3.520606234330061035e+00
5.527526084151675605e+04 2.152619251316178861e+01
5.527526084151936811e+04 2.104419778524204421e-01
5.527526084152422118e+04 1.478613908610716621e+00
5.527526084152771364e+04 5.155315507581118561e-01
5.527526084152935073e+04 -8.236127081591000376e-01
5.527526084153048578e+04 1.602719915331864531e+00
5.527526084153091506e+04 1.382738782912145692e-01
5.527526084153196280e+04 4.758289088001753875e+00
5.527526084153292322e+04 1.213156961541333123e+00
5.527526084153408010e+04 -7.324521539293495920e-01
5.527526084153533884e+04 2.232972686850218214e+00
5.527526084153558622e+04 -1.833565538772335524e+00
5.527526084153562260e+04 8.630200301142280095e-01
5.527526084153613920e+04 1.737375880901968817e+00
5.527526084153792908e+04 -9.507733795085954176e-01
5.527526084153795819e+04 2.997600303327788929e+00
5.527526084154011187e+04 1.954628579144904954e+00
5.527526084154145792e+04 1.841614058344211768e+00
5.527526084154273849e+04 -1.241842431841833294e+00
5.527526084154568525e+04 3.420084498265239414e+00
5.527526084154620185e+04 1.438196566198372661e+00
5.527526084154633281e+04 1.365836389970972231e+00
5.527526084154637647e+04 -1.313940498347607644e+01
5.527526084154679847e+04 7.965362162066531582e-01
5.527526084154975251e+04 -3.688004500144491660e-01
5.527526084155003628e+04 -5.950062344305274697e-01
5.527526084155189164e+04 2.228854606169395236e+00
5.527526084155205899e+04 4.725486128758825122e-01
5.527526084155269200e+04 1.654781838378523329e+00
5.527526084155361605e+04 2.226434278766380004e+00
5.527526084155405260e+04 -1.549764732051487570e+00
5.527526084155644639e+04 -2.246654117962568087e+00
5.527526084155726858e+04 6.522524749972776759e-01
5.527526084155908757e+04 2.399656225941053211e+00
5.527526084156225988e+04 1.144766369748621671e+00
5.527526084156263823e+04 5.056947505115112484e-01
5.527526084156304569e+04 8.261630157458743628e-02
5.527825261052498536e+04 -1.325470792809212428e+00
5.527825261052563292e+04 -1.012933003296852652e+00
5.527825261052899441e+04 4.609838080379080161e+00
5.527825261052951828e+04 -2.874808528965899779e+00
5.527825261053046415e+04 3.344398845651138097e-01
5.527825261053094437e+04 -3.395886118603606563e-01
5.527825261053422582e+04 -1.235152255337336635e+00
5.527825261053498252e+04 -7.013663577130130333e-01
5.527825261053603754e+04 2.323389458773542859e+00
5.527825261053652503e+04 -2.982439253799543000e+00
5.527825261053886788e+04 4.921365449781877288e+00
5.527825261054185103e+04 -9.090555326023543048e-02
5.527825261054318980e+04 6.272376268944058753e-01
5.527825261054399743e+04 1.158491555916172366e+00
5.527825261054514704e+04 6.606527794687170330e-01
5.527825261054574366e+04 1.186248248270957095e+00
5.527825261054712610e+04 -1.690430178341257195e+00
5.527825261054729344e+04 -5.298496962342521543e-01
5.527825261054747534e+04 -1.301476543386361762e+00
5.527825261054999282e+04 -7.714816042774689242e-01
5.527825261055045121e+04 1.529537984749885504e-01
5.527825261055188457e+04 -4.329342441578630130e+00
5.527825261055280134e+04 2.716062494270188754e+00
5.527825261055375449e+04 1.343955834919027481e+00
5.527825261055421288e+04 -1.652828346276763893e+00
5.527825261055462033e+04 -1.649511123068292617e+00
5.527825261056273303e+04 -8.057807399401781812e-01
5.527825261056299496e+04 2.683526482515379730e+00
5.527825261056516320e+04 6.670526448591581614e-01
5.527825261056585441e+04 -8.776572273079639164e-01
5.527825261056682211e+04 -2.467780856342985274e+00
5.527825261056683667e+04 -1.507236923450470334e+00
5.527825261057158059e+04 -8.879884770118100512e-01
5.527825261057200987e+04 6.927159052462573963e-02
5.527825261057205353e+04 1.692033995021019477e+00
5.527825261057305033e+04 -3.483896281171817044e+00
5.527825261057321040e+04 -1.034015661753838605e-01
5.527825261057456373e+04 -2.965204004710229047e+00
5.527825261057486205e+04 -3.781373765088958394e-01
5.527825261057527678e+04 1.454923690066601827e+00
5.527825261057560419e+04 5.007548731901727557e-01
5.527825261057695025e+04 3.231243514856288468e-02
5.530517871104557707e+04 -3.580412294322612876e+00
5.530517871104805818e+04 3.238601371373069693e+00
5.530517871104814549e+04 2.142514984008263845e-01
5.530517871104918595e+04 -9.058461142489935725e+00
5.530517871105189261e+04 -4.490020081856657685e-01
5.530517871105230006e+04 -4.386297337035792721e-01
5.530517871105649101e+04 -4.526693593206671196e+00
5.530517871106008533e+04 -1.158750711693854907e+00
5.530517871106153325e+04 -8.321703423810230538e-01
5.530517871106380335e+04 -4.645697681779135113e-01
5.530517871106636449e+04 -5.194224302810240168e+00
5.530517871106688835e+04 -2.707198949970293089e+00
5.530517871106800158e+04 -8.714446403194574531e-01
5.530517871106805251e+04 -1.658929783604728980e+00
5.530517871106832172e+04 -4.542370438756541340e+00
5.530517871106850362e+04 3.184427143027587892e+00
5.530517871107032988e+04 5.655932132342943452e-01
5.530517871107243991e+04 -2.765464895532652179e+00
5.530517871107334940e+04 3.220799576822797050e+00
5.530517871107513929e+04 -3.220518410243515262e-01
5.530517871107811516e+04 2.378605807016413998e+00
5.530517871107872634e+04 6.196389281597373788e+00
5.530517871107928659e+04 1.599623687912014480e+00
5.530517871108192048e+04 1.188238780323991106e+00
5.530517871108241525e+04 -3.453306233004350467e+00
5.530517871108502004e+04 -5.577765845394521138e-01
5.530517871108638792e+04 -2.938995622020230680e-01
5.530517871108884719e+04 9.130332699050417444e-01
5.530517871108950931e+04 2.771834627379961447e+00
5.530517871108962572e+04 -2.407010694736197554e+00
5.530517871109036787e+04 1.474503086364618198e+01
5.530517871109458792e+04 -1.157810369975801335e+00
5.530517871109514817e+04 1.143128601830091995e+01
5.530517871109551197e+04 2.102051102011116002e-01
5.530517871109671250e+04 -4.668763022619047964e-01
5.530717331275613833e+04 2.252293652780196886e+00
5.530717331275654578e+04 -1.192512446021212646e+00
5.530717331275667675e+04 1.894941740694618071e+00
5.530717331275676406e+04 -3.276901795109370408e+00
5.530717331276046025e+04 3.272804647209258455e+00
5.530717331276061304e+04 1.347246829184429062e+00
5.530717331276150799e+04 -3.333904715534803831e+00
5.530717331276203186e+04 1.576807633410383769e+00
5.530717331276506593e+04 -9.303587333805996007e-01
5.530717331276528421e+04 -1.254793843065384662e+00
5.530717331276557525e+04 9.449622934482746484e-01
5.530717331276697951e+04 -1.851791122382124843e+00
5.530717331276766345e+04 2.275476956670723805e+00
5.530717331276935874e+04 -1.688087058242482064e+00
5.530717331276989717e+04 2.570026658790902641e+00
5.530717331277108315e+04 1.545188021043764293e+00
5.530717331277293852e+04 1.364262831098914663e+00
5.530717331277370249e+04 1.479736148440122134e+00
5.530717331277504854e+04 -1.215250395680802953e+00
5.530717331277559424e+04 -4.632804700882123816e-01
5.530717331277622725e+04 -8.085615473690560551e-01
5.530717331277680205e+04 4.857796186052915077e-01
5.530717331277819903e+04 7.122766116949510451e-01
5.530717331277836638e+04 -3.744350760987218418e+00
5.530717331277858466e+04 -4.461660087061805058e-01
5.530717331278112397e+04 1.216681639277436444e+00
5.530717331278151687e+04 -2.224408959698796373e+00
5.530717331278241181e+04 -3.742556027824008869e+00
5.530717331278281927e+04 1.933450153102740376e+00
5.530717331278380152e+04 4.039391292089725138e-02
5.530717331278487836e+04 1.861872272316139609e+00
5.530717331278530764e+04 1.065006981641976935e+00
5.530717331278579513e+04 3.012339675846026577e+00
5.530717331278601341e+04 -1.751043010245321385e+00
5.530717331278664642e+04 3.691017868762746512e-01
5.530717331279026985e+04 1.735516090139279211e+00
5.530717331279176869e+04 -1.967948813727260271e+00
5.530717331279401697e+04 -1.127018876102079403e+00
5.530717331279593782e+04 -1.724697704765891570e+00
5.530717331279622158e+04 1.606748861574760046e+00
5.530717331279689824e+04 -9.409974671594268925e-01
5.530717331279786595e+04 3.316286473295689152e+00
5.530717331279787322e+04 -4.402009429387574890e+00
5.530717331279821519e+04 2.052489574755579083e-01
5.530717331279914652e+04 1.344768394554638258e+00
5.530717331280140934e+04 -2.728352027020400361e-02
5.530717331280264625e+04 1.304415212204717234e+00
5.530717331280307553e+04 -1.973839299331429764e+00
5.530717331280309736e+04 -4.323787955676051453e+00
5.530717331280415237e+04 -1.119636030125743975e+00
5.530717331280435610e+04 4.052045827700115233e+00
5.530717331280565122e+04 -8.519451830028793582e-01
5.530717331280613871e+04 6.330677951271035830e+00
5.530717331280642247e+04 1.447344194184636113e+00
5.530717331280668441e+04 -4.394692853308742042e-01
5.530717331280794315e+04 7.716517058494081205e-01
5.530717331280856888e+04 -4.312933833153959062e-01
5.533709158574540197e+04 -1.819539368925001899e+00
5.533709158574663888e+04 -7.658063746363658053e-01
5.533709158574910543e+04 1.045829030814153793e+00
5.533709158574915637e+04 -3.404858380994843503e-02
5.533709158574987669e+04 -3.915036580239766195e+00
5.533709158575245237e+04 -1.682691705019945028e+00
5.533709158575272886e+04 -2.802833222661619494e+00
5.533709158575755282e+04 5.807648487357760514e-01
5.533709158576117625e+04 -2.159001603247877876e-01
5.533709158576254413e+04 -3.484758417236890171e+00
5.533709158576383197e+04 -6.549567851789435124e-01
5.533709158576487971e+04 1.546085242764196233e+00
5.533709158576581103e+04 -2.337747906698970368e-01
5.533709158576742630e+04 1.646554671637181777e-01
5.533709158576855407e+04 -6.985061340154254950e-01
5.533709158576893969e+04 -3.846904915324049323e+00
5.533709158576944901e+04 -3.337838396879364122e+00
5.533709158577065682e+04 -1.190732821703400113e+00
5.533709158577133348e+04 -1.889642139923101816e+00
5.533709158577307244e+04 1.054460632426576971e+01
5.533709158577355265e+04 5.458661796547131795e-01
5.533709158577377821e+04 -7.653706040626141460e-01
5.533709158577615744e+04 7.717288691482336871e-01
5.533709158577645576e+04 -1.032257735432147827e+00
5.533709158577963535e+04 -2.516981681430490170e+00
5.533709158577963535e+04 7.008238956030686806e-01
5.533709158578005008e+04 -6.660348876064368095e-01
5.533709158578037750e+04 8.226883515621201404e-02
5.533709158578363713e+04 3.059777255386644690e+00
5.533709158578421193e+04 -6.528968032862029203e-01
5.533709158578537608e+04 -7.816923120474776887e-01
5.533709158578616189e+04 2.261287013594182937e+00
5.533709158578728238e+04 1.656288254816564498e+00
5.533709158578979986e+04 -1.681658586774912978e+00
5.533709158579073846e+04 7.496824560150850969e-01
5.533709158579153882e+04 -4.899021651649667075e-01
5.533709158579506766e+04 -8.878201849285179970e-01
5.533709158579558425e+04 -3.122430502200476354e+00
5.533709158579581708e+04 -1.048518074384131138e+00
5.533709158579651557e+04 -2.190545470494312141e+00
5.533709158579669020e+04 -1.258337183712488594e+00
5.534009070757029986e+04 -4.532057976156380619e+00
5.534009070757069276e+04 8.914180308454693336e-01
5.534009070757090376e+04 -4.461290191571847807e-01
5.534009070757443260e+04 -4.206617826657097936e+00
5.534009070757453446e+04 8.157469423051050939e+00
5.534009070757458539e+04 -2.042735975501440482e+00
5.534009070757576410e+04 1.933843318457550309e+00
5.534009070757625886e+04 5.120501673359737715e+00
5.534009070757927839e+04 9.772495630483739149e+00
5.534009070757947484e+04 7.488319084032412087e-01
5.534009070758125017e+04 1.611367722804493852e+01
5.534009070758353482e+04 3.771474276342556831e+00
5.534009070758389862e+04 -1.059785489934617253e+01
5.534009070758515008e+04 -3.177335129365486566e+00
5.534009070758586313e+04 2.864639377693007916e+00
5.534009070758724556e+04 1.271615588497159877e+01
5.534009070758743474e+04 8.202897908487809531e+00
5.534009070758813323e+04 -8.990206426606068391e+00
5.534009070758920279e+04 -4.319699870209921855e+00
5.534009070758969028e+04 4.327943440709323963e-02
5.534009070759059978e+04 1.171061866553882957e+01
5.534009070759095630e+04 -4.391602922804434428e+00
5.534009070759111637e+04 5.692832905704344526e+00
5.534009070759238966e+04 4.135331305917522293e+00
5.534009070759260067e+04 -4.066605235625503134e+00
5.534009070759532187e+04 -2.702497668192196389e+00
5.534009070759604947e+04 4.658421573114765124e+00
5.534009070759670431e+04 1.204810086524454960e+01
5.534009070759781025e+04 -8.769138045437262496e-01
5.534009070759911265e+04 8.339606769342671200e-01
5.534009070759947645e+04 8.950327845761626433e-01
5.534009070760024770e+04 7.426189436381792852e+00
5.534009070760085888e+04 9.528704272269054698e+00
5.534009070760442410e+04 8.625574381862117335e+00
5.534009070760497707e+04 1.062129934138907661e+00
5.534009070760723262e+04 7.237640203597104360e-01
5.534009070761015028e+04 1.643742450882014872e+00
5.534009070761105977e+04 9.329758620911411393e-01
5.534009070761184557e+04 -2.865666258098308550e+00
5.534009070761211478e+04 -4.684918947388151955e-01
5.534009070761228941e+04 -2.394881439722105654e+00
5.534009070761331532e+04 8.374222157035360325e+00
5.534009070761559997e+04 4.493077165415960694e-01
5.534009070761666953e+04 4.213510208015891934e+00
5.534009070761736803e+04 2.141088795494889840e+00
5.534009070761744806e+04 7.764030434761941102e+00
5.534009070761842304e+04 -1.233979686499841577e+00
5.534009070761853218e+04 6.597238708996457923e-01
5.534009070761981275e+04 -2.339956188920983671e+00
5.534009070762019110e+04 -2.011618546771194005e+00
5.534009070762061310e+04 5.556238749109443376e-02
5.534009070762201736e+04 2.564887262924588018e+00
5.534009070762273768e+04 5.942499819194170030e+00
5.536102618411539152e+04 2.868839844219615909e+00
5.536102618411560979e+04 -1.174831035677811331e+00
5.536102618411586445e+04 1.153264326676247453e+00
5.536102618411587173e+04 2.440249817206985306e+00
5.536102618411947333e+04 7.109472970618288201e+00
5.536102618411973526e+04 3.671806931747183533e+00
5.536102618412087759e+04 3.153801719424103922e+00
5.536102618412097218e+04 2.881382127704569918e+00
5.536102618412122683e+04 4.817419691715470798e+00
5.536102618412410811e+04 1.216929402058553933e+00
5.536102618412442098e+04 -1.142592823459165130e+00
5.536102618412640004e+04 -6.142270968351056126e+00
5.536102618412684387e+04 2.178313737646872195e+00
5.536102618412841548e+04 -9.458266888481993151e-01
5.536102618412899028e+04 7.531944564151004107e-01
5.536102618413014716e+04 1.003476539817701241e+00
5.536102618413205346e+04 -1.462784895030030397e+00
5.536102618413222081e+04 -5.924848790690335321e+00
5.536102618413315940e+04 5.660240846659908565e-01
5.536102618413425080e+04 1.877782353852735175e+00
5.536102618413463642e+04 1.209413124672507944e+00
5.536102618413556775e+04 2.118484319544796934e-01
5.536102618413606979e+04 -8.097581031582205213e+00
5.536102618413610617e+04 -8.056494606731351427e-01
5.536102618413732853e+04 2.370711607683943623e+00
5.536102618413740129e+04 2.035753037115316744e+00
5.536102618413779419e+04 -1.788812396365344615e-01
5.536102618414031895e+04 -3.747404484132969671e+00
5.536102618414048629e+04 5.892040216417280263e+00
5.536102618414077006e+04 -3.421819158787056114e-01
5.536102618414154131e+04 2.748745119245092017e+00
5.536102618414306198e+04 1.610312098974592709e+00
5.536102618414411700e+04 4.742014846695095653e-01
5.536102618414442259e+04 -6.741858953760744289e-01
5.536102618414489552e+04 1.763992801010428657e+00
5.536102618414513563e+04 2.343034005720330715e+00
5.536102618414571043e+04 2.954567372750970033e+00
5.536102618414921017e+04 -3.130595465140349365e+00
5.536102618415028701e+04 -2.764071219699716142e+00
5.536102618415323377e+04 4.436898330001631585e+00
5.536102618415504548e+04 -2.411056635463443953e+00
5.536102618415529287e+04 -2.355562081797994534e+00
5.536102618415599136e+04 -1.429884637047351914e+00
5.536102618415679899e+04 1.221832468330496413e+00
5.536102618415711186e+04 8.467457464073845363e-01
5.536102618415721372e+04 1.560178205991739508e+00
5.536102618415816687e+04 2.135154056948673773e+00
5.536102618416061159e+04 5.987714841320375569e+00
5.536102618416150654e+04 -1.682557187194849035e+00
5.536102618416231417e+04 -9.039736137070523148e-01
5.536102618416339101e+04 2.262592889748503477e+00
5.536102618416353653e+04 1.446320592369953140e+00
5.536102618416371115e+04 2.631515403367254091e+00
5.536102618416475889e+04 -4.251853495667301530e+00
5.536102618416512269e+04 7.980734115862490041e-01
5.536102618416559562e+04 -1.616336469895311545e+00
5.536102618416587211e+04 7.525458613980010592e-01
5.536102618416691257e+04 1.052289838466692329e+00
5.536102618416764017e+04 4.541257026139478015e+00
5.536505682854093175e+04 -3.409961420261212739e-01
5.536505682854338374e+04 -3.604208145302921107e+00
5.536505682854342012e+04 1.613144697615331857e-01
5.536505682854667975e+04 -2.925457629639018453e+00
5.536505682854703628e+04 -1.158734301806545242e+00
5.536505682855164923e+04 -2.476910998416514520e+00
5.536505682855553459e+04 2.507758803054698227e+00
5.536505682855560008e+04 -4.895551946856619985e+00
5.536505682855806663e+04 -1.923127606296245018e+00
5.536505682855915074e+04 -6.246594821221119753e-01
5.536505682856006752e+04 -5.080310146320073938e-01
5.536505682856102067e+04 -1.197254784519281046e+01
5.536505682856131170e+04 -6.971729968667892408e-01
5.536505682856167550e+04 -1.342178547640586972e+00
5.536505682856324711e+04 -2.062413049949858745e+00
5.536505682856374915e+04 -1.284195336777551377e+00
5.536505682856554631e+04 -1.172500334247464249e+00
5.536505682856569183e+04 -2.617155211311499308e+00
5.536505682856789645e+04 8.888104923099536814e-01
5.536505682856902422e+04 -9.522139545345678080e-01
5.536505682857042120e+04 -1.086511054180677949e+00
5.536505682857072679e+04 -1.202849254551972447e+00
5.536505682857391366e+04 -2.116270647713661468e+00
5.536505682857424836e+04 -3.745033699480341927e+00
5.536505682857469219e+04 -1.384547947118088818e-01
5.536505682857525971e+04 -7.490422429490944722e+00
5.536505682857771171e+04 -2.512667657017891187e+00
5.536505682857834472e+04 -1.191365629519628433e-01
5.536505682857963984e+04 -1.067043065769015669e-01
5.536505682858046930e+04 2.948651959272431178e+00
5.536505682858143700e+04 -5.463111863000416513e+00
5.536505682858404907e+04 -2.861485070181739143e+00
5.536505682858458749e+04 -2.785586809478888703e+00
5.536505682858517685e+04 1.029743338111812179e+01
5.536505682858722867e+04 -7.577277215284403677e-01
5.536505682858834916e+04 5.198921982606932723e-02
5.536505682858989167e+04 -9.223336582531989070e-01
5.536505682859011722e+04 -2.647461896270638437e+00
5.536505682859075023e+04 -1.096822934809250416e+00
5.536505682859262743e+04 1.328858672605367053e+00
5.539000253342201177e+04 -2.722451962564026218e+00
5.539000253342416545e+04 -6.054009363154648327e+00
5.539000253342450742e+04 -2.408205390149252167e+00
5.539000253342776705e+04 -1.712598936453034737e+00
5.539000253342811629e+04 -3.890535271354984559e+00
5.539000253343284567e+04 -5.475859135915792208e+00
5.539000253343646182e+04 -4.801490335566916734e+00
5.539000253343657096e+04 -4.547551532100626126e+00
5.539000253343914665e+04 -1.373138669897545183e+00
5.539000253344022349e+04 -4.253453102531626229e+00
5.539000253344101657e+04 -5.712075773253131317e+00
5.539000253344274824e+04 -3.220975920079446997e+00
5.539000253344354860e+04 -4.537728182600568871e+00
5.539000253344382509e+04 -1.899453484666031144e+00
5.539000253344388329e+04 -4.804655565335173684e+00
5.539000253344431985e+04 -4.665862150003166953e+00
5.539000253344480734e+04 -5.082669591721775681e+00
5.539000253344779776e+04 1.576054347630682750e+00
5.539000253344859084e+04 -1.118527867114485819e+00
5.539000253344895464e+04 -5.469360811057555338e+00
5.539000253345155215e+04 6.913459949239152413e-01
5.539000253345311648e+04 -3.947274826157100680e+00
5.539000253345498641e+04 -4.161996093835863775e+00
5.539000253345524106e+04 1.266217468090400144e+00
5.539000253345535020e+04 -1.092444178662148380e+00
5.539000253345581586e+04 -1.348811110964771132e+00
5.539000253345884266e+04 -3.965999157601570180e-01
5.539000253346072714e+04 -5.235738907472593517e-01
5.539000253346159298e+04 1.008296705502085500e+00
5.539000253346253157e+04 -3.504440727153150359e+00
5.539000253346254613e+04 1.453150568665484865e+00
5.539000253346512181e+04 -4.890769399319299104e+00
5.539000253346622048e+04 4.326684748785615042e+00
5.539000253346835962e+04 -4.855841037713744868e+00
5.539000253346926911e+04 -8.306817397754180377e+00
5.539000253347071703e+04 -3.942075305422707565e+00
5.539000253347096441e+04 -3.506440584207138222e+00
5.539000253347105900e+04 -1.394693079868255658e+01
5.539000253347188846e+04 -3.776479393722267819e+00
5.539000253347233956e+04 -4.170891341797548613e+00
5.539000253347350372e+04 3.095347065754029958e-01
5.539597565465021762e+04 4.288338865404718980e+00
5.539597565465036314e+04 2.116799167709716212e+00
5.539597565465053049e+04 -1.697629825213279320e+00
5.539597565465067601e+04 -3.048278508038046120e+00
5.539597565465357184e+04 8.136289314089029112e-01
5.539597565465443768e+04 4.685597033816701895e-01
5.539597565465551452e+04 5.555989487549607420e-01
5.539597565465595835e+04 2.062865438717698119e+00
5.539597565465873777e+04 -4.270479552041473781e+00
5.539597565465920343e+04 1.521293172687134598e+00
5.539597565466054220e+04 1.130217547880291384e+00
5.539597565466065862e+04 8.312714691160473235e-01
5.539597565466166998e+04 -2.274481206044605963e-01
5.539597565466316155e+04 1.874610398733656869e+00
5.539597565466375818e+04 3.222615202741281326e+00
5.539597565466490050e+04 4.104402591245912113e+00
5.539597565466682136e+04 -3.643578933362617289e-01
5.539597565466785454e+04 2.118491271673882181e+00
5.539597565466902597e+04 2.054205309812382474e+00
5.539597565466935339e+04 2.746656756309439285e+00
5.539597565467036475e+04 9.032090186493416439e+00
5.539597565467086679e+04 2.228631367859711609e+00
5.539597565467200184e+04 3.768471304939928213e-01
5.539597565467242384e+04 -2.448735674845945010e+00
5.539597565467264940e+04 2.537974874003131820e+00
5.539597565467288950e+04 2.011846217571112927e+00
5.539597565467519598e+04 2.533941802042753988e+00
5.539597565467549430e+04 -2.441565350670924062e+00
5.539597565467558161e+04 -1.491315812397049578e+00
5.539597565467619279e+04 -2.266554454146950448e+00
5.539597565467782988e+04 4.930306968512999433e+00
5.539597565467895038e+04 2.593837978135213440e+00
5.539597565467920504e+04 1.692133261602136951e+00
5.539597565467973618e+04 3.591036541533760396e+00
5.539597565467987442e+04 3.193308715323753599e+00
5.539597565468044195e+04 5.512472512727474516e+00
5.539597565468392713e+04 -9.976071799977243026e-02
5.539597565468416724e+04 4.482835094250527397e-01
5.539597565468791436e+04 -2.862473118085435253e+00
5.539597565468979155e+04 1.283268259216516494e-01
5.539597565469009714e+04 2.865490339252977581e+00
5.539597565469073015e+04 -4.662600568899947007e+00
5.539597565469145775e+04 1.272687321364299962e+00
5.539597565469185793e+04 -1.364397792516926611e+00
5.539597565469196707e+04 1.347514902612096943e+00
5.539597565469281108e+04 -1.440109894883034869e+00
5.539597565469529945e+04 2.537077978197642025e+00
5.539597565469568508e+04 -2.384344797158368223e+00
5.539597565469623078e+04 2.943209831091360584e+00
5.539597565469712572e+04 -2.525426453558895723e+00
5.539597565469718393e+04 3.551973420320942765e+00
5.539597565469826077e+04 1.569147702095333496e+00
5.539597565469921392e+04 -2.787702525719758517e-01
5.539597565469996334e+04 3.542945321264416303e-01
5.539597565470042173e+04 -5.033778192469051671e-01
5.539597565470074187e+04 5.017066438350084923e+00
5.539597565470162954e+04 5.436059895461097469e+00
5.539597565470231348e+04 2.573186777354105281e+00
5.542988289290878311e+04 -6.247415501269731664e+00
5.542988289290963439e+04 -4.435981352562176738e+00
5.542988289290972170e+04 -1.130312873562800302e+00
5.542988289290991088e+04 -4.263129569933857610e+00
5.542988289291235560e+04 -5.888162191582551941e+00
5.542988289291249384e+04 -1.777964186272773972e+00
5.542988289291415276e+04 -2.176245645231202452e+00
5.542988289291515684e+04 -2.120442262414850010e+00
5.542988289291560068e+04 -4.797997983699294977e+00
5.542988289291601541e+04 -5.631096896495633608e+00
5.542988289291915862e+04 -6.806195576873105502e+00
5.542988289292077388e+04 -2.700238861086277531e+00
5.542988289292205445e+04 -2.325782441155536784e+00
5.542988289292356785e+04 -5.004809674154464538e+00
5.542988289292398986e+04 1.799478248599820862e+00
5.542988289292457921e+04 -7.055103078614105572e-01
5.542988289292639092e+04 -4.134912207898510772e+00
5.542988289292700210e+04 -2.904945240631475745e+00
5.542988289292815170e+04 -5.546823662720649750e+00
5.542988289292898116e+04 -5.459858127439534137e+00
5.542988289293064736e+04 -2.156021102142570811e+00
5.542988289293099660e+04 -3.629305087041249323e+00
5.542988289293220441e+04 -5.385533066096281907e+00
5.542988289293224079e+04 -3.936260816592723089e+00
5.542988289293275739e+04 -1.289343206672527220e+00
5.542988289293396519e+04 -7.281260893714159188e+00
5.542988289293544949e+04 -2.859798615595291693e+00
5.542988289293672278e+04 -1.833903152618212351e+00
5.542988289293681009e+04 -3.491731385439227342e+00
5.542988289293691196e+04 -4.270937459513592493e+00
5.542988289293808339e+04 -6.307614050153948604e+00
5.542988289293865091e+04 -4.658130660730238404e+00
5.542988289293940761e+04 -5.374517442387938715e+00
5.542988289293967682e+04 -1.235256677194717545e+00
5.542988289294285642e+04 -6.626859996193148916e+00
5.542988289294310380e+04 7.009647132366851885e+00
5.542988289294316928e+04 -3.798523553907994454e+00
5.542988289294386050e+04 -3.315471183538057254e+00
5.542988289294674178e+04 -3.189683564428708262e+00
5.542988289294688002e+04 -2.907407265350113068e+00
5.542988289294750575e+04 -1.495680354775896559e+00
5.542988289294855349e+04 -5.303246238628380738e+00
5.542988289294918650e+04 -2.503273471070101563e-01
5.542988289294952119e+04 -6.810358667717920644e-01
5.542988289295037976e+04 -4.847457994261990422e+00
5.542988289295304276e+04 -2.829641502941370845e+00
5.542988289295347931e+04 -3.302764531925282299e+00
5.542988289295421419e+04 -4.964901846033789923e+00
5.542988289295636059e+04 -4.478856953486173964e+00
5.542988289295682625e+04 -7.292296424527964227e+00
5.542988289295724098e+04 -2.851934770908315375e+00
5.542988289295816503e+04 -6.307336426737249369e+00
5.542988289295888535e+04 -3.203708389240928156e+00
5.542988289295980940e+04 -3.218328275097469771e+00
5.542988289296103176e+04 -8.770891117999790598e-01
5.543088014316042245e+04 5.712182208868439304e+00
5.543088014316186309e+04 6.594467855334971151e-01
5.543088014316197223e+04 3.537479971528360245e+00
5.543088014316211775e+04 -1.014645552449739307e+00
5.543088014316235058e+04 -9.043763290920253661e-01
5.543088014316562476e+04 1.575837027579016780e+00
5.543088014316605404e+04 8.336092089430382490e-01
5.543088014316643967e+04 5.421953290173010309e+00
5.543088014316707995e+04 -2.949649518828103001e-01
5.543088014316762565e+04 1.465989619645125419e+00
5.543088014317035413e+04 1.317045774930426516e-01
5.543088014317082707e+04 1.298254501150106321e+00
5.543088014317226043e+04 5.332330425327756807e+00
5.543088014317325724e+04 -1.707200300691584793e+00
5.543088014317475609e+04 2.929875836677079182e+00
5.543088014317535999e+04 1.602055223501053449e+00
5.543088014317650959e+04 5.085135826370150269e+00
5.543088014317848138e+04 1.624167175399347407e+00
5.543088014317938359e+04 -4.337723559935853790e-01
5.543088014318067144e+04 5.717154680994675608e+00
5.543088014318091155e+04 1.861336125622884419e+00
5.543088014318194473e+04 1.326198696918600817e+00
5.543088014318251226e+04 4.042775077341822509e-01
5.543088014318306523e+04 3.824862712172741652e+00
5.543088014318370551e+04 4.141366319927326956e+00
5.543088014318412752e+04 -1.090772433567302191e-01
5.543088014318424393e+04 -5.643522072203098761e-01
5.543088014318681962e+04 -2.669772875287154346e+00
5.543088014318714704e+04 1.628210397031191331e-02
5.543088014318714704e+04 -1.996421985171787372e-01
5.543088014318784553e+04 3.231722972543459971e+00
5.543088014318939531e+04 1.869861747058972901e+00
5.543088014319063223e+04 2.232489042106979849e+00
5.543088014319085778e+04 3.709444542889029695e+00
5.543088014319135982e+04 4.660675489955468098e-01
5.543088014319143986e+04 9.702257553933467671e-01
5.543088014319197828e+04 2.194315822310786590e+00
5.543088014319550712e+04 1.510864539593276268e+00
5.543088014319673675e+04 -7.211276571142233305e-01
5.543088014319960348e+04 1.951590099514239229e+00
5.543088014320140792e+04 2.760515867952539004e+00
5.543088014320166985e+04 -6.014047107820356119e-01
5.543088014320235379e+04 5.620779045443994315e-01
5.543088014320300135e+04 1.730689020661494215e+00
5.543088014320351795e+04 2.991880551859496418e+00
5.543088014320359071e+04 4.985419521026284606e+00
5.543088014320441289e+04 1.702135237041990656e+00
5.543088014320687944e+04 6.964863763781670158e-01
5.543088014320774528e+04 6.182762012907274674e-01
5.543088014320886577e+04 3.405544285010777106e+00
5.543088014320907678e+04 -1.283598079646360413e+00
5.543088014320992806e+04 5.542377331720227396e-01
5.543088014321000810e+04 2.288391960450656626e+00
5.543088014321121591e+04 1.321832046434232799e+00
5.543088014321157243e+04 4.367513728113865845e+00
5.543088014321209630e+04 -8.785756443547927397e-01
5.543088014321235096e+04 2.991394710880272090e+00
5.543088014321312949e+04 1.188569578239166979e+00
5.546179555919907580e+04 9.213194198691075643e-02
5.546179555919924314e+04 3.117605221506508872e+00
5.546179555919939594e+04 -3.518094225155594668e-01
5.546179555919962149e+04 -2.933135810119547049e+00
5.546179555920291023e+04 3.190268308559505162e+00
5.546179555920333223e+04 9.360931399858514190e-01
5.546179555920442363e+04 4.566422835779687439e+00
5.546179555920471466e+04 3.687410067332417718e+00
5.546179555920488929e+04 2.982730815797538959e+00
5.546179555920764687e+04 2.285180460137289149e+00
5.546179555920811981e+04 2.167028023015751703e+00
5.546179555920947314e+04 5.157702110384364547e-01
5.546179555921053543e+04 6.548896724795443269e-01
5.546179555921196152e+04 -2.367556650950192410e+00
5.546179555921265273e+04 2.408358096313093721e+00
5.546179555921376596e+04 3.735013874818867485e+00
5.546179555921575229e+04 1.071645463340257898e+00
5.546179555921580322e+04 -8.069912576407187288e+00
5.546179555921664723e+04 -1.847769710385440411e-01
5.546179555921797873e+04 4.224799689108917455e+00
5.546179555921820429e+04 4.157228516814976516e+00
5.546179555921929568e+04 6.267659319121989370e+00
5.546179555921981955e+04 9.977481357486652769e-01
5.546179555921984138e+04 3.292657546335012952e+00
5.546179555922099098e+04 4.756890792653465816e+00
5.546179555922157306e+04 2.745997669772108907e+00
5.546179555922297732e+04 -1.272948854298054266e+00
5.546179555922314466e+04 -1.106081039963501933e+00
5.546179555922444706e+04 2.491581633798333861e+00
5.546179555922446161e+04 -9.672284413415499493e-01
5.546179555922511645e+04 3.059481853858492695e+00
5.546179555922673171e+04 3.149452286005457236e+00
5.546179555922764848e+04 1.115964060395727708e+00
5.546179555922809232e+04 -3.556165219275502776e-01
5.546179555922868167e+04 3.391848734519668174e+00
5.546179555922874715e+04 3.151912158604612380e+00
5.546179555922927830e+04 4.664540116329190411e+00
5.546179555923277076e+04 1.065360198313282769e+00
5.546179555923418229e+04 2.455757452446158062e+00
5.546179555923690350e+04 3.328364437173930490e+00
5.546179555923864973e+04 -1.318337550494659560e-01
5.546179555923896260e+04 1.978419001653025644e-01
5.546179555923966109e+04 2.968851797081920374e+00
5.546179555924025772e+04 1.323417620496830649e+00
5.546179555924083252e+04 2.026817436983417764e+00
5.546179555924086162e+04 5.013098468118751150e+00
5.546179555924164015e+04 -1.547063240140654328e+00
5.546179555924419401e+04 3.829884683088558894e+00
5.546179555924504530e+04 4.057307760116660944e+00
5.546179555924567103e+04 1.975941919387420853e+01
5.546179555924612941e+04 1.938789292693616106e+00
5.546179555924618035e+04 5.584957512016307746e+00
5.546179555924719170e+04 7.306668764625298129e-01
5.546179555924724264e+04 -2.688171883030714859e+00
5.546179555924852320e+04 1.145328582144421355e-02
5.546179555924888700e+04 3.214199877503166825e+00
5.546179555924962915e+04 2.024732033178884727e+00
5.546179555925042951e+04 4.490977058201137240e+00
5.546179555925110617e+04 -1.055352354949516291e+00
5.546379005727377080e+04 -4.572950846665481350e+00
5.546379005727458571e+04 -2.188744617336945808e+00
5.546379005727461481e+04 -5.115579803387799274e+00
5.546379005727484764e+04 -4.157797308779172418e+00
5.546379005727731419e+04 -3.685074574018457838e+00
5.546379005727737967e+04 -6.581887692914247801e+00
5.546379005728015909e+04 -4.726307654720615758e+00
5.546379005728021730e+04 -2.255685218614700727e+00
5.546379005728059565e+04 -3.910644676149189536e+00
5.546379005728095945e+04 -4.539337968109111721e+00
5.546379005728565971e+04 -6.418093105238894758e+00
5.546379005728698394e+04 -4.096022870383548842e+00
5.546379005728775519e+04 -4.633970967173087097e+00
5.546379005728886114e+04 -5.566254073775493971e+00
5.546379005728931224e+04 -5.488310761506322244e+00
5.546379005728943594e+04 -7.198737871214361483e+00
5.546379005729129130e+04 -7.449763242901372706e+00
5.546379005729193159e+04 -1.896153209446859389e+00
5.546379005729308847e+04 -4.365320812764471370e+00
5.546379005729393975e+04 -2.157095547832833304e+00
5.546379005729556957e+04 -2.773900531623251897e+00
5.546379005729596247e+04 -2.654739826511514966e+00
5.546379005729604251e+04 -1.451916162158094714e+01
5.546379005729718483e+04 -2.722730662109819733e+00
5.546379005729749770e+04 -6.116011926372445728e+00
5.546379005729767960e+04 -2.188861907850203625e+00
5.546379005729894561e+04 -2.019422310701894929e+00
5.546379005730042263e+04 -3.491342927908659188e+00
5.546379005730066274e+04 -3.602163093862012389e+00
5.546379005730112112e+04 -5.188180478975075616e+00
5.546379005730183417e+04 -5.997995072779914061e+00
5.546379005730300560e+04 -7.427220867100962742e+00
5.546379005730355857e+04 -5.408968571556090232e+00
5.546379005730435892e+04 -3.464617907841879063e+00
5.546379005730456993e+04 -3.775098809153217605e+00
5.546379005730782228e+04 -3.483723348785899177e+00
5.546379005730795325e+04 2.499226994360384424e+00
5.546379005730811332e+04 -1.872172141754466779e+00
5.546379005730868812e+04 -5.474952371366027526e-01
5.546379005731165671e+04 -4.641623904148242552e+00
5.546379005731182406e+04 -3.241754095994121787e+00
5.546379005731204961e+04 -6.615566211115652351e+00
5.546379005731351936e+04 -2.220570160640822799e+00
5.546379005731408688e+04 -5.066063837717282858e+00
5.546379005731448706e+04 -1.439041949606777893e+00
5.546379005731538200e+04 -2.185254771206653901e-01
5.546379005731795769e+04 -4.047129943310981304e+00
5.546379005731845973e+04 -2.361468348856482269e+00
5.546379005731905636e+04 2.803401293795573790e-01
5.546379005732123187e+04 -4.105939837082511978e+00
5.546379005732381484e+04 -3.195869831995588495e+00
5.546379005732393125e+04 -5.657527429939492869e-01
5.546379005732430960e+04 -4.666825223602421246e+00
5.546379005732473161e+04 -4.007649310912440477e+00
5.546379005732488440e+04 -7.669645293168962041e+00
5.546379005732641235e+04 -5.300676069966437254e+00
5.549266583254258876e+04 -1.407648982338304489e+00
5.549266583254339639e+04 6.721259536403300094e-01
5.549266583254341094e+04 -2.001404766189785356e+00
5.549266583254365105e+04 -4.389833454019418824e+00
5.549266583254611760e+04 -4.601702087296153820e+00
5.549266583254619036e+04 -2.822632049760752437e+00
5.549266583254731813e+04 -2.370682666993871379e+01
5.549266583254827856e+04 3.414049955417675530e+00
5.549266583254899888e+04 -3.790212068445218296e+00
5.549266583254955913e+04 1.015847416836351602e+00
5.549266583254975558e+04 -4.901624690297739839e+00
5.549266583255451405e+04 -3.222277414466858669e+00
5.549266583255574369e+04 -2.725255098321417879e+00
5.549266583255581645e+04 -1.136828231055912741e-01
5.549266583255764272e+04 -4.579621341130273748e+00
5.549266583255828300e+04 -1.628244460225433343e+00
5.549266583255866135e+04 -2.451665829636177296e+00
5.549266583256014565e+04 -1.864167333258117232e+00
5.549266583256076410e+04 -2.733998083828132142e+00
5.549266583256197919e+04 -1.132037797374034316e+00
5.549266583256252488e+04 1.005099283148188327e+01
5.549266583256276499e+04 -2.671667322538727074e+00
5.549266583256439480e+04 -2.334132126872317858e+00
5.549266583256466402e+04 -2.125153790096633522e+00
5.549266583256588638e+04 1.578244667317165950e+00
5.549266583256593731e+04 -7.469702630229703821e+00
5.549266583256651938e+04 4.959287012309890330e-01
5.549266583256841841e+04 -2.920339351544770867e+00
5.549266583256876766e+04 -3.698909474321010471e+00
5.549266583256911690e+04 -3.440983331424782854e+00
5.549266583256995364e+04 -2.994901684065538472e+00
5.549266583257065940e+04 -3.195125198677207567e+00
5.549266583257183811e+04 -2.384773651046715681e+00
5.549266583257232560e+04 -4.322898233039770055e+00
5.549266583257319871e+04 -5.674851992046107130e-01
5.549266583257339516e+04 -5.159969420438534904e+00
5.549266583257666935e+04 -6.074661993894677758e-01
5.549266583257693856e+04 -3.793423030753161118e+00
5.549266583257697494e+04 8.225780275606370040e+00
5.549266583257743332e+04 -3.902551630773273494e+00
5.549266583258046740e+04 -3.648571398997430215e+00
5.549266583258049650e+04 -1.699531266852977840e+00
5.549266583258061291e+04 -3.476935563888146064e+00
5.549266583258233732e+04 -2.809733321481493018e+00
5.549266583258288301e+04 -1.988841768553983869e+00
5.549266583258328319e+04 1.275451136890113579e+00
5.549266583258419996e+04 -2.440644949943172534e-02
5.549266583258679020e+04 -2.824018014724770431e+00
5.549266583258724859e+04 -1.160432862180332370e+00
5.549266583258729224e+04 -3.468779030947728437e+00
5.549266583258785249e+04 -3.648835033637324976e+00
5.549266583259004983e+04 -2.704423657530712788e+00
5.549266583259212348e+04 -5.202900976470703931e+00
5.549266583259265462e+04 -6.369835945198895066e-01
5.549266583259274921e+04 -3.047222937516980146e+00
5.549266583259357139e+04 -1.032531323680203172e+00
5.549266583259416075e+04 -3.811940943071320032e+00
5.549366297942967503e+04 -1.476671715245989613e+00
5.549366297942987148e+04 3.363809845529464937e+00
5.549366297943003156e+04 -5.830966301290635423e-01
5.549366297943022801e+04 4.584280627773463235e-01
5.549366297943356767e+04 2.561929040287478809e+00
5.549366297943394602e+04 1.268378240119624190e+00
5.549366297943501559e+04 -2.316834918065220350e-01
5.549366297943528480e+04 2.165453747618501179e+00
5.549366297943543759e+04 -2.611449318297108246e-01
5.549366297943832615e+04 4.974148333233997299e+00
5.549366297943871177e+04 2.191069350078489020e+00
5.549366297944011603e+04 -1.316297921529052894e+00
5.549366297944114194e+04 3.273442347332036206e+00
5.549366297944262624e+04 -7.586143085185141632e-02
5.549366297944320831e+04 -1.223598601843248090e+00
5.549366297944438702e+04 3.498656273686297169e+00
5.549366297944550024e+04 3.673565482569355112e+00
5.549366297944630060e+04 8.755561703177607846e-01
5.549366297944859980e+04 4.213862617808891819e+00
5.549366297944881808e+04 1.319246812902275190e+00
5.549366297944980761e+04 2.703401844413586552e+00
5.549366297945033148e+04 -2.132767944924893744e+00
5.549366297945151018e+04 -2.523330289241943802e+00
5.549366297945204860e+04 6.283998210505882476e+00
5.549366297945208498e+04 -4.992903567112526808e+00
5.549366297945212864e+04 5.509684980118860764e+00
5.549366297945467522e+04 -1.288744335450898948e+00
5.549366297945573751e+04 2.304644229004947587e+00
5.549366297945687984e+04 -1.669950835946071022e-01
5.549366297945733095e+04 1.093843500031192129e+00
5.549366297945843689e+04 -4.470471671665071645e-01
5.549366297945870610e+04 1.684613218063660156e+00
5.549366297945920087e+04 -8.235464865497376108e-01
5.549366297945934639e+04 1.904974114924346207e+00
5.549366297945986298e+04 1.860246119416610888e-01
5.549366297946101986e+04 2.857160022758794771e+00
5.549366297946344275e+04 2.612532902370480414e+00
5.549366297946459963e+04 -8.363602061083823536e-01
5.549366297946750274e+04 8.817951647753541344e-01
5.549366297946932900e+04 4.244018116373844407e+00
5.549366297946956911e+04 3.873058932922422426e-01
5.549366297947023122e+04 -8.223466799232773683e-01
5.549366297947094426e+04 2.328942734325216257e+00
5.549366297947125713e+04 -2.304119700259003256e+00
5.549366297947137355e+04 -1.252046393577535000e+00
5.549366297947147541e+04 3.103112848764865817e+00
5.549366297947233397e+04 1.646896247602620988e+00
5.549366297947307612e+04 -2.995917440478443883e+00
5.549366297947513522e+04 2.033507300500512649e+00
5.549366297947573185e+04 5.297758239615300901e+00
5.549366297947659768e+04 -6.570221009125412515e+00
5.549366297947670682e+04 1.241741456952451639e+00
5.549366297947780549e+04 7.703003093546781921e-01
5.549366297947910789e+04 3.230691569338637326e+00
5.549366297947950807e+04 3.486085743632208356e+00
5.549366297947995918e+04 9.298487652397809944e-01
5.549366297948105057e+04 2.927320775137973730e-01
5.549366297948182910e+04 5.769200463272828650e+00
5.552058940707061993e+04 1.190172509629956743e-01
5.552058940707139118e+04 -3.722584941079193133e+00
5.552058940707148577e+04 7.478880927947656465e-01
5.552058940707173315e+04 -2.922777702977028547e+00
5.552058940707421425e+04 -2.840605475870424890e+00
5.552058940707424335e+04 -1.516648455202473933e+00
5.552058940707596776e+04 1.099636961764034249e+00
5.552058940707659349e+04 -2.214141779709880797e+00
5.552058940707701549e+04 -4.102599747684472220e+00
5.552058940707752481e+04 -2.366826050421344085e+00
5.552058940707789588e+04 1.619900016495906314e+00
5.552058940708262526e+04 -2.174131725911261803e+00
5.552058940708383307e+04 -1.588334479999693016e+00
5.552058940708572482e+04 -9.073823460412714370e-01
5.552058940708628506e+04 1.262399608137857676e+00
5.552058940708632144e+04 -2.052522800509361811e-01
5.552058940708724549e+04 -1.286218867215172201e+00
5.552058940708820592e+04 -1.349963386676908128e-01
5.552058940708887530e+04 -4.362066808151890740e+00
5.552058940708995215e+04 -2.856750676429687275e+00
5.552058940709065791e+04 2.266228851787651433e+00
5.552058940709085437e+04 -4.671758957669133849e+00
5.552058940709251328e+04 -1.339502118087804616e+00
5.552058940709269518e+04 -1.273626815965873238e+00
5.552058940709404851e+04 -4.609145192663646640e+00
5.552058940709415037e+04 -5.029534837324381336e+00
5.552058940709456510e+04 -2.798366902319858074e+00
5.552058940709631133e+04 -5.279848933518468179e+00
5.552058940709711896e+04 -5.479084440931344391e-01
5.552058940709720628e+04 -2.556142623361477018e+00
5.552058940709870512e+04 -9.675351623877992413e-01
5.552058940709986928e+04 -3.425834562231521385e+00
5.552058940709989110e+04 -1.980410840395211869e+00
5.552058940710037132e+04 -3.702949002675739898e+00
5.552058940710124443e+04 -2.328679732117835854e+00
5.552058940710152092e+04 -4.604365335233344680e+00
5.552058940710471506e+04 -4.653601525368615377e+00
5.552058940710486058e+04 -9.976360155520868744e+00
5.552058940710510797e+04 -2.102145480442486392e+00
5.552058940710547176e+04 -2.231891385363375058e+00
5.552058940710827301e+04 1.096927443301742855e+00
5.552058940710854949e+04 -1.876212746170004442e+00
5.552058940710865863e+04 -4.670726832018469721e-01
5.552058940711044124e+04 -3.161063603233269959e+00
5.552058940711094328e+04 -1.013596976246754711e+00
5.552058940711122705e+04 -1.188991488080800352e+00
5.552058940711226023e+04 -6.734589180710822021e+00
5.552058940711486503e+04 -4.645160912652882779e+00
5.552058940711515606e+04 -3.859637291734378639e+00
5.552058940711549076e+04 -3.255976377835319013e+00
5.552058940711598552e+04 8.466473321613117164e+00
5.552058940711732430e+04 -3.900284372907769637e+00
5.552058940711810283e+04 -2.460502432365262671e+00
5.552058940712070762e+04 -2.334093388743645470e+00
5.552058940712093317e+04 1.181490675183251682e+00
5.552058940712155163e+04 -2.946270239541265212e+00
5.552058940712161711e+04 -3.415176190361387309e+00
5.552158667286521086e+04 6.495776454825904267e+00
5.552158667286635318e+04 -2.981187258525459960e+00
5.552158667286665877e+04 4.385726081883493110e-01
5.552158667286689160e+04 1.390360373922742365e+00
5.552158667286698619e+04 2.818106586109613065e+00
5.552158667287046410e+04 3.318257007966879168e+00
5.552158667287064600e+04 1.857997154547252061e-01
5.552158667287079879e+04 6.364759723334690200e+00
5.552158667287183926e+04 6.563165277277694942e-01
5.552158667287219578e+04 -2.077637595219009869e-01
5.552158667287521530e+04 7.492862031993443139e+00
5.552158667287551361e+04 4.097380225464797299e+00
5.552158667287703429e+04 2.151313246403079305e+00
5.552158667287786375e+04 1.522866372114438205e+00
5.552158667287945718e+04 -4.959002800334355032e-01
5.552158667288006836e+04 5.093901947320882861e+00
5.552158667288119614e+04 2.309948127557993836e+00
5.552158667288311699e+04 1.503158337707414249e+00
5.552158667288419383e+04 1.607318274096241617e-01
5.552158667288529250e+04 2.685162631597761251e+00
5.552158667288567813e+04 1.709593945284868299e+00
5.552158667288652214e+04 2.802656520151870723e+00
5.552158667288701690e+04 -1.199053678850716231e+00
5.552158667288708239e+04 8.909136951450388198e-01
5.552158667288833385e+04 4.570641993275787601e-02
5.552158667288866855e+04 -6.531309032084883226e-01
5.552158667288874858e+04 -3.391146655984194958e+00
5.552158667289134610e+04 -3.340621346262797164e+00
5.552158667289197911e+04 2.471123585793715272e+00
5.552158667289216828e+04 1.420035949837397116e+00
5.552158667289253935e+04 2.622386961884047296e-01
5.552158667289400182e+04 5.494078389804790685e-01
5.552158667289514415e+04 5.359215820750338199e-01
5.552158667289541336e+04 -3.944351127986364336e+00
5.552158667289593723e+04 -4.928173688362679772e-01
5.552158667289609730e+04 -3.963101469211720129e+00
5.552158667289670848e+04 -2.173987985653348387e-01
5.552158667290030280e+04 2.068667553004386761e+00
5.552158667290140147e+04 1.332748134657001149e+00
5.552158667290422454e+04 8.518312048549431248e-01
5.552158667290609446e+04 -1.012633858770125572e+00
5.552158667290642188e+04 5.794825750326459968e+00
5.552158667290706217e+04 1.846673197433967850e+00
5.552158667290783342e+04 1.058521838594256970e+00
5.552158667290814628e+04 1.253649134209744442e+00
5.552158667290829180e+04 6.822054493656939389e-01
5.552158667290912126e+04 -4.940868545603430917e+00
5.552158667291160236e+04 2.714696167624797596e+00
5.552158667291254096e+04 -2.211725981564842236e+00
5.552158667291335587e+04 -8.618337686890598093e-01
5.552158667291337770e+04 2.346703100598709568e+00
5.552158667291446181e+04 6.929903005418817930e-02
5.552158667291457095e+04 2.062521099685636017e+00
5.552158667291585152e+04 1.093855336699036229e+00
5.552158667291617166e+04 -7.632817599966394972e-01
5.552158667291623715e+04 1.450452930923028516e+00
5.552158667291667371e+04 2.628267048128638983e+00
5.552158667291802703e+04 7.706204867136208669e+00
5.554257405795596424e+04 1.259399597547894878e+00
5.554257405795637169e+04 5.860613891650738871e+00
5.554257405795650993e+04 4.383111256711363923e-01
5.554257405795653176e+04 -8.429989144941930912e-02
5.554257405796015519e+04 3.454616376165120961e+00
5.554257405796024250e+04 3.141579832927948068e+00
5.554257405796036619e+04 6.040103391167467306e-01
5.554257405796129024e+04 -2.024962898437176584e+00
5.554257405796177045e+04 -3.214708366211333157e+00
5.554257405796483363e+04 3.396951409970982549e+00
5.554257405796511011e+04 2.600578954599722437e+00
5.554257405796673265e+04 3.257158335119559212e+00
5.554257405796737294e+04 -2.522315564935869059e+00
5.554257405796911917e+04 1.497065191642240056e-01
5.554257405796963576e+04 1.538923916099722011e-01
5.554257405797083629e+04 2.015993351967490632e+00
5.554257405797269894e+04 -8.594147863667574994e-01
5.554257405797387764e+04 7.497238947384802232e-01
5.554257405797485990e+04 2.851206111288072040e-02
5.554257405797528918e+04 -2.850018802629481041e+00
5.554257405797608953e+04 2.679914688193584027e+00
5.554257405797656247e+04 2.146309568559349845e+00
5.554257405797667889e+04 1.027742225378742047e+00
5.554257405797799584e+04 3.356085888667080575e+00
5.554257405797822867e+04 -1.028260398535084441e+00
5.554257405797846150e+04 4.915277104138823461e+00
5.554257405798092805e+04 -1.601084668048543103e+00
5.554257405798135005e+04 -4.216155709316860012e-01
5.554257405798161199e+04 -1.390557881282258545e+00
5.554257405798225227e+04 5.572862600529296273e+00
5.554257405798364198e+04 4.197394103649236263e-01
5.554257405798468244e+04 -1.197539662784551817e+00
5.554257405798506079e+04 -1.321404901147038347e+00
5.554257405798549735e+04 4.114688150903682007e-01
5.554257405798581749e+04 2.821120629502916977e+00
5.554257405798637774e+04 6.468558103692801931e-01
5.554257405798997206e+04 1.483443846952608558e+00
5.554257405799032858e+04 -4.246924066197493630e+00
5.554257405799385015e+04 2.389397923502585730e+00
5.554257405799573462e+04 -1.196416256400654410e+00
5.554257405799598928e+04 1.255558064223647907e+00
5.554257405799669505e+04 2.483449850301602257e+00
5.554257405799755361e+04 3.231809595478301933e+00
5.554257405799771368e+04 -1.012622022120159393e+00
5.554257405799796106e+04 1.661372479510282441e+00
5.554257405799884873e+04 -2.337032559699884215e-01
5.554257405800119886e+04 -9.162146005181244224e-01
5.554257405800237029e+04 9.361477458160139875e+00
5.554257405800292327e+04 -1.482863363099411247e+00
5.554257405800295965e+04 2.926863945536651190e+00
5.554257405800400738e+04 -2.082178071653854268e+00
5.554257405800421111e+04 4.643192166985928182e+00
5.554257405800548440e+04 3.155138185837055520e+00
5.554257405800585548e+04 3.395930229263780742e+00
5.554257405800624838e+04 3.794836340925298757e+00
5.554257405800657580e+04 -1.018786768454784442e+00
5.554257405800763809e+04 1.113594576847012574e+00
5.554257405800835841e+04 5.580242218326967318e+00
5.554357182718795229e+04 -9.295061346049248163e-01
5.554357182718890544e+04 -1.992112990243190884e+00
5.554357182718895638e+04 8.527006171466612328e-01
5.554357182718918921e+04 -2.323046559320498972e+00
5.554357182719163393e+04 -1.578083934789102027e+00
5.554357182719170669e+04 -1.576713034661625157e+00
5.554357182719334378e+04 -4.061089666620040006e+00
5.554357182719447155e+04 -1.651368984382361127e+00
5.554357182719501725e+04 -2.670337312728871204e+00
5.554357182719529374e+04 -2.999445884462222711e+00
5.554357182720011042e+04 -9.258120214670692016e-01
5.554357182720123819e+04 -5.025094830470497875e-01
5.554357182720312267e+04 -1.474978041214079827e+00
5.554357182720315905e+04 -9.873260534037587854e-01
5.554357182720349374e+04 -2.454322621213588018e+00
5.554357182720377023e+04 -9.140173304958966183e-01
5.554357182720379933e+04 -7.820870242719553111e-01
5.554357182720638957e+04 -2.322867933401219886e+00
5.554357182720743731e+04 -2.228308106397956845e+00
5.554357182720836136e+04 -2.878404226896003948e+00
5.554357182720997662e+04 -1.950393077494049887e+00
5.554357182721017307e+04 -2.010560958677620302e+00
5.554357182721152640e+04 -2.622524749648667441e+00
5.554357182721154823e+04 -1.033019012413763882e+01
5.554357182721204299e+04 -9.668109741805669399e-01
5.554357182721219579e+04 -2.735394809437759811e+00
5.554357182721460413e+04 -2.858868362049581169e+00
5.554357182721554273e+04 3.754498229251875263e-01
5.554357182721601566e+04 -3.291353994416136963e+00
5.554357182721612480e+04 -3.242774016384915026e-01
5.554357182721734716e+04 4.496775008635562343e-01
5.554357182721777644e+04 -5.178337743279612208e-03
5.554357182721872960e+04 1.472435711666089553e+00
5.554357182721902063e+04 -3.975241619390758263e+00
5.554357182722128346e+04 -6.700729884523124014e+00
5.554357182722176367e+04 -2.188089297006610590e+00
5.554357182722220023e+04 -3.449510028981417786e+00
5.554357182722260040e+04 -3.306469405790287475e+00
5.554357182722297148e+04 9.986713510498160806e-01
5.554357182722599100e+04 -1.641057103753153168e+00
5.554357182722604921e+04 -1.359900982868115449e+00
5.554357182722686412e+04 -1.689756340071222773e+00
5.554357182722794096e+04 -1.593332777572834091e+00
5.554357182722826110e+04 -4.915336735491973585e-01
5.554357182722874859e+04 5.333002565201356848e-01
5.554357182722981815e+04 -1.927267477305976584e+00
5.554357182723237202e+04 -1.472499875599025287e+00
5.554357182723267033e+04 -2.725747933736951012e+00
5.554357182723330334e+04 1.174657695750333408e+00
5.554357182723555889e+04 -5.137973498737627986e-01
5.554357182723798178e+04 -2.255591601478157848e+00
5.554357182723817823e+04 -1.536100203054138191e-01
5.554357182723817823e+04 -1.089220303694998560e+00
5.554357182723836740e+04 -1.023008194869326148e+00
5.554357182723908772e+04 -1.625905106347343310e+00
5.554357182724001177e+04 -1.522870232716130756e+00
5.557847579288501584e+04 3.653555075478411407e+00
5.557847579288719135e+04 2.037907308897027203e+00
5.557847579289038549e+04 6.253319747083216917e+00
5.557847579290051362e+04 2.186978170955244050e+00
5.557847579290586145e+04 1.992897881477252220e+00
5.557847579291440343e+04 2.629499136599383391e+00
5.557847579292190494e+04 1.183629925995746568e+00
5.557847579292882438e+04 4.781866720066481058e-01
5.557947332909812394e+04 -1.198401630659858830e+00
5.557947332909892430e+04 -1.171758391133369104e+00
5.557947332909903344e+04 -1.004271842433083872e+00
5.557947332909937541e+04 1.426702096049628832e+00
5.557947332910176192e+04 7.654504640665021897e-01
5.557947332910189289e+04 7.215752036281706250e-01
5.557947332910234400e+04 -2.333780166231082021e+01
5.557947332910443220e+04 -1.302961096618841519e-01
5.557947332910457772e+04 2.455656258932426006e+00
5.557947332910547266e+04 -9.682204281252870803e-02
5.557947332911028207e+04 -1.701426023786011266e-01
5.557947332911130070e+04 -1.039725859231096061e+00
5.557947332911325066e+04 9.019637087873658698e-01
5.557947332911330886e+04 1.636473488870792137e+00
5.557947332911370904e+04 2.569381661913556006e-02
5.557947332911379635e+04 -2.549506562906164397e+00
5.557947332911424019e+04 4.683482136730106604e-01
5.557947332911565900e+04 1.890959468738956595e+00
5.557947332911571721e+04 -1.659280175719413553e+00
5.557947332911659760e+04 -5.033272884668523739e-01
5.557947332912024285e+04 7.344200028795134116e+00
5.557947332912027923e+04 2.136692778562352402e+00
5.557947332912037382e+04 1.095600661646485952e+00
5.557947332912167622e+04 -2.055836172881737145e+00
5.557947332912208367e+04 4.426167011420900188e+00
5.557947332912219281e+04 -1.017238362477276059e+00
5.557947332912412821e+04 1.155321978032599839e+00
5.557947332912436104e+04 -2.270600482964730382e+00
5.557947332912472484e+04 -3.300214086131237901e-01
5.557947332912524871e+04 -5.336811232800827476e+00
5.557947332912623824e+04 2.811274638786761759e+00
5.557947332912744605e+04 -1.120679986697044050e+00
5.557947332912750426e+04 -1.532193214449763641e+00
5.557947332912792626e+04 -4.681788726391763467e-01
5.557947332912885759e+04 7.744656926914185169e-01
5.557947332912933052e+04 8.194471425575866608e-01
5.557947332913172431e+04 -3.708924362568875033e+00
5.557947332913239370e+04 -4.586504878256166505e-03
5.557947332913303399e+04 -9.343322626162937627e-01
5.557947332913306309e+04 -2.896067563459227001e-01
5.557947332913611899e+04 -2.226873718772548028e+00
5.557947332913620630e+04 5.191038001829244575e-01
5.557947332913780701e+04 -3.722287764316629666e-01
5.557947332913846185e+04 8.063902334939991867e-01
5.557947332913876744e+04 -1.344816777243515560e+00
5.557947332914003346e+04 -6.992132062133054049e-01
5.557947332914022263e+04 -1.947263895751537133e+00
5.557947332914238359e+04 -2.354051069061593449e+00
5.557947332914270373e+04 -1.450295198233016170e-01
5.557947332914284925e+04 1.202479220722780795e+00
5.557947332914310391e+04 -1.636067414690922650e+00
5.557947332914335129e+04 -3.332606897273038715e+00
5.557947332914568688e+04 -2.516756499925801860e-01
5.557947332914831350e+04 -1.922247658574161022e+00
5.557947332914846629e+04 -2.128808089087285360e+00
5.557947332914872095e+04 2.511942792581522088e+00
5.557947332914915751e+04 -8.491018736851492221e-01
5.561632733602623193e+04 -3.533322171243551857e+00
5.561632733602711960e+04 -1.187901439588560537e+00
5.561632733602719236e+04 -1.146677590385297041e+00
5.561632733602752705e+04 -2.951963671800839073e+00
5.561632733602987719e+04 -3.468765042318973979e+00
5.561632733603011002e+04 1.589109642727921878e+00
5.561632733603071392e+04 -8.408576603197671417e+00
5.561632733603167435e+04 -3.215925433872291350e+00
5.561632733603276574e+04 -1.294579851551837191e+00
5.561632733603345696e+04 -8.305721247196986567e-01
5.561632733603366069e+04 7.090895579890003908e-03
5.561632733603848465e+04 -1.154358504914477335e+00
5.561632733603951056e+04 -1.317681594079963825e-01
5.561632733604133682e+04 -5.393451605831904860e-01
5.561632733604138775e+04 -3.049056543469084168e+00
5.561632733604199893e+04 1.101731158428976981e-01
5.561632733604209352e+04 -7.658277613977995113e-01
5.561632733604390523e+04 -2.301614677244108176e+00
5.561632733604479290e+04 -3.345659502140165387e+00
5.561632733604573150e+04 -1.506191306556237341e+00
5.561632733604678651e+04 -2.411053306792588710e-02
5.561632733604766690e+04 -2.406943710274968229e+00
5.561632733604837267e+04 -8.330728875896642460e-01
5.561632733604848909e+04 -2.633245533050784459e+00
5.561632733604995155e+04 -2.376951772791455753e+00
5.561632733604996611e+04 8.310879569945543999e-01
5.561632733605038811e+04 -1.864639723570006291e+00
5.561632733605233079e+04 -1.282758259086500319e+00
5.561632733605273825e+04 -2.101179178852214058e+00
5.561632733605287649e+04 -3.370738150783633369e+00
5.561632733605441172e+04 -1.100407020932404167e+00
5.561632733605559770e+04 -5.237099231757484930e+00
5.561632733605572139e+04 -1.298077045754672199e+00
5.561632733605615067e+04 -2.120993743175599189e+00
5.561632733605703106e+04 -1.629804746939272908e+00
5.561632733605746762e+04 -2.584741955260927426e-01
5.561632733605991234e+04 -3.628633087957982895e+00
5.561632733606061083e+04 4.038922343713337026e-01
5.561632733606109105e+04 2.065784744992606115e+00
5.561632733606124384e+04 -2.646115207717216755e+00
5.561632733606430702e+04 -3.104904044738971081e+00
5.561632733606437250e+04 -1.128651437374253774e+00
5.561632733606547845e+04 2.386761717513738168e-01
5.561632733606632974e+04 -1.353044330145199536e+00
5.561632733606667171e+04 -2.334951008445285581e+00
5.561632733606694092e+04 -2.402714795438924522e+00
5.561632733606826514e+04 -2.741459297938120820e-01
5.561632733607076079e+04 -8.418061885589591675e-01
5.561632733607096452e+04 -4.428309046796501391e+00
5.561632733607132104e+04 -2.041285692904585503e+00
5.561632733607159025e+04 1.792788385220537739e+00
5.561632733607384580e+04 -3.524479112179276008e+00
5.561632733607556293e+04 -1.774194749066412058e+00
5.561632733607650880e+04 -3.065591277660087766e+00
5.561632733607655973e+04 -1.412653736317582176e+00
5.561632733607689443e+04 -1.851940066344819336e+00
5.561632733607745467e+04 2.399308574253755100e-01
5.561732460521351459e+04 3.328290189229528018e+00
5.561732460521440953e+04 2.776964517540817301e+00
5.561732460521721077e+04 5.802767651822525741e-01
5.561732460521927715e+04 9.200921314834340503e-01
5.561732460521939356e+04 1.904719669158539685e-01
5.561732460522009933e+04 -1.681486196587934634e-01
5.561732460522105248e+04 -1.579213753575192447e+00
5.561732460522114707e+04 4.585287239584797447e+00
5.561732460522145266e+04 2.101653088793895563e+00
5.561732460522234032e+04 -1.703490046767177191e+00
5.561732460522466135e+04 3.327227622506618299e-01
5.561732460522578913e+04 -2.057233930533439281e+00
5.561732460522629117e+04 2.549491941751789170e+00
5.561732460522629117e+04 3.909268343834023107e-01
5.561732460522744805e+04 -8.951475026638785470e-01
5.561732460522880137e+04 -3.701212198358724503e+00
5.561732460522914334e+04 2.205744653106865183e+00
5.561732460522982001e+04 -2.674946032729772494e+00
5.561732460523113696e+04 -2.989981894999289125e+00
5.561732460523180634e+04 4.128203461529112439e-01
5.561732460523328336e+04 2.787064414398608303e+00
5.561732460523337068e+04 -9.138106830497215727e-01
5.561732460523350164e+04 -3.186872272244456461e-01
5.561732460523717600e+04 2.783943841109923323e+00
5.561732460523732152e+04 3.940578950262078717e+00
5.561732460523826740e+04 2.859298153613372584e+00
5.561732460523874033e+04 5.512355760665241355e+00
5.561732460524182534e+04 3.660986344193490005e+00
5.561732460524195631e+04 -1.056455316254756527e+00
5.561732460524374619e+04 1.927613336185184600e+00
5.561732460524427734e+04 -1.669600620852063066e+00
5.561732460524608905e+04 5.979951651034524085e-01
5.561732460524649650e+04 -3.663377937382811034e+00
5.561732460524776252e+04 4.291807586636560146e-01
5.561732460524963244e+04 5.779912142632297467e-01
5.561732460525092029e+04 2.469893649575729100e+00
5.561732460525174247e+04 1.901706121530574611e+00
5.561732460525237548e+04 1.367705011892836442e+00
5.561732460525290662e+04 2.952364409679492763e+00
5.561732460525351780e+04 3.895827777182832907e+00
5.561732460525490751e+04 3.241323039853154064e+00
5.561732460525527131e+04 3.348304900667298245e+00
5.561732460525818169e+04 -2.047109780046292016e-01
5.561732460525861825e+04 -2.021859542156812850e+00
5.561732460525917850e+04 -2.143589877969132917e+00
5.561732460526044451e+04 1.827001749118975837e+00
5.561732460526197974e+04 1.747041900865330399e+00
5.561732460526237992e+04 7.836757321387115560e-01
5.561732460526270006e+04 -1.851605367765202681e+00
5.561732460526336217e+04 1.149785694606201947e+00
5.563930969467048271e+04 -6.328986873772633748e-02
5.563930969467124669e+04 -2.925697053211370413e+00
5.563930969467143586e+04 7.851113362068511126e-02
5.563930969467174873e+04 -6.604685986990467272e-01
5.563930969467412069e+04 -5.755631798120695031e-01
5.563930969467428804e+04 -2.981700398800212204e-01
5.563930969467593968e+04 1.214776431624635444e+00
5.563930969467709656e+04 6.564176333748453773e-01
5.563930969467732939e+04 -1.856400149696929847e-01
5.563930969467781688e+04 -3.535713176046583417e+00
5.563930969468266994e+04 -1.985748096859809353e+00
5.563930969468374678e+04 -4.817286170803676826e-01
5.563930969468560943e+04 -1.990243874515058575e+00
5.563930969468619151e+04 -3.200119007814693495e-01
5.563930969468630065e+04 9.569365578416545726e-02
5.563930969468755939e+04 -3.889915461271043373e+00
5.563930969468815601e+04 -2.238777091825329357e+00
5.563930969468905096e+04 2.397131521043051716e+00
5.563930969469001138e+04 -6.892876310501446779e-01
5.563930969469081901e+04 1.336128011666384884e-03
5.563930969469257252e+04 -4.962080771399738910e-01
5.563930969469263800e+04 -4.146224286368971335e+00
5.563930969469346746e+04 2.163654531820920823e+00
5.563930969469407864e+04 -1.976909342034482098e+00
5.563930969469412958e+04 -4.463296053696821808e+00
5.563930969469456613e+04 -3.443438899959236021e+00
5.563930969469632691e+04 -3.517599677849340689e-01
5.563930969469709817e+04 -1.973255043107429163e+00
5.563930969469723641e+04 -5.976460780985765053e-01
5.563930969469811680e+04 -2.574578755243957850e+00
5.563930969469854608e+04 -2.934882299277719486e+00
5.563930969469981937e+04 -2.440549056434184738e+00
5.563930969470031414e+04 -3.520536429265914258e+00
5.563930969470121636e+04 -2.749485812016299491e+00
5.563930969470162381e+04 -3.633580810739001965e+00
5.563930969470414129e+04 -7.148677235395143326e-01
5.563930969470478158e+04 -1.478351488593888874e+00
5.563930969470524724e+04 -1.103551267544445436e+00
5.563930969470546552e+04 8.850997003299129195e-01
5.563930969470849959e+04 -3.500898338742147065e+00
5.563930969470861601e+04 1.934892836444003450e+00
5.563930969471052958e+04 -7.143339979011696927e-01
5.563930969471084973e+04 -1.501790222171351941e+00
5.563930969471116987e+04 1.262962387441309398e+00
5.563930969471118442e+04 2.799968663347829900e-01
5.563930969471246499e+04 2.388612540310801613e-01
5.563930969471493881e+04 -2.104004911784794540e+00
5.563930969471521530e+04 -5.770653592296682843e-01
5.563930969471552089e+04 -1.658625931422808675e+00
5.563930969471573189e+04 -2.563661052972498133e+00
5.563930969471806748e+04 -1.676439024602559114e+00
5.563930969472068682e+04 -4.244199527036862207e+00
5.563930969472096331e+04 -7.133633920024060604e-01
5.563930969472118886e+04 -1.741112367981159759e+00
5.563930969472162542e+04 -1.912438297889770045e+00
5.563930969472262950e+04 -1.712179273296060789e+00
5.564130425647683296e+04 2.818552074964518539e+00
5.564130425647732773e+04 1.559405057208899548e+00
5.564130425647745869e+04 -1.393645096765959046e+00
5.564130425647759694e+04 -1.459172831589857999e+00
5.564130425648107484e+04 1.641878581050250530e+00
5.564130425648121309e+04 1.379651427301143762e+00
5.564130425648132950e+04 -4.434794487876136948e-02
5.564130425648224627e+04 2.619663950498194449e+00
5.564130425648277014e+04 2.666311140865640805e+00
5.564130425648586242e+04 1.806220883150795764e+00
5.564130425648600067e+04 -2.420361055380881421e+00
5.564130425648777600e+04 2.375802911746528745e-02
5.564130425648837991e+04 2.119513528620261322e+00
5.564130425649014069e+04 4.840081552900948880e-01
5.564130425649058452e+04 -1.388882456291534062e+00
5.564130425649177778e+04 1.307344516022460157e+00
5.564130425649361132e+04 -2.591633182301873450e+00
5.564130425649366225e+04 -2.436120654156196963e+01
5.564130425649492827e+04 -1.466094047932266609e+00
5.564130425649579411e+04 1.532441151874932350e+00
5.564130425649639074e+04 3.033854414929459065e+00
5.564130425649696554e+04 2.640098325240473720e+00
5.564130425649748213e+04 1.256154201370553114e+00
5.564130425649753306e+04 -2.856758660715464360e-01
5.564130425649894460e+04 1.130868564127605058e+00
5.564130425649914105e+04 2.987878685848962323e+00
5.564130425649930112e+04 1.015764604283890815e+00
5.564130425650181132e+04 7.873623128648949976e-01
5.564130425650227698e+04 2.502244310062306187e+00
5.564130425650274265e+04 4.035270056591223842e+00
5.564130425650318648e+04 -1.347628477414782866e+00
5.564130425650462712e+04 2.310171948082427651e+00
5.564130425650553661e+04 -6.276089179728446821e-01
5.564130425650601683e+04 -4.317036311466259657e-01
5.564130425650643883e+04 8.655122286117501451e-01
5.564130425650680991e+04 2.635290490256350537e+00
5.564130425650742109e+04 1.244072202444470365e+00
5.564130425651102269e+04 5.863973930719466043e-01
5.564130425651294354e+04 7.501887525780712718e-01
5.564130425651479163e+04 3.236521661254386562e+00
5.564130425651674886e+04 -6.960398620149990112e-01
5.564130425651695987e+04 1.887515045500965494e+00
5.564130425651759288e+04 -4.208219273024417006e+00
5.564130425651856785e+04 -3.639543213845913172e+00
5.564130425651866244e+04 1.836023434117734610e+00
5.564130425651896076e+04 -4.854485116562565206e-01
5.564130425651989208e+04 -7.011124076987854670e-01
5.564130425652220583e+04 5.060200336328050108e-01
5.564130425652339181e+04 3.397246250459537098e+00
5.564130425652382837e+04 -8.114192931559237598e-01
5.564130425652387203e+04 5.266906530657473162e+00
5.564130425652494887e+04 4.358266608928823338e+00
5.564130425652502163e+04 1.047971072742891252e+00
5.564130425652639678e+04 5.738612969293687138e-01
5.564130425652676786e+04 2.371425573560547839e+00
5.564130425652708072e+04 1.532684341379500825e+00
5.564130425652735721e+04 -1.759500528819611387e-01
5.564130425652873964e+04 2.254337359529115847e+00
5.564130425652937993e+04 3.474619251063479020e+00
5.567022448314072972e+04 -2.519721228974863170e+00
5.567022448314154462e+04 -2.669390380261435602e+00
5.567022448314162466e+04 -8.561543693443018910e-01
5.567022448314197391e+04 -1.463863420071864985e+00
5.567022448314436770e+04 6.463134322848556046e-01
5.567022448314449866e+04 -1.438227372474975896e+00
5.567022448314605572e+04 -5.078596521695767363e-01
5.567022448314710346e+04 -1.987555877268958771e+00
5.567022448314799840e+04 -4.832996643274261039e-01
5.567022448314807116e+04 -1.601312836783627125e+00
5.567022448315290239e+04 -9.675739005889407718e-01
5.567022448315389920e+04 -4.795331508025074463e+00
5.567022448315584916e+04 -9.069659109630517912e-01
5.567022448315644579e+04 -9.183872091998458442e-01
5.567022448315651127e+04 -2.262540795472862243e+00
5.567022448315806105e+04 -2.091150301977139581e+00
5.567022448315836664e+04 3.605119614263210814e-01
5.567022448315926158e+04 1.835178683232055796e+00
5.567022448316010559e+04 -2.109166586104802288e-01
5.567022448316117516e+04 -1.714781185801288244e+00
5.567022448316278314e+04 -1.562551012298438513e+00
5.567022448316305235e+04 -5.028559743100428081e-01
5.567022448316431110e+04 -1.897795276767695549e+00
5.567022448316443479e+04 -1.906982674953652479e+00
5.567022448316481314e+04 -1.518462692027294336e+00
5.567022448316676309e+04 1.277205114368504146e+00
5.567022448316740338e+04 -1.900483274035032366e+00
5.567022448316826194e+04 -2.282790087937530465e+00
5.567022448316832015e+04 -3.060174392911763519e+00
5.567022448316888767e+04 1.804771386682656464e+00
5.567022448316896771e+04 -3.873440986467504565e+00
5.567022448317005183e+04 -3.020947710612527537e+00
5.567022448317056114e+04 -8.584192907821028284e-02
5.567022448317144153e+04 -3.183673770963096228e+00
5.567022448317185626e+04 -2.117995840738354563e+00
5.567022448317439557e+04 -5.423602800260011181e-01
5.567022448317497765e+04 -4.194397329513344985e+00
5.567022448317549424e+04 1.760142884414633624e+00
5.567022448317566159e+04 -3.266104252415081177e+00
5.567022448317873204e+04 -3.411342189631640043e+00
5.567022448317882663e+04 -9.068238710754263909e-01
5.567022448318073293e+04 -2.210132381178080418e+00
5.567022448318096576e+04 -4.780669117807008206e+00
5.567022448318106035e+04 -1.010842263326974244e+00
5.567022448318140232e+04 -4.155930345400954629e+00
5.567022448318285751e+04 -8.933343859900250150e-01
5.567022448318516399e+04 -1.561511538575361069e+00
5.567022448318541865e+04 -2.520573468300616238e+00
5.567022448318575334e+04 -2.345046601107678708e+00
5.567022448318601528e+04 -1.856959700789202472e-01
5.567022448318831448e+04 -1.511169159009677188e+00
5.567022448318872921e+04 -4.194164900606320856e+00
5.567022448319094838e+04 -1.251038169660183330e+00
5.567022448319108662e+04 -3.280758034155109470e+00
5.567022448319140676e+04 1.016197012004547463e-02
5.567022448319187970e+04 -1.347036504213741936e-01
5.567421349108670984e+04 3.698620458127650501e+00
5.567421349108684080e+04 1.205168338085733870e+00
5.567421349108687718e+04 -2.678363598563350489e+00
5.567421349109045696e+04 -1.708495296464924151e-01
5.567421349109054427e+04 1.344363123719873432e+00
5.567421349109067523e+04 -2.034742129580259906e+00
5.567421349109102448e+04 -2.549808304179701679e+01
5.567421349109161383e+04 1.180683674426381335e+00
5.567421349109220318e+04 7.720903843791921517e+00
5.567421349109522271e+04 3.498608927275118852e+00
5.567421349109542643e+04 2.011016575693417963e+00
5.567421349109713628e+04 2.287626344127357214e+00
5.567421349109776929e+04 -9.763684929692258985e-01
5.567421349109953735e+04 4.293651372825704193e+00
5.567421349109996663e+04 1.940444853053306107e-01
5.567421349110122537e+04 7.538193781990851772e-01
5.567421349110303709e+04 1.484459647428485241e+00
5.567421349110426672e+04 -9.215497048237544231e-01
5.567421349110516894e+04 6.819063047898149543e-01
5.567421349110572919e+04 2.354148358165380372e+00
5.567421349110634765e+04 1.520107354983510017e+00
5.567421349110690790e+04 3.033441208018099911e+00
5.567421349110695155e+04 2.304668978522928402e+00
5.567421349110829760e+04 3.644751335000612213e-01
5.567421349110850133e+04 5.019524548693843000e-03
5.567421349110874144e+04 4.802197212915800151e+00
5.567421349110877054e+04 -2.089266077352932793e+00
5.567421349111153540e+04 -2.887837998899065006e+00
5.567421349111165182e+04 1.192985189542568270e+00
5.567421349111205200e+04 2.744498222990083836e-01
5.567421349111259042e+04 2.621286648638098793e+00
5.567421349111397285e+04 2.646165150167686164e+00
5.567421349111541349e+04 1.517873454932669786e+00
5.567421349111585732e+04 6.221657765066386681e+00
5.567421349111620657e+04 5.777410799561021548e+00
5.567421349111673044e+04 -1.810411648270605856e+00
5.567421349112033204e+04 -1.926146179131905223e+00
5.567421349112119788e+04 5.090007191591825464e-01
5.567421349112414464e+04 8.693989564557020877e-01
5.567421349112605094e+04 -1.361462301637027084e+00
5.567421349112636381e+04 4.641756703484074542e+00
5.567421349112700409e+04 -3.508355884633136967e-01
5.567421349112803728e+04 1.076751366955069455e+00
5.567421349112831376e+04 -5.395441876520569169e-01
5.567421349112923053e+04 -9.873894969772724073e-01
5.567421349113107135e+04 -1.964253759286265444e+00
5.567421349113154429e+04 2.426280947764617224e+00
5.567421349113319593e+04 -7.279536422289824005e-01
5.567421349113326869e+04 3.515655865909709021e+00
5.567421349113430915e+04 9.304545869396462221e-01
5.567421349113445467e+04 4.729438356539303889e+00
5.567421349113574252e+04 -1.801062841121425118e+00
5.567421349113614269e+04 5.085129908468591253e+00
5.567421349113652104e+04 4.699889755674145242e+00
5.567421349113675387e+04 2.359053618842237299e-01
5.567421349113805627e+04 1.466089155295565050e+00
5.567421349113868928e+04 3.771274440962933960e-01
5.570014251921578398e+04 -1.311849350247341062e-01
5.570014251921660616e+04 -5.260945607788072298e-01
5.570014251921671530e+04 7.951260400148667529e-01
5.570014251921699179e+04 -1.159592459594974034e+00
5.570014251921943651e+04 8.556737702951154878e-01
5.570014251921950927e+04 -5.579846676705655373e-01
5.570014251922145195e+04 2.541843449437293789e-01
5.570014251922217227e+04 1.287376031183586012e+00
5.570014251922284166e+04 -5.400347305556644356e-02
5.570014251922318363e+04 -8.879497829864831937e-01
5.570014251922791300e+04 6.733732912901406464e-02
5.570014251922904805e+04 1.531940740123558742e+00
5.570014251923091069e+04 -1.037580196123429888e+00
5.570014251923096162e+04 -1.019734821150662940e+00
5.570014251923144911e+04 -1.307617391577834409e+00
5.570014251923158008e+04 1.941437431913016987e+00
5.570014251923337724e+04 -2.726290268000648442e+00
5.570014251923420670e+04 -9.096732773153675122e-01
5.570014251923518896e+04 -1.658257919021510318e+00
5.570014251923604752e+04 1.578385631258059751e+00
5.570014251923775737e+04 -2.795732708213657158e+00
5.570014251923814300e+04 -3.154923606468573283e+00
5.570014251923927077e+04 -6.823110160792910328e+00
5.570014251923932898e+04 -1.264168250800556281e+00
5.570014251923980919e+04 -2.851059396563861092e+00
5.570014251924149721e+04 1.753634875036084173e+00
5.570014251924182463e+04 -3.271708371651544045e+00
5.570014251924240671e+04 1.395881592613513522e+00
5.570014251924346172e+04 8.239601372031362114e-01
5.570014251924389100e+04 -1.461102250756294074e+00
5.570014251924407290e+04 -1.696750728568412026e+00
5.570014251924512791e+04 -7.627975771505797198e-01
5.570014251924563723e+04 -1.534265705601226770e+00
5.570014251924645941e+04 -3.209305514354106936e+00
5.570014251924656128e+04 -2.298122679060606854e-01
5.570014251924983546e+04 -1.473344398240156450e-01
5.570014251925004646e+04 1.702793203743676376e+00
5.570014251925044664e+04 1.223748617885243917e+00
5.570014251925081771e+04 2.609678256376706806e-01
5.570014251925376448e+04 -2.470127787023984833e+00
5.570014251925382268e+04 -1.300378553261710701e-01
5.570014251925545250e+04 -1.205624143783651236e+00
5.570014251925574354e+04 -5.102205272767416089e-01
5.570014251925612916e+04 -2.307807216853352827e-01
5.570014251925644930e+04 -1.064087852121930799e+00
5.570014251925764256e+04 2.584175640189141920e-01
5.570014251926016732e+04 -1.097833086030877370e+00
5.570014251926046563e+04 -1.639297746142822865e+00
5.570014251926114230e+04 6.450734702015394006e+00
5.570014251926301222e+04 -3.346774300142874026e+00
5.570014251926330326e+04 -4.324277741954930754e+00
5.570014251926595898e+04 -1.519340756802850301e+00
5.570014251926598081e+04 -4.351976411756016128e-01
5.570014251926633005e+04 1.444972699030867280e-01
5.570014251926685392e+04 -3.436203474240601352e+00
5.570014251926812722e+04 9.878096039393436945e-01
5.570413206034823088e+04 -1.700418972278158192e+00
5.570413206034844188e+04 -3.661600286777725533e+00
5.570413206034847826e+04 2.217088475107539480e+00
5.570413206034849281e+04 3.508457606501481640e-01
5.570413206035207259e+04 -1.218667092972364023e-02
5.570413206035230542e+04 1.197683846758883369e-01
5.570413206035329495e+04 1.238186735927712945e-01
5.570413206035338953e+04 -1.321775065776358060e+00
5.570413206035416079e+04 3.966004090265405235e+00
5.570413206035516487e+04 -5.298574977453596180e-01
5.570413206035674375e+04 -1.207524917060667502e-01
5.570413206035703479e+04 9.046463697913054158e-01
5.570413206035917392e+04 8.024336058070125066e-01
5.570413206035938492e+04 -1.688351457873627504e-01
5.570413206036102201e+04 -4.186534516937930661e+00
5.570413206036159681e+04 1.101111207694242866e+00
5.570413206036278279e+04 1.848118345800951579e+00
5.570413206036463089e+04 -1.933280455325795177e+00
5.570413206036578049e+04 -3.848389195365941706e+00
5.570413206036687188e+04 6.119010273005422995e+00
5.570413206036731572e+04 3.362289373340365373e+00
5.570413206036798510e+04 -1.764816844360989512e+00
5.570413206036861811e+04 5.569736151507501676e-01
5.570413206036866177e+04 5.998631468241423015e+00
5.570413206036989141e+04 -1.592094188886879369e+00
5.570413206037020427e+04 1.451857188994367220e+00
5.570413206037038617e+04 3.461893768479141986e+00
5.570413206037051714e+04 2.867818394837162277e+00
5.570413206037326745e+04 -2.574569026767231872e+00
5.570413206037357304e+04 -7.018290635106536612e-01
5.570413206037413329e+04 -7.477079472142195149e-01
5.570413206037566124e+04 2.969308046666262246e+00
5.570413206037702184e+04 1.619047325524300140e-01
5.570413206037757482e+04 2.165071746562873933e+00
5.570413206037769851e+04 9.382237383785572149e-01
5.570413206037833152e+04 5.303691137742851947e-01
5.570413206038188218e+04 -2.664062764450367382e+00
5.570413206038305361e+04 3.842401990790922928e-01
5.570413206038578937e+04 1.661441347427229598e+00
5.570413206038773933e+04 2.844773499129413796e+00
5.570413206038795761e+04 3.110902445554934115e+00
5.570413206038853241e+04 -7.482927361164264823e+00
5.570413206038974749e+04 6.615590328627938277e+00
5.570413206038990029e+04 2.361657683473095959e-01
5.570413206039054057e+04 -8.171723970777961199e+00
5.570413206039079523e+04 -9.380564614711520699e-01
5.570413206039254146e+04 4.713650334970184014e-02
5.570413206039316719e+04 2.063610652602149709e-01
5.570413206039494253e+04 5.097183929893824406e+00
5.570413206039498618e+04 6.951843937151076069e+00
5.570413206039590295e+04 -7.039166194348707162e-01
5.570413206039611396e+04 3.930302579722274814e+00
5.570413206039740908e+04 1.389953623423048734e+00
5.570413206039776560e+04 7.086663463823835052e+00
5.570413206039816578e+04 4.938288642268265249e+00
5.570413206039960642e+04 1.889017224959529617e+00
5.570413206040023942e+04 -7.361037188189841762e-01
5.573105788680048136e+04 -2.356237622606433213e+00
5.573105788680129626e+04 -1.188633160268838918e+00
5.573105788680131809e+04 -3.717463972976711606e+00
5.573105788680160913e+04 -2.539507815798316415e+00
5.573105788680408295e+04 -2.922361268064260553e+00
5.573105788680412661e+04 2.306100278391365610e-01
5.573105788680623664e+04 -6.043151920941773447e+00
5.573105788680684782e+04 -1.839113434141404602e+00
5.573105788680742262e+04 1.142097203707033382e+00
5.573105788680775004e+04 1.417640781275355255e-01
5.573105788681249396e+04 -1.456111485629303370e+00
5.573105788681366539e+04 -3.012926761263969855e+00
5.573105788681551348e+04 -2.686527707971809509e+00
5.573105788681616832e+04 -1.929347500936647419e+00
5.573105788681623380e+04 1.749283289406542874e+00
5.573105788681807462e+04 -4.612124618113486729e-01
5.573105788681878767e+04 3.808946853085746764e-01
5.573105788681985723e+04 -1.194764531489298171e-03
5.573105788682059938e+04 -1.264525502652626532e+00
5.573105788682094862e+04 1.872806340775073686e+00
5.573105788682153070e+04 -5.116281394819813144e+00
5.573105788682238199e+04 -2.216105404577241866e-01
5.573105788682396087e+04 -6.859050556674737287e+00
5.573105788682398997e+04 -2.083114287772492190e+00
5.573105788682447746e+04 1.170227557815996855e+00
5.573105788682532875e+04 -5.297724438548112147e+00
5.573105788682627463e+04 1.598656444935090848e+00
5.573105788682708953e+04 -1.637896716359616311e+00
5.573105788682852290e+04 -3.982618009266892134e+00
5.573105788682858110e+04 -3.965945539426624311e+00
5.573105788682887942e+04 -2.974304824546086135e+00
5.573105788682977436e+04 -1.614609522860908919e-01
5.573105788683028368e+04 -3.765997311749775811e-01
5.573105788683109131e+04 -3.564194325747566339e+00
5.573105788683144783e+04 8.733728011505559330e-01
5.573105788683458377e+04 -4.110339845798500313e+00
5.573105788683490391e+04 5.013122282248649864e-01
5.573105788683499122e+04 4.454432057576711568e-01
5.573105788683540595e+04 -8.462825971721007479e-01
5.573105788683836727e+04 -6.002483318570334347e+00
5.573105788683852734e+04 -1.816856214173927064e+00
5.573105788684029540e+04 -3.695516658218605421e+00
5.573105788684033905e+04 -2.418361596082129195e-01
5.573105788684073923e+04 -7.076873028591998072e+00
5.573105788684113941e+04 -2.595202516585239039e+00
5.573105788684222352e+04 2.225788374248851120e+00
5.573105788684474828e+04 -2.676343878452750680e+00
5.573105788684491563e+04 1.546002689015123055e+00
5.573105788684528670e+04 -2.259116773380719589e+00
5.573105788684581057e+04 3.827671184532420057e+00
5.573105788684750587e+04 -3.481673455274450824e+00
5.573105788684788422e+04 -4.571872635213063418e+00
5.573105788685016159e+04 3.072943502024281792e-01
5.573105788685059815e+04 -5.913166946399979196e-01
5.573105788685147127e+04 -4.466334846585608531e+00
5.573105788685154403e+04 -1.544189128676004996e+00
5.573205511065524479e+04 2.227590818335379197e+00
5.573205511065545579e+04 5.958796316492721568e-01
5.573205511065568135e+04 1.162790952847780002e+00
5.573205511065579049e+04 1.658047454976724788e+00
5.573205511065920291e+04 -3.079266296894514476e-01
5.573205511065951578e+04 3.247686857371169911e+00
5.573205511065953033e+04 -2.749561588035614457e-01
5.573205511066062172e+04 8.110700614064614289e-01
5.573205511066105100e+04 3.362470151411570463e+00
5.573205511066389590e+04 -1.385049531488578234e+00
5.573205511066427425e+04 1.525752944802089006e-01
5.573205511066578765e+04 -4.218705971211385020e-01
5.573205511066666804e+04 2.997372265413810744e-01
5.573205511066820327e+04 -4.722078696325493041e+00
5.573205511066883628e+04 1.645767461055387404e+00
5.573205511067001498e+04 4.503328072485216715e+00
5.573205511067189218e+04 -1.618061662904126230e+00
5.573205511067200132e+04 8.170010295312803095e+00
5.573205511067291081e+04 -5.191750801725230069e+00
5.573205511067411135e+04 2.890516799331739328e+00
5.573205511067447515e+04 2.315139039982768487e+00
5.573205511067550833e+04 1.674046253379042426e+01
5.573205511067714542e+04 2.053740452236614278e+00
5.573205511067715270e+04 1.596729265911399853e+00
5.573205511067756015e+04 4.929742575743544464e+00
5.573205511067801854e+04 2.203231134787565892e+01
5.573205511068018677e+04 -2.693611365341792130e+00
5.573205511068068154e+04 -1.414946195400117179e-01
5.573205511068073247e+04 -5.189286624886825905e+00
5.573205511068133637e+04 1.789774966230351649e-01
5.573205511068292981e+04 6.705019502790411146e+00
5.573205511068397027e+04 3.855250144299807169e-01
5.573205511068427586e+04 1.987576270350596419e-01
5.573205511068481428e+04 8.737096518506334286e-01
5.573205511068498890e+04 4.075768641647822044e+00
5.573205511068547639e+04 -1.972724501714962608e+00
5.573205511068901251e+04 -4.525910850912976180e+00
5.573205511069027125e+04 2.800857348445508155e+00
5.573205511069300701e+04 -1.965362100872884987e+00
5.573205511069489876e+04 -7.016477051638654594e-02
5.573205511069516069e+04 4.660358052812303420e-01
5.573205511069588829e+04 2.406809150805646613e-01
5.573205511069662316e+04 2.222860459653448029e+00
5.573205511069696513e+04 1.384605606455280746e+00
5.573205511069707427e+04 -3.355684526697628733e-01
5.573205511069798376e+04 1.636687668844710508e+00
5.573205511070041393e+04 3.234227501958613971e+00
5.573205511070133798e+04 -4.674524883328323166e-01
5.573205511070248031e+04 9.109647194365571465e+00
5.573205511070331704e+04 2.489226139227580958e+00
5.573205511070453940e+04 3.432743309756020267e+00
5.573205511070467037e+04 1.787224124296814542e+00
5.573205511070474313e+04 6.931554334797047634e-01
5.573205511070507055e+04 1.318944440219738556e+00
5.573205511070516513e+04 4.255046653149603841e+00
5.573205511070548528e+04 1.060556667667406749e+00
5.573205511070672947e+04 8.122644877342466430e-01
5.573205511070736975e+04 -4.025676496358504330e+00
5.576591760123849235e+04 7.064060333080933729e-01
5.576591760123864515e+04 -3.913338010126660382e+00
5.576591760123889253e+04 -4.251009285099007773e-01
5.576591760124216671e+04 -9.880200680248231171e-01
5.576591760124253778e+04 -4.702776336499547405e+00
5.576591760124264692e+04 3.218416460274518553e-01
5.576591760124369466e+04 -3.842687650552465972e-01
5.576591760124410939e+04 -3.121140739438783840e-02
5.576591760124691791e+04 2.332991451656280801e-01
5.576591760124741995e+04 5.756825776635063896e+00
5.576591760124826396e+04 -1.520443674089450248e+00
5.576591760124975553e+04 -1.900919034301950639e+00
5.576591760125127621e+04 -5.705454692041737053e-01
5.576591760125186556e+04 -2.180128563112179396e+00
5.576591760125305154e+04 -4.487742431149288058e-01
5.576591760125502333e+04 1.556484631101514804e+00
5.576591760125593282e+04 -1.904569028990144020e+00
5.576591760125719156e+04 7.362925169371863365e-01
5.576591760125743895e+04 -1.021913798180694499e+00
5.576591760125859582e+04 3.621514320456634906e+00
5.576591760125882138e+04 7.366307720926120517e+00
5.576591760125925794e+04 -2.918813455091396225e+00
5.576591760126022564e+04 1.858123549440252820e+00
5.576591760126061854e+04 -3.605518204556500628e+00
5.576591760126074951e+04 -3.036379439658984492e+00
5.576591760126343434e+04 4.633268744285340190e+00
5.576591760126369627e+04 -1.962620300640691706e+00
5.576591760126377631e+04 5.018233425794757174e+00
5.576591760126438749e+04 2.061548341841258125e+00
5.576591760126602458e+04 2.448822247584420797e+00
5.576591760126710869e+04 -2.492706704917949878e+00
5.576591760126737063e+04 8.194697838617069907e-01
5.576591760126782901e+04 -1.748146526677666790e+00
5.576591760126797453e+04 -1.360973770551453077e+00
5.576591760126855661e+04 3.401384776422517575e+00
5.576591760127204907e+04 -7.120796087495978588e-01
5.576591760127330053e+04 1.033586305986146980e+00
5.576591760127616726e+04 3.693410176912104603e+00
5.576591760127797170e+04 2.981297504517276931e+00
5.576591760127821181e+04 -1.411727204945123715e+00
5.576591760127892485e+04 1.766129048885114017e+00
5.576591760127948510e+04 -5.876875895531006755e+00
5.576591760128007445e+04 -1.781129910280999429e+00
5.576591760128008173e+04 1.882631886414985356e+00
5.576591760128094757e+04 -9.545782829659568147e-01
5.576591760128339956e+04 -2.173028720850180395e+00
5.576591760128426540e+04 -3.849374866183384203e+00
5.576591760128531314e+04 -8.863991369034761592e-01
5.576591760128543683e+04 2.388199193119962871e+00
5.576591760128649912e+04 -1.057462508239408461e+00
5.576591760128654278e+04 8.019198368657207254e+00
5.576591760128772876e+04 -1.235150103425729506e+00
5.576591760128821625e+04 2.998439136410826933e+00
5.576591760128837632e+04 9.581265396228654252e-01
5.576591760128888563e+04 3.339612490139961309e+00
5.576591760128967144e+04 -1.066669275501254788e+00
5.576591760128995520e+04 2.425984535663849861e-01
5.577389567591143714e+04 6.624091341199362937e-01
5.577389567591221567e+04 -3.422367498001152697e+00
5.577389567591222294e+04 2.967769421637817540e-01
5.577389567591252853e+04 1.897953857271902134e+00
5.577389567591497325e+04 3.753099351869140232e-01
5.577389567591500236e+04 -2.442320250903919465e+00
5.577389567591640662e+04 -3.250677859887469268e+00
5.577389567591677041e+04 -5.230690220142857783e+00
5.577389567591784726e+04 -5.027333035159918806e-01
5.577389567591858940e+04 -3.110828829917636096e+00
5.577389567592329695e+04 3.019799954614624582e+00
5.577389567592333333e+04 -1.178828103800886096e+00
5.577389567592465028e+04 2.431763428302148089e+00
5.577389567592649837e+04 -1.251793563652802366e+00
5.577389567592662206e+04 3.876541514411965927e+00
5.577389567592708045e+04 -4.100393641199948092e-01
5.577389567592709500e+04 -5.107360859528360386e+00
5.577389567592897947e+04 -1.983203031286082940e-01
5.577389567592957610e+04 3.801823337565441441e-01
5.577389567592969979e+04 -1.823433091421987395e+00
5.577389567593240645e+04 7.497779581728763354e+00
5.577389567593248648e+04 -6.610760528958916638e+00
5.577389567593322136e+04 4.852552645714954260e-01
5.577389567593351967e+04 1.770423559374755706e+00
5.577389567593488027e+04 1.426787289211920440e-01
5.577389567593509128e+04 -2.701467721646855225e+00
5.577389567593530955e+04 -6.823793274564963207e-01
5.577389567593701940e+04 2.444804380816213707e-01
5.577389567593709216e+04 -2.335362063398598753e+00
5.577389567593802349e+04 8.774187858414307373e-01
5.577389567593950051e+04 -5.256512241732316237e-01
5.577389567594058462e+04 -2.714649453642873134e+00
5.577389567594073014e+04 2.909691064147316819e+00
5.577389567594118125e+04 -2.219677922995868247e-01
5.577389567594201071e+04 5.678548717538533380e-02
5.577389567594220716e+04 -2.140048609428542026e+00
5.577389567594551045e+04 3.305960829441481508e+00
5.577389567594559048e+04 -6.860415000545210695e+00
5.577389567594576511e+04 1.152769564371798117e+00
5.577389567594745313e+04 -1.345078075508248650e-01
5.577389567594937398e+04 1.288118512447154140e+00
5.577389567594949767e+04 -3.457512501305999297e-01
5.577389567594951222e+04 4.768788741877927784e+00
5.577389567595114931e+04 -1.925956652331948515e-01
5.577389567595177505e+04 3.984997577095935828e+00
5.577389567595207336e+04 -1.884932058527000409e+00
5.577389567595298286e+04 1.119198652142266548e+00
5.577389567595563130e+04 1.376538342497177103e+00
5.577389567595606786e+04 -2.057620280093116705e+00
5.577389567595645349e+04 3.532247587393038124e+00
5.577389567595659173e+04 -1.418245499344701521e+01
5.577389567595887638e+04 -8.668374906203631935e-01
5.577389567596111010e+04 -1.587530663501743433e+00
5.577389567596135748e+04 1.664420912931677154e+00
5.577389567596145207e+04 -7.275049693328229372e-01
5.577389567596165580e+04 1.920680239292791525e+00
5.577389567596224515e+04 -1.765829460629267045e+00
5.579982468349919509e+04 2.702305480158525564e-01
5.579982468349974079e+04 2.535366461514764858e+00
5.579982468350002455e+04 -7.306298468672340896e-01
5.579982468350049021e+04 -3.651999541417071393e-01
5.579982468350074487e+04 -1.579016878736079654e+00
5.579982468350320414e+04 -1.544733614948578859e+00
5.579982468350333511e+04 2.356589002140688782e-01
5.579982468350504496e+04 2.864330841270083639e+00
5.579982468350565614e+04 -5.986609285210193754e+00
5.579982468350611452e+04 -1.916056010891317163e+00
5.579982468350643467e+04 -4.939452478175000022e-03
5.579982468350686395e+04 -1.551564442271964106e+00
5.579982468351159332e+04 -4.301810506137599410e-01
5.579982468351285206e+04 -4.641831584219273665e+00
5.579982468351470743e+04 -2.487224224493021385e+00
5.579982468351474381e+04 -2.653126813246999394e+00
5.579982468351533316e+04 -6.000779731775055525e-01
5.579982468351537682e+04 -2.637119348334794111e+00
5.579982468351720308e+04 -2.725442333007677576e+00
5.579982468351819989e+04 -3.647857971766821361e+00
5.579982468351980060e+04 -2.524692625154690617e+00
5.579982468351989519e+04 -4.463735086324054357e+00
5.579982468352146680e+04 -1.535303918971460402e-01
5.579982468352172145e+04 -3.447921765088453494e+00
5.579982468352278374e+04 -3.840313411029913304e+00
5.579982468352310389e+04 9.082556145881262588e-02
5.579982468352356227e+04 -1.151485425442308808e+00
5.579982468352369324e+04 -5.217494315070798638e-01
5.579982468352482101e+04 -7.545872412478028535e-01
5.579982468352551950e+04 -1.631076649672654977e+00
5.579982468352630531e+04 -9.138957358244482743e-01
5.579982468352709111e+04 -3.585972514863366434e-01
5.579982468352782598e+04 1.013852402158675448e+00
5.579982468352889555e+04 -5.527755884574094836e+00
5.579982468352949218e+04 -8.042925934409050903e-01
5.579982468352959404e+04 -2.348855852744523354e+00
5.579982468353026343e+04 -4.951277131736595560e-01
5.579982468353372678e+04 -8.984056713083718448e-02
5.579982468353404693e+04 4.387601030145984460e+00
5.579982468353415607e+04 -1.301212683962334582e+00
5.579982468353466538e+04 -9.856560087516565982e-01
5.579982468353758304e+04 2.113700794290259144e-01
5.579982468353768490e+04 3.489805638576357616e+00
5.579982468353773584e+04 -4.494339117464016264e-01
5.579982468353938748e+04 -1.448430571134197820e+00
5.579982468353998411e+04 -1.806581995678348429e+00
5.579982468354033335e+04 -3.381193147574627300e+00
5.579982468354122830e+04 8.258733714754959987e-01
5.579982468354386219e+04 -2.333654172242729530e-01
5.579982468354431330e+04 -5.071467810393407660e+00
5.579982468354507000e+04 7.736901580504541798e+00
5.579982468354714365e+04 -4.936556634291114909e-01
5.579982468354804587e+04 -1.476042264442021912e+00
5.579982468354934826e+04 4.341574910600420889e-01
5.579982468354943558e+04 2.012672587746686670e+00
5.579982468354969751e+04 -1.439903873637268905e+00
5.579982468355018500e+04 5.033180036196860385e-01
5.580082200555581221e+04 -2.247837966833906853e-01
5.580082200555600866e+04 -1.742907687497672331e-01
5.580082200555633608e+04 5.711949780690783740e+00
5.580082200555950112e+04 2.134107051131379773e+00
5.580082200555991585e+04 -1.379111833794538500e+00
5.580082200556002499e+04 -6.375560143806506819e-01
5.580082200556108728e+04 1.943110748895712891e+00
5.580082200556118914e+04 1.134034331988452493e+00
5.580082200556420139e+04 -2.693824425237173692e+00
5.580082200556471798e+04 1.334194359095885130e+00
5.580082200556605676e+04 -9.773369467912013109e-01
5.580082200556714815e+04 2.969760572177120861e-01
5.580082200556861790e+04 1.582923419295382272e+00
5.580082200556925818e+04 1.783466523675518944e+00
5.580082200557034957e+04 1.195240610840734963e+00
5.580082200557237957e+04 2.011883879943657139e+00
5.580082200557242322e+04 -6.927194148934757933e+00
5.580082200557329634e+04 3.311888886657864184e+00
5.580082200557454780e+04 3.344616748354707347e-01
5.580082200557473698e+04 -2.304777173013456970e+00
5.580082200557633041e+04 -2.614690990870140563e+00
5.580082200557648321e+04 -1.988335396369482755e-01
5.580082200557650503e+04 4.601727280808844078e+00
5.580082200557750912e+04 -2.961083234414102261e+00
5.580082200557801843e+04 -2.025729053163082494e+00
5.580082200557814940e+04 -6.569293942058351821e-01
5.580082200558103068e+04 4.148734681911909195e-01
5.580082200558107434e+04 -1.647924473257379452e+00
5.580082200558131444e+04 -1.222644136970475914e+00
5.580082200558167096e+04 -1.432772781646254767e+00
5.580082200558335171e+04 3.494444576176982231e+00
5.580082200558452314e+04 -1.650495675756567804e-01
5.580082200558471959e+04 4.065619826452164243e-01
5.580082200558521436e+04 -6.600456632556982450e-01
5.580082200558533077e+04 8.016782118859319128e-01
5.580082200558583281e+04 2.880490654919994342e-01
5.580082200558935438e+04 -1.054305348931603215e+00
5.580082200559070043e+04 1.141157847565142269e+00
5.580082200559355988e+04 2.979016257873045692e+00
5.580082200559527701e+04 1.607375801163161144e+00
5.580082200559563353e+04 5.513825658639408545e+00
5.580082200559618650e+04 -4.821754111523489428e+00
5.580082200559732155e+04 -3.674433375535514301e+00
5.580082200559742341e+04 8.721859512585928842e-01
5.580082200559744524e+04 -1.624698799510057690e+00
5.580082200559828198e+04 1.538658625222465659e+00
5.580082200560079946e+04 3.898530839533601799e+00
5.580082200560162164e+04 1.561720737887059895e+00
5.580082200560272759e+04 2.687851705183770257e+00
5.580082200560274941e+04 -5.745979102475750055e-01
5.580082200560382626e+04 -5.698331176533784070e-01
5.580082200560392084e+04 3.058696330595510826e+00
5.580082200560509227e+04 -4.232049112270875879e-01
5.580082200560545607e+04 -4.328600230143643479e+00
5.580082200560603815e+04 1.708193991708661263e+00
5.580082200560625643e+04 2.855450164111349221e+00
5.580082200560697675e+04 -2.014246915264752968e-01
5.580082200560776255e+04 3.119855262818582720e+00
5.582675797179366054e+04 9.001860581494264268e-01
5.582675797179440997e+04 -1.556690790958238813e+00
5.582675797179451183e+04 -1.729122910305864513e+00
5.582675797179470828e+04 -1.000746670762086898e+00
5.582675797179718938e+04 4.491448513288850974e-01
5.582675797179728397e+04 5.863338615874127413e-01
5.582675797179908841e+04 3.578817301525574202e+00
5.582675797180002701e+04 -3.514366302859686098e+00
5.582675797180044901e+04 4.013377577141651109e+00
5.582675797180084919e+04 6.057890219541351984e-01
5.582675797180556401e+04 3.108367389253690050e-01
5.582675797180681548e+04 -3.772375302386775875e+00
5.582675797180825612e+04 8.246595760797629238e-01
5.582675797180871450e+04 -8.737673154570694267e-01
5.582675797180928930e+04 -7.412742299684741409e-01
5.582675797180933296e+04 -1.434540791832748408e+00
5.582675797181121743e+04 1.018148032709248474e+00
5.582675797181201779e+04 3.887426934962218805e+00
5.582675797181299276e+04 -1.404880280751535038e+00
5.582675797181379312e+04 -9.804875094126079549e-02
5.582675797181543749e+04 5.229238123567589991e-01
5.582675797181574308e+04 2.785550354528542716e+00
5.582675797181706002e+04 1.153632564316178222e+00
5.582675797181753296e+04 -1.483093499683001970e-01
5.582675797181775852e+04 2.314794841286296478e-01
5.582675797181924281e+04 1.271710753329518440e+00
5.582675797181969392e+04 -1.846337147650453994e-02
5.582675797182018141e+04 -1.028539142108973570e+00
5.582675797182141832e+04 1.641995827672084740e+00
5.582675797182174574e+04 -1.243510055683218374e+00
5.582675797182322276e+04 2.004877610901650620e+00
5.582675797182345559e+04 1.050808598386834714e+00
5.582675797182424139e+04 1.459745739121694807e+00
5.582675797182440874e+04 -3.031460814580108298e+00
5.582675797182738461e+04 -7.848390656058841230e+00
5.582675797182771203e+04 2.329219237953421118e+00
5.582675797182796668e+04 8.603494343130251021e-02
5.582675797182853421e+04 1.564786388145919416e+00
5.582675797183004761e+04 3.989200666570881015e+00
5.582675797183151735e+04 -1.293013108642880882e+00
5.582675797183168470e+04 1.062322437763158378e+00
5.582675797183336545e+04 -4.941420424428686897e-01
5.582675797183397663e+04 3.878395749786134328e-01
5.582675797183431132e+04 1.086835078977424818e+00
5.582675797183519899e+04 1.416539787847101772e+00
5.582675797183785471e+04 2.495857851581221976e+00
5.582675797183829854e+04 9.781616522210069276e-01
5.582675797183832037e+04 -6.188616722628134115e-01
5.582675797183888062e+04 -3.587056291415705811e+00
5.582675797184111434e+04 9.579145118747541821e-01
5.582675797184304247e+04 3.785821068675304879e+00
5.582675797184304975e+04 -1.965490196044484827e+00
5.582675797184366820e+04 -7.280042610723225227e-01
5.582675797184382100e+04 2.926944606308815366e+00
5.582675797184457770e+04 -2.303820599908611655e+00
5.582875247431200842e+04 -2.564456217302388374e+00
5.582875247431219032e+04 -3.807696919844058669e+00
5.582875247431238677e+04 -4.579873095647609027e+00
5.582875247431569733e+04 -1.116863158846665094e+00
5.582875247431611933e+04 -2.366706564043771888e+00
5.582875247431630851e+04 4.147139381080542364e+00
5.582875247431715252e+04 -4.999365802262559777e-01
5.582875247431825119e+04 4.358903636585639063e+00
5.582875247432043398e+04 -1.982480059517796489e+00
5.582875247432095057e+04 2.768272107044215780e+00
5.582875247432227479e+04 -2.768705271479980468e+00
5.582875247432333708e+04 -1.200348178862861825e+00
5.582875247432479955e+04 -2.009411683060864373e+00
5.582875247432549077e+04 3.674585587641782780e+00
5.582875247432656761e+04 1.083438002328814376e+00
5.582875247432856122e+04 -7.580574899680219136e-01
5.582875247432999458e+04 1.581240461854139134e+00
5.582875247433056211e+04 1.506527480959050536e+00
5.582875247433072218e+04 -3.010224731324733227e+00
5.582875247433240293e+04 6.154894713971605924e+00
5.582875247433262120e+04 4.882220053211961397e-01
5.582875247433380719e+04 3.935547295136213375e+00
5.582875247433419281e+04 -4.226645720537835160e+00
5.582875247433435288e+04 -3.701637737976971043e-01
5.582875247433733603e+04 3.334258016872519104e+00
5.582875247433791810e+04 3.272133363303802445e-01
5.582875247433898039e+04 2.029634561678189453e+00
5.582875247434074845e+04 2.299932163605242330e+00
5.582875247434090124e+04 -1.569100944114851570e+00
5.582875247434143967e+04 1.554360489179301696e+00
5.582875247434153425e+04 -3.097537791633745985e-01
5.582875247434202174e+04 -3.042579696031979530e+00
5.582875247434325865e+04 4.437748614042898165e-02
5.582875247434344055e+04 -1.390371723082033162e+00
5.582875247434560879e+04 1.467208257518755721e+00
5.582875247434685298e+04 -3.304350600462018228e+00
5.582875247434974153e+04 4.174075308862629896e+00
5.582875247435149504e+04 1.119791605084887509e+00
5.582875247435182973e+04 3.807095890086545698e+00
5.582875247435245547e+04 -2.981151168554866393e-01
5.582875247435310303e+04 1.514675405422375887e+00
5.582875247435361234e+04 -1.411819746114653551e+00
5.582875247435361962e+04 -1.701421860042770628e+00
5.582875247435447091e+04 -2.457396880178091880e+00
5.582875247435696656e+04 -4.730996499416103562e-01
5.582875247435890196e+04 -2.080207806448490793e+00
5.582875247435896017e+04 2.082895215301638459e+00
5.582875247436005156e+04 1.983957977206552092e+00
5.582875247436008067e+04 -6.653958323629136640e-01
5.582875247436130303e+04 -6.233751186233252306e-02
5.582875247436169593e+04 -1.445543458830002237e+00
5.582875247436172504e+04 5.018429268778965557e+00
5.582875247436224163e+04 2.104476669743853723e+00
5.582875247436239442e+04 -2.391184771345901794e+00
5.582875247436312929e+04 -7.163574347457378977e+00
5.582875247436394420e+04 -5.524310793042892520e-01
5.586365692585364741e+04 8.235487411707826055e+00
5.586365692585481156e+04 -2.169527822942342254e+01
5.586365692585497891e+04 -9.166731721123166921e+00
5.586365692585729994e+04 -7.802752809837783410e+00
5.586365692585788929e+04 5.010661149472912967e+00
5.586365692586055229e+04 -1.218819990665500974e+01
5.586365692586120713e+04 -2.351916938415374858e+01
5.586365692586122896e+04 1.235245329546086523e+01
5.586365692586626392e+04 3.685700164896951403e+00
5.586365692586717341e+04 -2.397974017616863307e+01
5.586365692586820660e+04 -2.227397455708236507e+01
5.586365692586936348e+04 1.235624013408396671e+00
5.586365692587001831e+04 7.314289872570805429e+00
5.586365692587166268e+04 -1.239871162860805853e+01
5.586365692587252124e+04 5.035823730779397600e+00
5.586365692587386729e+04 2.339387661413524455e+01
5.586365692587452213e+04 5.290630376479457553e+00
5.586365692587601370e+04 -6.507357643084988652e+00
5.586365692587623926e+04 -4.925808057855001643e+00
5.586365692587781086e+04 1.039160125513828525e+01
5.586365692587813828e+04 -3.358561458885951811e+00
5.586365692587986268e+04 -4.907106139316398163e+00
5.586365692588007369e+04 8.173209377338425341e+00
5.586365692588087404e+04 -1.005513095893357089e+01
5.586365692588232196e+04 -4.071373570145429888e+00
5.586365692588331876e+04 -1.124033880716789474e-01
5.586365692588344245e+04 -7.483718309492606302e+00
5.586365692588417733e+04 8.787531891359627423e+00
5.586365692588481761e+04 -3.658433487117467298e+00
5.586365692588515958e+04 3.510655372462450075e+00
5.586365692588828097e+04 -4.968110118936103881e+00
5.586365692588869570e+04 3.752639690124190519e+00
5.586365692589031096e+04 -1.876181021063996468e+01
5.586365692589224636e+04 6.971659533922148100e+00
5.586365692589237733e+04 5.997485420936305545e+00
5.586365692589406535e+04 3.019111276465104687e+00
5.586365692589426180e+04 -2.723984398140524732e+01
5.586365692589600803e+04 1.183894897198735130e+01
5.586365692589848186e+04 -2.018937132345540938e-02
5.586365692589891114e+04 -7.754153647071531097e+00
5.586365692589923128e+04 2.647000433097243288e+01
5.586365692590186518e+04 -4.237814188780467894e+00
5.586365692590189428e+04 1.368789940628769841e+01
5.586365692590400431e+04 8.810051669908297356e+00
5.586365692590419349e+04 -1.067778647969602268e+01
5.586365692590513936e+04 -8.845166328234675746e+00
5.586464962588756316e+04 1.429176001562906473e+00
5.586464962588776689e+04 1.230057600293720910e+00
5.586464962588785420e+04 2.531675124864026794e-01
5.586464962589120114e+04 -5.194230043637919181e+00
5.586464962589152128e+04 -1.147998145049621499e+01
5.586464962589168135e+04 3.141380762222547585e+00
5.586464962589269271e+04 -2.832778173554731715e+00
5.586464962589315837e+04 8.205738211980687646e-01
5.586464962589597417e+04 -6.952500342086253005e-01
5.586464962589636707e+04 -2.535729726119736682e+00
5.586464962589788774e+04 3.507572505262656737e+00
5.586464962589881907e+04 8.873239599084841167e-01
5.586464962590029609e+04 -3.706839991192342421e+00
5.586464962590095820e+04 2.166724574466216247e+00
5.586464962590220966e+04 4.278500451760193890e+00
5.586464962590402865e+04 -1.068685811518119921e+00
5.586464962590507639e+04 4.137243935626687907e+00
5.586464962590610958e+04 -2.232431523628801262e+00
5.586464962590650248e+04 -1.422197266407540406e+00
5.586464962590753566e+04 5.164265495291124886e+00
5.586464962590812502e+04 5.824178509004354964e+00
5.586464962590927462e+04 -2.323263879651879638e+00
5.586464962590942741e+04 -2.138067382309958830e+01
5.586464962590979121e+04 -1.129642444508634824e+00
5.586464962591005315e+04 -5.777227877882039619e-01
5.586464962591269432e+04 -4.122836083924108941e+00
5.586464962591280346e+04 1.166316124657756026e+00
5.586464962591341464e+04 -4.425825953010415481e-01
5.586464962591494259e+04 -3.793144287767177492e+00
5.586464962591619405e+04 4.226087733222875897e+00
5.586464962591635413e+04 -3.551990688236067673e+00
5.586464962591690710e+04 5.604911964886094111e+00
5.586464962591705989e+04 1.527915244664333372e+00
5.586464962591761287e+04 3.195205271158177318e+00
5.586464962592106895e+04 -5.198090946038179894e+00
5.586464962592250231e+04 -9.112539651502997717e-01
5.586464962592509255e+04 -6.003061118938907370e+00
5.586464962592692609e+04 3.059966081173572494e+00
5.586464962592727534e+04 1.902007998739015104e-01
5.586464962592799566e+04 3.953870440689891907e+00
5.586464962592864322e+04 4.624137881678662132e-01
5.586464962592912343e+04 2.543823259181086538e+00
5.586464962592912343e+04 -2.635626809517340075e+00
5.586464962592999655e+04 -2.568166471368749537e+00
5.586464962593244854e+04 -2.282055095281650292e+00
5.586464962593340169e+04 1.212939641714192662e+00
5.586464962593432574e+04 -3.265625362046832958e+00
5.586464962593436212e+04 -1.233155088682402090e+00
5.586464962593556993e+04 -3.069674880695810071e+00
5.586464962593679957e+04 1.734346548027212220e+00
5.586464962593721430e+04 3.504142026764320406e+00
5.586464962593776727e+04 1.013873048493713824e+01
5.586464962593788368e+04 1.207593776852293299e+00
5.586464962593874225e+04 -1.922319710770404866e+00
5.586464962593949167e+04 6.654533511835818427e-01
5.589257773731841735e+04 2.184997101187182267e+00
5.589257773731919588e+04 2.598087832584941914e+00
5.589257773731921770e+04 -1.495415644315074566e+00
5.589257773731957423e+04 6.077036366550584212e+00
5.589257773732198984e+04 -4.297678436816806391e-01
5.589257773732199712e+04 1.505641839817484673e+00
5.589257773732467467e+04 1.120579541236882903e+01
5.589257773732482747e+04 1.247344456270241597e+00
5.589257773732524947e+04 -2.667778442953580686e+00
5.589257773732561327e+04 2.347507057885444004e-01
5.589257773733034992e+04 -2.947411939319415364e+00
5.589257773733152862e+04 -2.496938892039172853e+00
5.589257773733349313e+04 2.659143463073487812e+00
5.589257773733388603e+04 -2.828873196728329376e+00
5.589257773733403155e+04 -3.194221308924189096e+00
5.589257773733410431e+04 4.457841906842149093e+00
5.589257773733594513e+04 3.201941545603544381e-01
5.589257773733663635e+04 -1.376545475319503664e+00
5.589257773733769136e+04 -2.707493656384516001e+00
5.589257773733862268e+04 -1.476128349269662188e+00
5.589257773733884824e+04 -5.120071277561524248e+00
5.589257773734025977e+04 5.393014418370151164e-01
5.589257773734044167e+04 -1.302486738753700246e+00
5.589257773734184593e+04 1.122792691769215701e+00
5.589257773734212242e+04 5.814348659203671055e+00
5.589257773734231887e+04 -1.127863761741341397e+00
5.589257773734301009e+04 2.519977915388160739e-01
5.589257773734492366e+04 -2.382286877282500548e+00
5.589257773734626971e+04 5.827528239080718819e+00
5.589257773734642251e+04 -6.417214857082910173e-01
5.589257773734646617e+04 3.515433077808899576e+00
5.589257773734763032e+04 -1.685236889304525754e+00
5.589257773734808870e+04 -2.278937794190468491e+00
5.589257773734869988e+04 -2.920837567614355201e+00
5.589257773734898365e+04 -1.306816803207100142e+00
5.589257773734934017e+04 2.758468082682489442e+00
5.589257773735249793e+04 -2.168328351586734926e-01
5.589257773735283263e+04 -9.684238986981245745e+00
5.589257773735284718e+04 -9.166762742601637370e-01
5.589257773735326919e+04 4.793778262105408694e-01
5.589257773735631054e+04 4.378591366305257804e-01
5.589257773735641240e+04 1.319319941150711495e+00
5.589257773735824594e+04 3.514141806103114440e+00
5.589257773735866795e+04 6.491404256562964548e-02
5.589257773735900264e+04 -1.802389666931402346e+00
5.589257773736009403e+04 2.322194719926865325e+00
5.589257773736250965e+04 3.463881207074932966e+00
5.589257773736266245e+04 1.061375505203049796e+00
5.589257773736317176e+04 -1.064027592846338077e+00
5.589257773736387026e+04 4.564496645500991434e+00
5.589257773736590025e+04 3.408296264379897522e+00
5.589257773736803938e+04 -9.591548091414792143e-01
5.589257773736846138e+04 -5.790259401533978112e-01
5.589257773736937816e+04 -1.044142008577245040e+00
5.589257773736961826e+04 1.927026839805404901e+00
5.589257773736967647e+04 -6.296739206933146260e-01
5.589357501629586477e+04 -6.634417078630455711e-01
5.589357501629605395e+04 -3.634042396696172350e+00
5.589357501629622129e+04 3.397366769447886181e+00
5.589357501629960461e+04 -3.139696241092196249e+00
5.589357501629992476e+04 -2.441290417822906456e+00
5.589357501630019397e+04 4.617924132385737401e+00
5.589357501630108163e+04 1.939727617088761846e+00
5.589357501630142360e+04 -2.503638891822016488e-01
5.589357501630435581e+04 1.274133007863486711e+00
5.589357501630463958e+04 -4.170230059806624645e+00
5.589357501630618935e+04 -3.030915208357789936e+00
5.589357501630708430e+04 5.574083433281171729e-01
5.589357501630871411e+04 2.977402168336185095e+00
5.589357501630923070e+04 -2.937161845844467045e-01
5.589357501631037303e+04 -1.090344742273835044e+00
5.589357501631231571e+04 -8.860052990722679933e-01
5.589357501631341438e+04 7.198331069598805643e-01
5.589357501631446212e+04 -1.977637790665456308e+00
5.589357501631485502e+04 -1.438153080466231248e+00
5.589357501631583000e+04 1.002759346175564836e+00
5.589357501631636842e+04 2.240404538019980407e+00
5.589357501631755440e+04 1.014129573859760408e-01
5.589357501631792547e+04 1.420313573436465804e+00
5.589357501631810737e+04 4.772390358070841110e+00
5.589357501632103231e+04 3.317979384976181390e+00
5.589357501632159983e+04 -3.761796515027589827e+00
5.589357501632177446e+04 1.165872788050413833e+00
5.589357501632325875e+04 -5.153328432094262945e-01
5.589357501632440108e+04 2.830235932027789225e+00
5.589357501632465573e+04 -2.458128600866352098e+00
5.589357501632508502e+04 -3.554943396238760212e+00
5.589357501632523054e+04 5.339473848861725713e+00
5.589357501632530330e+04 -5.371414042918670972e+00
5.589357501632594358e+04 1.496929027979750471e+00
5.589357501632948697e+04 -6.385890317656901516e-01
5.589357501633058564e+04 1.112741261596351894e+00
5.589357501633339416e+04 -3.778669131983189544e+00
5.589357501633532956e+04 7.619586942416292086e-01
5.589357501633560605e+04 2.975706298162586361e+00
5.589357501633624634e+04 -1.040854602030088616e+00
5.589357501633701031e+04 -1.820778408085629296e+00
5.589357501633738138e+04 1.757094451261452361e+00
5.589357501633749052e+04 -1.222385882668460821e+00
5.589357501633840002e+04 6.666111914864134569e-01
5.589357501634081564e+04 -2.456824416443508241e+00
5.589357501634176879e+04 -7.903177614345286983e-01
5.589357501634256187e+04 -1.845390046797904526e+00
5.589357501634293294e+04 1.172027849847992353e+00
5.589357501634322398e+04 3.016544917977568740e+00
5.589357501634384244e+04 5.458524795896147808e+00
5.589357501634507935e+04 1.326308993255267188e+00
5.589357501634542859e+04 -1.661030881123861658e+00
5.589357501634593063e+04 4.871478244533816948e+00
5.589357501634610526e+04 -1.197412687878565585e+00
5.589357501634716027e+04 8.038733738114328675e-01
5.589357501634782238e+04 -1.504997912435737550e+00
5.591850672139410744e+04 3.028472996389288685e+00
5.591850672139477683e+04 4.052554760822620672e+00
5.591850672139491508e+04 1.006693560997241887e-01
5.591850672139502421e+04 -9.392959420287395889e-02
5.591850672139778908e+04 4.577491143141177332e+00
5.591850672139781818e+04 1.234578083350093669e+00
5.591850672140060487e+04 1.889412095032789951e+00
5.591850672140073584e+04 2.841483940672853148e+00
5.591850672140114330e+04 2.244244951307714064e+00
5.591850672140144161e+04 3.253731041226522347e+00
5.591850672140620736e+04 2.112586888184671441e+00
5.591850672140729148e+04 8.617319867793044041e-01
5.591850672140922688e+04 7.461760818275481322e-01
5.591850672140983079e+04 -2.231561035325178910e+00
5.591850672140983079e+04 1.132150107407271733e+00
5.591850672141067480e+04 1.861537843143656223e+00
5.591850672141173709e+04 2.156795727152134745e+00
5.591850672141252289e+04 2.473269205286854788e+00
5.591850672141347604e+04 -2.683519045071119269e+00
5.591850672141442192e+04 -1.148640323497706062e+00
5.591850672141448740e+04 1.826643377414007174e+00
5.591850672141609539e+04 1.356586042591814811e+00
5.591850672141665564e+04 6.461159569406385472e+00
5.591850672141723771e+04 5.852742471308065575e+00
5.591850672141752148e+04 -8.386197913667818582e-02
5.591850672141817631e+04 3.854878279621206882e+00
5.591850672141846007e+04 3.930142203113083266e+00
5.591850672142000985e+04 1.711125318899593406e-01
5.591850672142073745e+04 8.900486835735969826e-02
5.591850672142163967e+04 1.513286168329276649e+00
5.591850672142222902e+04 6.923980278062991101e-02
5.591850672142345138e+04 2.525440886440065036e+00
5.591850672142387339e+04 -1.171405443670903823e+00
5.591850672142486292e+04 6.134756211854088370e+00
5.591850672142516123e+04 1.718693062809394156e+00
5.591850672142831172e+04 -5.464569638734707337e-03
5.591850672142836993e+04 -4.329765647030487941e+00
5.591850672142852272e+04 2.157355278224646788e+00
5.591850672142906114e+04 6.791160379065005470e-01
5.591850672143101838e+04 5.573078845266592474e+00
5.591850672143210249e+04 1.031000490453188423e+00
5.591850672143222619e+04 2.045087811883652851e+00
5.591850672143407428e+04 3.975246323796565839e+00
5.591850672143445263e+04 1.862562252030254939e+00
5.591850672143482370e+04 2.392861716166887920e+00
5.591850672143592965e+04 1.584254461279869242e+00
5.591850672143849806e+04 8.422251755437338838e-01
5.591850672143867996e+04 -1.385141040653410593e+00
5.591850672143906559e+04 4.612346870719652436e+00
5.591850672143942211e+04 -9.405949304987437642e-01
5.591850672144165583e+04 2.210115748409672842e-01
5.591850672144418786e+04 1.359314930130065324e+00
5.591850672144429700e+04 2.097341273578230414e+00
5.591850672144480632e+04 3.654128571759996280e+00
5.591850672144520649e+04 1.710885173228342770e+00
5.591850672144627606e+04 3.473341924470404685e+00
5.591950398951566604e+04 -3.760199642385086971e+00
5.591950398951584793e+04 -3.531261473186253941e+00
5.591950398951592797e+04 2.138781454793787340e+00
5.591950398951966054e+04 -4.756785927963328220e+00
5.591950398952003161e+04 5.232763155142427181e+00
5.591950398952071555e+04 6.047721895017489357e-01
5.591950398952113028e+04 4.004069208642372368e-01
5.591950398952415708e+04 6.992717571710110880e-01
5.591950398952446267e+04 -1.638541232262758385e+00
5.591950398952569958e+04 2.996323603091780807e+00
5.591950398952602700e+04 -2.422739147671467919e+00
5.591950398952676187e+04 -3.267941042701058674e+00
5.591950398952836986e+04 -4.315003139258914544e+00
5.591950398952895921e+04 -2.912001996998046405e+00
5.591950398953017429e+04 3.402250508960467101e-01
5.591950398953205149e+04 -1.491409429865200087e+00
5.591950398953320109e+04 -1.954846845075833839e+00
5.591950398953418335e+04 3.160868784756767358e-01
5.591950398953464901e+04 -2.397404396803725746e+00
5.591950398953542754e+04 5.501772217806411014e-01
5.591950398953600234e+04 -1.049135957912583406e+00
5.591950398953621334e+04 -2.426303057579468181e+00
5.591950398953726835e+04 -3.922094984618927249e+00
5.591950398953762488e+04 1.768199387947033907e+00
5.591950398953774857e+04 -1.281087094424943729e+00
5.591950398954065895e+04 -4.500817137723139183e+00
5.591950398954092088e+04 -5.521283341380591736e+00
5.591950398954156117e+04 1.157638778816880931e+00
5.591950398954244883e+04 -1.664633529197901529e+00
5.591950398954304546e+04 3.899387383258146489e+00
5.591950398954404955e+04 -7.065486616475146198e-01
5.591950398954439879e+04 -3.258695537287550792e+00
5.591950398954474804e+04 -5.875010008227671499e+00
5.591950398954514822e+04 9.151121270340411007e-01
5.591950398954573757e+04 9.637414194743655349e-01
5.591950398954928096e+04 -2.750093742047148293e+00
5.591950398955033597e+04 -1.705460808100948411e-01
5.591950398955316632e+04 -9.795708468822662551e-01
5.591950398955503624e+04 -1.965611746863163534e+00
5.591950398955532000e+04 -1.335346331502544226e+00
5.591950398955600394e+04 -1.953030456209678967e+00
5.591950398955685523e+04 -1.093641789372395312e+00
5.591950398955707351e+04 -1.431528856628362156e+00
5.591950398955726996e+04 -2.135952006052917795e+00
5.591950398955820128e+04 -1.966943328524891899e-01
5.591950398956059507e+04 2.065592174509199186e+00
5.591950398956159916e+04 -1.470650085074999724e+00
5.591950398956226854e+04 -2.682078157063787938e+00
5.591950398956231220e+04 -5.546951090457579170e-01
5.591950398956337449e+04 -1.586322204480317355e+00
5.591950398956347635e+04 -1.273378202341334253e+00
5.591950398956477147e+04 -3.257214879064902924e+00
5.591950398956517165e+04 -8.690853354952340348e-01
5.591950398956553545e+04 -3.229172761854006257e+00
5.591950398956580466e+04 -2.234704161873271921e+00
5.591950398956696881e+04 -8.769879183347132345e-01
5.591950398956766730e+04 1.792600118947582644e+00
5.594842483909574366e+04 -3.944102558764102540e+00
5.594842483909598377e+04 -1.047874815890381672e+00
5.594842483909600560e+04 -2.273816781864568703e+00
5.594842483909959265e+04 3.543687803170832984e-01
5.594842483909966541e+04 1.258190106559872401e+00
5.594842483909978910e+04 -3.155992090078960199e+00
5.594842483910079318e+04 -4.768523587816626552e+00
5.594842483910122974e+04 -4.804933145681452800e+00
5.594842483910427836e+04 -2.598756698153652067e+00
5.594842483910455485e+04 2.193716457419319976e+00
5.594842483910626470e+04 2.979778108331243569e+00
5.594842483910685405e+04 -1.454956829625067449e+00
5.594842483910855663e+04 -4.906470144148324053e+00
5.594842483910909505e+04 3.187641151488783686e-01
5.594842483911030286e+04 5.464626635124193443e-01
5.594842483911210002e+04 -4.131806118159683905e+00
5.594842483911333693e+04 -5.740283022741106578e+00
5.594842483911431918e+04 -7.596500584365000197e-01
5.594842483911480667e+04 -1.680421477937556807e+00
5.594842483911546151e+04 -5.966027519486106351e-02
5.594842483911601448e+04 1.579161514473099270e+00
5.594842483911605086e+04 -3.506827880113313478e-01
5.594842483911741147e+04 -1.081818044797110856e+00
5.594842483911760792e+04 -2.496195290800171662e+00
5.594842483911786985e+04 4.736277792788701646e+00
5.594842483912104944e+04 -2.240489059137608763e+00
5.594842483912157331e+04 -5.053167218406394490e+00
5.594842483912168973e+04 8.967803730596912715e-01
5.594842483912310126e+04 -9.729164933681029304e-01
5.594842483912346506e+04 -3.704687871789844600e+00
5.594842483912407624e+04 -2.477081737119919413e-01
5.594842483912449097e+04 -2.492949894579568948e+00
5.594842483912481839e+04 -4.551327382660341314e+00
5.594842483912523312e+04 -7.138889536977205630e+00
5.594842483912580792e+04 -6.217046361960326450e+00
5.594842483912947500e+04 -5.637383152309852763e-01
5.594842483913037722e+04 -2.137944868740206061e+00
5.594842483913321485e+04 -3.726704054373907393e+00
5.594842483913519391e+04 -4.020455454728656619e+00
5.594842483913540491e+04 -2.251469172876014557e+00
5.594842483913608157e+04 -4.756919359420412441e+00
5.594842483913702745e+04 -2.950051469958320460e+00
5.594842483913712931e+04 -1.901211722675013593e+00
5.594842483913742035e+04 -2.025763487178440680e+00
5.594842483913836622e+04 -2.492318743248479185e-01
5.594842483914068725e+04 -1.017443918919707681e-02
5.594842483914230979e+04 -7.065760588934409669e-02
5.594842483914234617e+04 7.602714325604624790e-01
5.594842483914235345e+04 -6.949143035852182182e-01
5.594842483914341574e+04 -5.656881355067586714e-01
5.594842483914348122e+04 -4.425096964939361222e+00
5.594842483914484910e+04 -3.861573079806757125e+00
5.594842483914526383e+04 1.034864665040008402e+00
5.594842483914552577e+04 -5.904571521871330830e+00
5.594842483914586774e+04 -1.261476981465495140e+00
5.594842483914711920e+04 -3.732626687264556598e+00
5.594842483914776676e+04 -3.720867506263645375e+00
5.594942207571245672e+04 7.882103883848329273e-02
5.594942207571327162e+04 7.710502791284414847e-01
5.594942207571339532e+04 3.482006357653456785e+00
5.594942207571366453e+04 3.355466034723038504e+00
5.594942207571612380e+04 2.487308741280595537e-01
5.594942207571624749e+04 3.052641298515359480e+00
5.594942207571800827e+04 -1.436667085969052682e+00
5.594942207571893232e+04 1.800357389742214487e+00
5.594942207571973995e+04 4.042340801672902550e+00
5.594942207571981271e+04 2.099149053988745184e+00
5.594942207572461484e+04 8.928430264204959554e-01
5.594942207572564075e+04 -6.185440503154130548e-02
5.594942207572760526e+04 3.662487403974602262e+00
5.594942207572814368e+04 -7.343831433298493305e-01
5.594942207572826010e+04 2.519793724873601537e+00
5.594942207572939515e+04 2.246926492240727935e+00
5.594942207573011547e+04 3.496989413679878922e+00
5.594942207573095948e+04 -1.850648794851926571e+00
5.594942207573194901e+04 4.387458990484897292e+00
5.594942207573284395e+04 2.450555736008038110e+00
5.594942207573456835e+04 5.835684772136760401e+00
5.594942207573462656e+04 4.024753681039761943e+00
5.594942207573608175e+04 4.412664614182320477e+00
5.594942207573612541e+04 -3.474879214244791292e+00
5.594942207573656924e+04 3.098055324408717670e+00
5.594942207573859923e+04 4.487683196050896051e+00
5.594942207573907217e+04 7.197437500175676295e-01
5.594942207573937048e+04 3.914117521285910950e+00
5.594942207574023632e+04 5.415616869280499124e+00
5.594942207574063650e+04 2.578133380542123820e+00
5.594942207574180793e+04 2.938591877219149051e+00
5.594942207574190252e+04 4.232532211221743168e+00
5.594942207574235363e+04 4.968376305494963674e+00
5.594942207574320491e+04 2.464165739787281595e+00
5.594942207574354688e+04 1.254588490564312320e+00
5.594942207574614440e+04 3.782924315975555452e+00
5.594942207574674831e+04 2.392853107714382421e+00
5.594942207574741042e+04 3.213843658268753067e+00
5.594942207574861095e+04 2.821340102092528390e+00
5.594942207574936037e+04 1.060656697307639673e+00
5.594942207574941858e+04 7.660212954295944066e+00
5.594942207575045904e+04 -8.553839106423399841e-01
5.594942207575058274e+04 4.571671812035836169e+00
5.594942207575249631e+04 3.789475367763034619e+00
5.594942207575281645e+04 4.618798925058902327e+00
5.594942207575317298e+04 3.640290443351718253e+00
5.594942207575693465e+04 4.735250111727920874e+00
5.594942207575716748e+04 1.864877932642549974e+00
5.594942207575774228e+04 1.745504167679380769e+00
5.594942207575793145e+04 3.933873978384812897e+00
5.594942207575860084e+04 1.978828356441314940e+00
5.594942207576011424e+04 4.753211701155746205e+00
5.594942207576266810e+04 7.355618284137472873e-01
5.594942207576293731e+04 2.923462477066068210e+00
5.594942207576345390e+04 3.747689815363004051e+00
5.594942207576361398e+04 3.170788355358008737e+00
5.597646511028109671e+04 -8.936324106400090894e-01
5.597646511028171517e+04 4.587594892582345096e-01
5.597646511028184614e+04 -2.828792448332087428e+00
5.597646511028207897e+04 4.318284533181713236e+00
5.597646511028552777e+04 7.051513476852716567e-01
5.597646511028562236e+04 -2.020576879179659002e+00
5.597646511028666282e+04 -9.586780707013148328e-01
5.597646511028707027e+04 2.322684371179096985e+00
5.597646511029019894e+04 3.684059217910846673e+00
5.597646511029032263e+04 -1.332927349199890310e+00
5.597646511029147950e+04 1.945749247532410520e+00
5.597646511029215617e+04 4.844503578738555305e+00
5.597646511029269459e+04 -7.213724608442496633e-01
5.597646511029446992e+04 -3.015828850681477213e+00
5.597646511029489920e+04 -8.412455175347846037e-01
5.597646511029621615e+04 3.123358913569521444e+00
5.597646511029791873e+04 -3.202000100987965503e+00
5.597646511029932299e+04 4.757691381956099086e+00
5.597646511030006513e+04 -1.963059333163299058e+00
5.597646511030075635e+04 2.069362687930811795e+00
5.597646511030122929e+04 -1.033051016717679405e+00
5.597646511030182592e+04 4.677860660863124131e+00
5.597646511030183319e+04 -2.946415959820228858e-01
5.597646511030320107e+04 -3.764439317893132575e+00
5.597646511030342663e+04 1.716587257900066943e+00
5.597646511030357942e+04 -1.509039592918020478e+00
5.597646511030608235e+04 -2.152497500885519166e+00
5.597646511030656256e+04 6.710488619344957550e-01
5.597646511030701367e+04 -1.276844686581750932e-01
5.597646511030752299e+04 -5.402172208001294884e-02
5.597646511030885449e+04 -1.536022867330694153e+00
5.597646511030988768e+04 3.556774261628889988e+00
5.597646511031030968e+04 -1.561770825144797703e+00
5.597646511031073169e+04 -4.373787703436573526e-01
5.597646511031105183e+04 4.377634113215584377e-01
5.597646511031171394e+04 -9.445042116104016561e-01
5.597646511031535192e+04 1.541146475468964328e+00
5.597646511031621048e+04 5.007436242579255570e+00
5.597646511031907721e+04 1.324595906163488435e+00
5.597646511032103444e+04 -3.719632189701086666e+00
5.597646511032121634e+04 -3.006729689394446847e+00
5.597646511032195122e+04 -7.366309881680538352e-01
5.597646511032290437e+04 -2.869355596850995838e+00
5.597646511032299895e+04 8.033224312399473988e-01
5.597646511032326816e+04 -1.730746640568748163e+00
5.597646511032421404e+04 -5.360620583416427776e-01
5.597646511032651324e+04 -4.344691047665369954e-01
5.597646511032761191e+04 -5.677178574533110478e+00
5.597646511032811395e+04 1.747098436503898566e-01
5.597646511032817943e+04 3.317983689310128881e+00
5.597646511032923445e+04 3.117203851771766843e+00
5.597646511032929266e+04 -1.999378502009070413e+00
5.597646511033068964e+04 -5.403533846439934063e-01
5.597646511033106071e+04 1.102553127869246863e+00
5.597646511033141724e+04 4.029521745847616465e+00
5.597646511033167917e+04 1.221694463926482399e+00
5.597646511033353454e+04 5.414611377771550993e-01
5.597646511033362913e+04 -2.705256484236035153e+00
5.600242940330375859e+04 3.343031088257246264e+00
5.600242940330437705e+04 3.557894395869039439e+00
5.600242940330452984e+04 4.115504256599426647e+00
5.600242940330453712e+04 5.912945862642609463e+00
5.600242940330463898e+04 3.685304175083701228e+00
5.600242940330728743e+04 7.493784356796310275e-01
5.600242940330750571e+04 5.039985930152410809e+00
5.600242940330923011e+04 1.160271511821106749e+01
5.600242940330976853e+04 3.631940219720592555e+00
5.600242940331085993e+04 3.825394242449654758e+00
5.600242940331108548e+04 6.315047871839382765e+00
5.600242940331589489e+04 4.371563435866351099e+00
5.600242940331696445e+04 4.249129356958170511e+00
5.600242940331835416e+04 1.248231129555542163e+00
5.600242940331884893e+04 3.420262048983190528e+00
5.600242940331940918e+04 3.560984839485002773e+00
5.600242940331950376e+04 4.160759025649896081e+00
5.600242940332134458e+04 3.071760728295595211e+00
5.600242940332223225e+04 4.036332084075711535e+00
5.600242940332277067e+04 3.969982239590930551e+00
5.600242940332401486e+04 2.551954998873014357e+00
5.600242940332578291e+04 4.063560700112735624e+00
5.600242940332598664e+04 2.787319396934435201e+00
5.600242940332731087e+04 4.634539527237526713e+00
5.600242940332741273e+04 3.692728987392247753e+00
5.600242940332781291e+04 4.293979527540812136e+00
5.600242940332972648e+04 2.310723923028086713e+00
5.600242940333030856e+04 2.272110594784624293e+00
5.600242940333179286e+04 4.416719207419372850e+00
5.600242940333180741e+04 3.141893998878470651e+00
5.600242940333305160e+04 4.021017601644517825e+00
5.600242940333311708e+04 2.493094530282071730e+00
5.600242940333350998e+04 5.579031607991921327e+00
5.600242940333371371e+04 4.454828939697559775e+00
5.600242940333390288e+04 1.745771030530522072e+00
5.600242940333493607e+04 4.983940433880186482e+00
5.600242940333737351e+04 3.617947138668369256e+00
5.600242940333801380e+04 5.015701413604688241e+00
5.600242940333846491e+04 3.435060022732050466e+00
5.600242940333871957e+04 4.516771243426426885e+00
5.600242940334174637e+04 4.439165813905790792e+00
5.600242940334174637e+04 1.420082176645997896e+00
5.600242940334360901e+04 1.903660076261077450e+01
5.600242940334371087e+04 1.345395021180547213e+00
5.600242940334407467e+04 4.632430450117997367e+00
5.600242940334433661e+04 3.725380944593775556e+00
5.600242940334566811e+04 4.240727482392209424e+00
5.600242940334816376e+04 3.813350981673240714e+00
5.600242940334840387e+04 3.194457365783962111e+00
5.600242940334873128e+04 2.902737566240916500e+00
5.600242940334893501e+04 2.095374236407095747e+00
5.600242940334932064e+04 5.422331482249920676e+00
5.600242940335127787e+04 2.346810662967133254e+00
5.600242940335392632e+04 3.040455997907154817e+00
5.600242940335412277e+04 9.767713830770355932e-01
5.600242940335421008e+04 4.489086378053341875e+00
5.600242940335485036e+04 4.011488016455461825e+00
5.600338395101916103e+04 -3.696730905717917071e-01
5.600338395101961942e+04 -4.779895387396466688e+00
5.600338395101978676e+04 -4.283534847912651600e+00
5.600338395101991046e+04 -1.818337904630611845e+00
5.600338395102358481e+04 1.053678493813650086e+00
5.600338395102366485e+04 -2.828267331197997336e+00
5.600338395102460345e+04 -8.912995130997708459e-01
5.600338395102509821e+04 -4.061213865884840124e-01
5.600338395102819049e+04 -1.384879514177021598e+00
5.600338395102832146e+04 -6.166807284243255083e+00
5.600338395102947834e+04 -3.063291694376959473e+00
5.600338395103012590e+04 -1.855999996050788692e+00
5.600338395103067887e+04 -3.233309135645186849e+00
5.600338395103248331e+04 -1.894402416582310789e+00
5.600338395103288349e+04 -6.648976747679946619e+00
5.600338395103417133e+04 -8.314791992074715976e-01
5.600338395103593211e+04 -6.793530310909114966e+00
5.600338395103731455e+04 3.486942214914148103e-02
5.600338395103809307e+04 -4.148245578858094640e-01
5.600338395103874063e+04 1.182517280382810565e+00
5.600338395103930088e+04 3.756962846651742405e-01
5.600338395103982475e+04 -5.140243545670456493e-01
5.600338395103989751e+04 -1.077703265211291117e-02
5.600338395104119263e+04 -8.749841379160745447e+00
5.600338395104141091e+04 -4.850859376110118859e+00
5.600338395104159281e+04 -5.156697079637052816e+00
5.600338395104411757e+04 -4.256177104705035852e+00
5.600338395104488882e+04 -2.136924764133152799e+00
5.600338395104499068e+04 -6.720823105392586427e+00
5.600338395104561641e+04 -5.022486602771619957e+00
5.600338395104691881e+04 -7.108830303605554457e-01
5.600338395104787196e+04 -2.690957802238561847e+00
5.600338395104830852e+04 -6.424777545634898779e+00
5.600338395104875963e+04 -2.797319852648160854e+00
5.600338395104910887e+04 -3.494270843155347084e+00
5.600338395104979281e+04 1.445816189680531716e+00
5.600338395105329255e+04 -7.960486985384031655e+00
5.600338395105418749e+04 -5.201396601854027857e+00
5.600338395105703967e+04 -6.685231352940764538e+00
5.600338395105906238e+04 -1.705252632872633844e+00
5.600338395105925883e+04 -3.984308455519591785e+00
5.600338395105995005e+04 -5.210099773151353197e+00
5.600338395106082316e+04 -2.055557429709492734e+00
5.600338395106097596e+04 -9.333131901686104737e-01
5.600338395106131065e+04 -2.570878142073979244e+00
5.600338395106214011e+04 -1.174795476391877891e+01
5.600338395106458483e+04 1.390123641007883881e+00
5.600338395106567623e+04 -4.308034576411354344e+00
5.600338395106612734e+04 -3.268242339527033025e+00
5.600338395106621465e+04 1.918171988152880703e+00
5.600338395106719690e+04 -5.052452714825022007e+00
5.600338395106736425e+04 -6.709956473673235333e-01
5.600338395106870303e+04 -4.438728489997897597e+00
5.600338395106906682e+04 -2.999778343405973491e+00
5.600338395106940152e+04 -2.141861726288460499e+00
5.600338395106964890e+04 -6.220416581230489683e+00
5.600338395107100951e+04 -6.711603425412927315e+00
5.600338395107168617e+04 -2.352605877158711944e+00
5.603428727271735261e+04 3.396166918989668382e+00
5.603428727271816024e+04 3.525031530994319873e+00
5.603428727271823300e+04 1.518248955979228709e+00
5.603428727271851676e+04 5.076265469189319424e-01
5.603428727272088872e+04 -2.382945425969005715e+00
5.603428727272103424e+04 7.515090340025211146e-01
5.603428727272335527e+04 -6.740066326057216450e+00
5.603428727272341348e+04 -4.703222945729973681e+00
5.603428727272371179e+04 -1.025586434215274734e+00
5.603428727272440301e+04 2.602538415858177245e+00
5.603428727272463584e+04 2.208235687760307098e+00
5.603428727272943797e+04 1.286069694789645723e+00
5.603428727273055119e+04 -4.669005137238822489e-01
5.603428727273058030e+04 3.280589492838196453e+00
5.603428727273247205e+04 5.030744729032974760e+00
5.603428727273298136e+04 8.557189649035071843e-01
5.603428727273306868e+04 7.653772921233330528e-01
5.603428727273495315e+04 4.783466197363004824e+00
5.603428727273576806e+04 2.620827127452010075e+00
5.603428727273672121e+04 5.603491706687224738e-01
5.603428727273772529e+04 1.772672524421560425e+00
5.603428727273944241e+04 1.763504495310036724e+00
5.603428727273958066e+04 1.278502842593373989e+00
5.603428727274086123e+04 1.168129241416471453e+00
5.603428727274096309e+04 1.850226303074815837e+00
5.603428727274137782e+04 2.120842418708486665e+00
5.603428727274326957e+04 2.711904825104518135e+00
5.603428727274382254e+04 2.157174500272041495e+00
5.603428727274389530e+04 2.128921475348078296e+00
5.603428727274535777e+04 -1.095465754696770988e+00
5.603428727274543780e+04 -6.575783022874973627e-01
5.603428727274580160e+04 3.611116311384213962e+00
5.603428727274664561e+04 2.635861834347105415e+00
5.603428727274713310e+04 3.004765247990937471e+00
5.603428727274802804e+04 2.104589612170874702e+00
5.603428727274838457e+04 -2.027450608584731029e-01
5.603428727275099664e+04 1.968045346041612798e-01
5.603428727275154961e+04 1.163360144582871403e+00
5.603428727275195706e+04 -6.261788786402835427e-01
5.603428727275228448e+04 5.495833771671349705e-02
5.603428727275528945e+04 -6.108471792528434863e-01
5.603428727275534038e+04 2.146710895215649728e+00
5.603428727275589335e+04 -5.205006826383646867e+00
5.603428727275727579e+04 5.772045706690637212e-01
5.603428727275764686e+04 1.350870013228138378e+00
5.603428727275796700e+04 3.710487385913456837e-01
5.603428727275950223e+04 1.807381907874765714e+00
5.603428727276168502e+04 -6.876520203167069134e-01
5.603428727276199788e+04 3.273552062041322763e+00
5.603428727276239078e+04 1.574294452252069210e+00
5.603428727276256541e+04 1.202812799435559743e+00
5.603428727276489371e+04 1.958267006703152235e+00
5.603428727276751306e+04 2.209152490671459468e+00
5.603428727276762947e+04 -1.203424677783737184e+00
5.603428727276775317e+04 2.020842033568566176e+00
5.603428727276844438e+04 3.924047400818537312e+00
5.603428727276848076e+04 2.341589621062291737e+00
5.603529821974947845e+04 -1.783159359144299128e+00
5.603529821974987863e+04 -3.648848979101005252e+00
5.603529821975011146e+04 1.433534623969078270e-01
5.603529821975014784e+04 -8.664511412500373044e-01
5.603529821975329833e+04 1.435761487346914889e+00
5.603529821975394589e+04 -1.526682668689578914e+00
5.603529821975484811e+04 -2.888057515448973600e+00
5.603529821975535742e+04 -2.548831829844439234e+00
5.603529821975831146e+04 -1.437838871088157999e+00
5.603529821975843515e+04 4.278894870197236799e-01
5.603529821975977393e+04 -6.520198220528881983e+00
5.603529821976039239e+04 4.153587131427401324e+00
5.603529821976101084e+04 -6.172357020212072554e-01
5.603529821976274252e+04 4.210484794129869257e-02
5.603529821976320818e+04 -2.140863142859530832e+00
5.603529821976436506e+04 -1.288959547642803960e+00
5.603529821976626408e+04 -2.384999580045355394e+00
5.603529821976750100e+04 -1.497168501732893509e+00
5.603529821976835956e+04 -3.525084890334411636e+00
5.603529821976889798e+04 -4.578969205780016871e+00
5.603529821976961102e+04 -7.185790097352453554e-01
5.603529821977022220e+04 9.694531446917551420e-01
5.603529821977154643e+04 -8.986726745499858948e-01
5.603529821977174288e+04 -4.333877227531864662e+00
5.603529821977193933e+04 -2.426948693529365375e+00
5.603529821977449319e+04 -2.831664947620292083e-01
5.603529821977484971e+04 -6.566244969559451583e+00
5.603529821977490064e+04 -1.809118224670880792e+00
5.603529821977585379e+04 -1.025621900191006741e+00
5.603529821977674146e+04 2.142922132816023950e+00
5.603529821977721440e+04 -6.442103679563899732e-01
5.603529821977821848e+04 -2.346403468757532806e+00
5.603529821977864776e+04 -1.256914488142654607e+00
5.603529821977909160e+04 -8.869393189828391755e-01
5.603529821977941901e+04 2.050634943999005699e+00
5.603529821978001564e+04 9.568374201256117928e-01
5.603529821978363179e+04 3.005216161025814792e+00
5.603529821978453401e+04 -1.278943583444436261e+00
5.603529821978738619e+04 -1.502428281814717881e+00
5.603529821978935070e+04 -1.787898326304764529e+00
5.603529821978954715e+04 -1.970574534531202682e+00
5.603529821979023109e+04 -3.426332734510110001e+00
5.603529821979106782e+04 -3.068245873522143174e+00
5.603529821979112603e+04 -3.927716320935144445e+00
5.603529821979131520e+04 9.601602926486627609e-01
5.603529821979156986e+04 1.918105852783960619e-01
5.603529821979246481e+04 -2.092285501285496618e+00
5.603529821979482222e+04 2.056831476382323109e-01
5.603529821979590633e+04 -1.055854875063948040e+00
5.603529821979644476e+04 -4.293555116397223870e+00
5.603529821979651024e+04 2.498344669850922628e+00
5.603529821979773988e+04 4.275397095679143611e+00
5.603529821979902044e+04 -1.412039262405297757e+00
5.603529821979941335e+04 9.290922954059391836e-01
5.603529821979975532e+04 -3.307412486445207023e-01
5.603529821979998815e+04 -4.551826674523073990e+00
5.603529821980129782e+04 1.633864088219227684e+00
5.603529821980184352e+04 -7.346293598584709095e+00
5.606620536385836749e+04 5.248908496319077965e-01
5.606620536385916057e+04 2.204439348969398527e+00
5.606620536385924788e+04 6.100028720043336738e-01
5.606620536385948071e+04 4.590652305922188203e-02
5.606620536386196909e+04 1.813020461010277362e+00
5.606620536386201275e+04 1.513527205791517227e+00
5.606620536386327876e+04 4.431576668935635865e+01
5.606620536386382446e+04 5.382934782623411962e+00
5.606620536386477761e+04 1.053007172898835636e-01
5.606620536386531603e+04 1.974549942935653890e+00
5.606620536386561434e+04 1.267733636580564704e+00
5.606620536387040920e+04 1.994112709279472817e+00
5.606620536387159518e+04 6.338268349774992538e-01
5.606620536387210450e+04 3.132441890060718048e+00
5.606620536387346510e+04 3.022847356145136555e+00
5.606620536387399625e+04 8.397803678235700175e-01
5.606620536387405446e+04 1.908517720423026920e-01
5.606620536387593165e+04 1.765549008863747327e+00
5.606620536387670290e+04 3.192524762534506344e+00
5.606620536387788161e+04 2.823793518447391904e+00
5.606620536387851462e+04 1.592652031687759928e+00
5.606620536388028268e+04 1.666129695990363535e+00
5.606620536388046457e+04 7.230321886575096224e-01
5.606620536388181063e+04 -1.571333812231376914e+00
5.606620536388204346e+04 3.610276984815186108e+00
5.606620536388236360e+04 3.320231534244320937e+00
5.606620536388416076e+04 8.670864601635451807e-01
5.606620536388487380e+04 -4.440622214913355070e-01
5.606620536388613982e+04 2.709033897708359895e+00
5.606620536388640176e+04 -8.666567126690001288e-01
5.606620536388675100e+04 1.500760832859555194e+00
5.606620536388767505e+04 4.243981487184332657e+00
5.606620536388819892e+04 2.060634723326496331e+00
5.606620536388902110e+04 2.940360919574631637e+00
5.606620536388934124e+04 1.626186357889012557e+00
5.606620536388985056e+04 2.681947321558381336e+00
5.606620536389199697e+04 2.257979778133482718e+00
5.606620536389254994e+04 3.904484634517948471e+00
5.606620536389291374e+04 3.010971960690219884e+00
5.606620536389337212e+04 7.181640943264074872e-01
5.606620536389631161e+04 2.409131739782743420e+00
5.606620536389638437e+04 2.852907391175574681e+00
5.606620536389821791e+04 4.691983009580523167e-01
5.606620536389855260e+04 2.527545659449366600e+00
5.606620536389865447e+04 -4.079970027465921190e-01
5.606620536389896006e+04 4.973308071897796223e-01
5.606620536390012421e+04 2.857452667580210992e+00
5.606620536390269262e+04 3.423158801918631866e+00
5.606620536390303459e+04 2.466403944176770668e+00
5.606620536390335474e+04 3.472442338692388830e+00
5.606620536390361667e+04 3.217523782760006945e+00
5.606620536390585039e+04 1.096566071776601814e-01
5.606620536390846974e+04 8.918143133308147341e-01
5.606620536390875350e+04 6.593380596463254140e-01
5.606620536390885536e+04 1.031241527890842447e+00
5.606620536390940833e+04 2.740829311345717390e+00
5.606620536391025234e+04 3.159028282770598439e-01
5.606824176413659734e+04 2.090199509089981866e+00
5.606824176413685927e+04 -1.591026737810118830e+00
5.606824176413706300e+04 1.214093177856665706e+00
5.606824176413715031e+04 -6.488131712803661688e-02
5.606824176414067188e+04 5.026498145550686303e-01
5.606824176414093381e+04 -6.931495656159434304e-01
5.606824176414196700e+04 1.225619929951007547e+00
5.606824176414237445e+04 -2.337364566843168401e+00
5.606824176414533576e+04 -1.553717593988701573e+00
5.606824176414562680e+04 -3.565415609987632184e+00
5.606824176414677640e+04 9.079240479183806611e-01
5.606824176414719113e+04 -5.000642589859862319e+00
5.606824176414799149e+04 -1.398980201236053711e+00
5.606824176414973044e+04 3.844443772373839163e+00
5.606824176415019610e+04 -2.323401615463764003e+00
5.606824176415135298e+04 -2.853606386369373915e+00
5.606824176415329566e+04 -2.837389585548484860e-01
5.606824176415488910e+04 -3.046539596181465193e+00
5.606824176415544207e+04 -1.354074075545139255e+00
5.606824176415587863e+04 -3.000692413950027393e-01
5.606824176415665715e+04 -2.044672009275079194e+00
5.606824176415721740e+04 3.234713808446861710e-02
5.606824176415726106e+04 -2.191710690226517932e-01
5.606824176415848342e+04 -5.014704538736716621e+00
5.606824176415885449e+04 -9.073198907504705923e-01
5.606824176415899274e+04 -1.772170636947676181e+00
5.606824176416153205e+04 -3.609882703298552986e+00
5.606824176416193950e+04 -2.189191138595326880e+00
5.606824176416221599e+04 2.680835795830005530e+00
5.606824176416268165e+04 -6.862225965813136597e+00
5.606824176416387490e+04 -1.872592837512683905e+00
5.606824176416529372e+04 -2.215330782161024636e+00
5.606824176416569389e+04 2.356451126361005510e+00
5.606824176416615228e+04 8.589633290710546598e-01
5.606824176416631963e+04 -3.300076491388752142e+00
5.606824176416693081e+04 -3.819487802638100171e-01
5.606824176417052513e+04 1.321466724438238982e+00
5.606824176417156559e+04 -1.323242811448137379e+00
5.606824176417437411e+04 -4.017309056171638026e+00
5.606824176417626586e+04 -4.900874633625825538e+00
5.606824176417654235e+04 -1.861401816061866610e+00
5.606824176417724811e+04 -2.692121518638836419e-01
5.606824176417806302e+04 5.214663757437627833e-02
5.606824176417828858e+04 -3.407148741238957168e+00
5.606824176417852868e+04 1.425362445892019547e+00
5.606824176417935814e+04 -4.218661357505959053e+00
5.606824176418179559e+04 6.963534831516586809e-01
5.606824176418279967e+04 -4.804642029431592243e-01
5.606824176418355637e+04 -7.778972994765250004e-02
5.606824176418357820e+04 4.898231822768241428e-01
5.606824176418461866e+04 -3.092457218041972933e+00
5.606824176418467687e+04 -5.276522789817608583e+00
5.606824176418600837e+04 -2.886985759965946308e+00
5.606824176418643765e+04 1.684103166073936730e+00
5.606824176418683055e+04 -1.558384960890645821e-01
5.606824176418707066e+04 -1.377213664514213898e+00
5.606824176418811840e+04 -5.048957672854256451e+00
5.606824176418884599e+04 -6.376593161759673833e-01
5.609413843797022855e+04 -2.122088052299586192e+00
5.609413843797048321e+04 1.986321004610033913e+00
5.609413843797067238e+04 -4.277474552403509600e-02
5.609413843797067966e+04 -7.582988006659828528e+00
5.609413843797417212e+04 -2.722559525204637509e+00
5.609413843797455775e+04 8.641757625314482327e-01
5.609413843797562004e+04 1.348325175932252540e+00
5.609413843797597656e+04 -5.013232489036842487e+00
5.609413843797890877e+04 -8.412455175689524944e-01
5.609413843797924346e+04 -3.961143041240999363e+00
5.609413843798077869e+04 -7.856734875871084212e-01
5.609413843798177550e+04 3.730626780013353017e+00
5.609413843798325979e+04 1.560509675075908709e-01
5.609413843798382004e+04 -1.434120008604439001e+00
5.609413843798501330e+04 3.139977580550991298e+00
5.609413843798688322e+04 -3.985991413101055869e+00
5.609413843798794551e+04 -2.190869791832532609e+00
5.609413843798909511e+04 -6.547686662845119132e-01
5.609413843798950984e+04 5.297567778136690109e+00
5.609413843799032475e+04 -2.316691306853000842e+00
5.609413843799093593e+04 1.152467816019382002e-01
5.609413843799215101e+04 1.226543769546415974e-01
5.609413843799259485e+04 1.784383326767249089e+00
5.609413843799263122e+04 -4.306954212552386529e+00
5.609413843799525057e+04 -2.935138853708590401e-01
5.609413843799565075e+04 -3.676457940051476858e-01
5.609413843799576716e+04 3.298562962988530245e+00
5.609413843799632014e+04 -1.743977871385243850e+00
5.609413843799786991e+04 -4.257185868573698517e-01
5.609413843799920869e+04 -4.071990108712336465e+00
5.609413843799927417e+04 -1.837156037681189957e+00
5.609413843799974711e+04 -3.848970268151630680e+00
5.609413843800008908e+04 7.815323784164086796e+00
5.609413843800054747e+04 3.759839650239267250e+00
5.609413843800405448e+04 -7.749817578624628167e-01
5.609413843800497852e+04 -3.232904537278627810e+00
5.609413843800800532e+04 -3.860406631226664498e+00
5.609413843800982431e+04 -2.666677590013383448e+00
5.609413843801011535e+04 -4.964723715286134542e+00
5.609413843801085750e+04 9.338985586049258769e-02
5.609413843801152689e+04 -5.091982846139144314e+00
5.609413843801201438e+04 3.103964012674135464e+00
5.609413843801207986e+04 2.214323582150659886e-01
5.609413843801293842e+04 -2.115803863330994350e+00
5.609413843801533221e+04 -4.979006752157870697e-01
5.609413843801632174e+04 -1.010832534940546923e+00
5.609413843801723124e+04 4.440476003079306122e-01
5.609413843801730400e+04 2.313994112692895566e+00
5.609413843801838084e+04 4.257762628502739233e+00
5.609413843801840267e+04 -1.340633508903840143e-01
5.609413843801962503e+04 -4.135215075670999774e+00
5.609413843802009069e+04 2.776712720015193092e+00
5.609413843802052725e+04 1.149060430520628895e+00
5.609413843802070915e+04 -2.801809174033211391e+00
5.609413843802173506e+04 2.320618336544034488e+00
5.609413843802239717e+04 -1.225876620597964095e+00
5.609514351553298911e+04 1.370200350693470126e+00
5.609514351553376764e+04 9.920471273888007424e-01
5.609514351553386223e+04 2.027134831057647357e+00
5.609514351553400047e+04 7.851543787205719771e-02
5.609514351553658344e+04 2.752317325316365970e+00
5.609514351553659071e+04 1.140676804974094072e+00
5.609514351553864981e+04 2.844775791982242508e-01
5.609514351553927554e+04 9.656879676328615769e-01
5.609514351553981396e+04 -8.598861446998491420e-01
5.609514351554017776e+04 -5.996346366196551037e-01
5.609514351554495806e+04 1.313685692366317603e+00
5.609514351554615132e+04 -1.823480438253387126e+00
5.609514351554805762e+04 1.977343394079086769e+00
5.609514351554862515e+04 -5.918439639942060237e-01
5.609514351554866880e+04 2.867731190387521334e+00
5.609514351555053145e+04 -3.772991700629862999e-01
5.609514351555138273e+04 5.739936083725774019e-01
5.609514351555213943e+04 -4.851461829377107793e-01
5.609514351555240137e+04 -8.374334231067022571e+00
5.609514351555307076e+04 2.873739908058861925e+00
5.609514351555480971e+04 2.284010615372381037e-02
5.609514351555523899e+04 3.565026520038347968e+00
5.609514351555643952e+04 -6.346926634341758522e-01
5.609514351555665053e+04 1.535259308616519824e+00
5.609514351555690519e+04 7.883102776357592267e-01
5.609514351555846952e+04 1.331518154624458772e+00
5.609514351555949543e+04 1.087915443072019928e+00
5.609514351556087058e+04 2.899423302288726578e+00
5.609514351556105248e+04 7.724620695656467806e-01
5.609514351556119072e+04 2.748762023886188732e+00
5.609514351556228212e+04 4.244343043304367846e+00
5.609514351556250040e+04 -3.393752917378426659e+00
5.609514351556270412e+04 6.347178124608842120e-01
5.609514351556358451e+04 1.297471623979540523e+00
5.609514351556384645e+04 -3.044284034614103684e-01
5.609514351556661131e+04 8.650677720720204578e-01
5.609514351556704787e+04 -1.325682282921310406e+00
5.609514351556743350e+04 3.015637755817524468e+00
5.609514351556783367e+04 -5.806959849334806245e-01
5.609514351556832116e+04 8.171960256961948721e-01
5.609514351557088230e+04 8.002287154809903935e-01
5.609514351557098416e+04 8.482554144615209735e-01
5.609514351557278860e+04 2.276574090720643539e+00
5.609514351557329064e+04 1.718374549226729275e+00
5.609514351557358168e+04 -9.155700848962217142e-01
5.609514351557462942e+04 1.786971206481857033e+00
5.609514351557723421e+04 2.176500533515290048e+00
5.609514351557748159e+04 4.171729639330135631e-01
5.609514351557823829e+04 2.226834304610318060e+00
5.609514351558049384e+04 4.148578029357619101e+00
5.609514351558078488e+04 -1.086775496139239072e+00
5.609514351558301860e+04 -1.239984884041370972e+00
5.609514351558325143e+04 9.427334609414141919e-01
5.609514351558328781e+04 1.804868232325292032e+00
5.609514351558397175e+04 1.671114004791684593e+00
5.609514351558457565e+04 -3.362754679673206071e-01
5.613004849948549236e+04 -3.834310030098453836e+00
5.613004849948558694e+04 -3.958061206152036160e+00
5.613004849948584888e+04 1.276392733452791584e+00
5.613004849948601623e+04 -3.162375276742927177e+00
5.613004849948936317e+04 3.486090048636957928e+00
5.613004849948987248e+04 1.127977994573263132e+01
5.613004849949079653e+04 -1.420514309081141846e+00
5.613004849949127674e+04 1.175212986818185312e+00
5.613004849949407071e+04 6.005841649795915504e-01
5.613004849949452910e+04 1.865449364485208372e+00
5.613004849949591153e+04 8.344679048286249845e-01
5.613004849949596974e+04 5.283350876720490419e+00
5.613004849949695199e+04 1.798798223266129925e+00
5.613004849949845811e+04 -1.440834621492848022e+00
5.613004849949903291e+04 -8.364419868334646013e-01
5.613004849950021162e+04 7.639644696869715146e-01
5.613004849950211792e+04 -3.086594844563198770e+00
5.613004849950231437e+04 -3.918270088220249803e-01
5.613004849950312928e+04 3.030090358418578322e+00
5.613004849950433709e+04 -3.789960723044871749e-01
5.613004849950462813e+04 2.703544960954800569e+00
5.613004849950561766e+04 -1.551756432833650001e-01
5.613004849950621428e+04 1.266415507405272978e+00
5.613004849950740027e+04 4.253540170077248384e+00
5.613004849950775679e+04 -5.548369917932403972e+00
5.613004849950792413e+04 -9.588201106397827855e-01
5.613004849950854987e+04 -8.610607855736065019e+00
5.613004849951049255e+04 -4.033910506156078490e+00
5.613004849951078359e+04 -7.972960670410965456e+00
5.613004849951098004e+04 1.693123279290265626e-01
5.613004849951153301e+04 2.151285269301260072e+00
5.613004849951311917e+04 1.133943943097906137e+00
5.613004849951429787e+04 4.514939338174063788e-01
5.613004849951453798e+04 2.383950909507736249e+00
5.613004849951503274e+04 -6.235155867710435729e-01
5.613004849951523647e+04 4.500642227955586883e+00
5.613004849951570941e+04 4.692383163563355275e+00
5.613004849951919459e+04 -4.473947345655381880e-01
5.613004849952051154e+04 2.672963342720279911e+00
5.613004849952323275e+04 -4.021290477350503600e+00
5.613004849952508812e+04 -3.904357215904025846e+00
5.613004849952525547e+04 -1.076237011371591734e+01
5.613004849952612130e+04 6.167269401793137540e+00
5.613004849952668883e+04 -5.646034673092724665e-01
5.613004849952723453e+04 -2.652221222984232907e-01
5.613004849952724908e+04 2.595000661357595551e+00
5.613004849952807854e+04 -1.882884273048583967e+00
5.613004849953054509e+04 -2.295492929710003072e+00
5.613004849953190569e+04 -3.149014918825974174e+00
5.613004849953251687e+04 6.704419642682994951e-01
5.613004849953353551e+04 -3.313880185995128791e+00
5.613004849953363737e+04 -2.639754574978606882e+00
5.613004849953374651e+04 1.026138400807321410e-01
5.613004849953493976e+04 4.200146085038651833e+00
5.613004849953531084e+04 1.253369358936753386e+00
5.613004849953579105e+04 -2.438989221951417541e-01
5.613004849953598750e+04 -1.439788691411076238e+00
5.613004849953636585e+04 2.920332263417835694e+00
5.613004849953757366e+04 1.725350688635044927e+00
5.613804402864084113e+04 2.068412483286096393e+00
5.613804402864159056e+04 1.326912618893150819e+00
5.613804402864161966e+04 2.084368297331934627e+00
5.613804402864173608e+04 3.500268352326688648e-01
5.613804402864433359e+04 3.667204850178580777e+00
5.613804402864434815e+04 -3.931485802392429285e+00
5.613804402864555595e+04 3.371399436078402201e-01
5.613804402864633448e+04 -2.030049477311375306e+00
5.613804402864746953e+04 6.008047132344694896e-01
5.613804402864797157e+04 1.787255286283614408e+00
5.613804402865265001e+04 -2.056214946311820668e+00
5.613804402865334123e+04 -5.341628569006555693e-01
5.613804402865401062e+04 3.094409634160771638e+00
5.613804402865588054e+04 1.412687494076712902e+00
5.613804402865642624e+04 1.264953098205305659e+00
5.613804402865645534e+04 -1.199839246723467090e+00
5.613804402865833981e+04 -1.095457146257962977e+00
5.613804402865887823e+04 -1.649029630814020431e+00
5.613804402865999145e+04 3.148956363542950165e-01
5.613804402866075543e+04 4.995250773883008061e-02
5.613804402866253804e+04 -2.182928639185368822e-02
5.613804402866358578e+04 2.463619101592214200e+00
5.613804402866392775e+04 -2.733306178014740961e+00
5.613804402866415330e+04 -3.558511470336629401e-01
5.613804402866463352e+04 -6.707966203403884498e-01
5.613804402866631426e+04 -1.618314581169806310e+00
5.613804402866737655e+04 1.465001215121525036e+00
5.613804402866883174e+04 6.826842521052494117e-01
5.613804402866896999e+04 8.350401985834368546e+00
5.613804402866940654e+04 8.602685455779214285e-01
5.613804402866993769e+04 -5.660228341240963745e-01
5.613804402867005410e+04 2.328651078653085182e+00
5.613804402867050521e+04 -1.366413296783877351e+00
5.613804402867055614e+04 -7.960585842902091480e-01
5.613804402867113095e+04 6.280290250337483560e-01
5.613804402867335011e+04 1.173030137177460297e+01
5.613804402867479075e+04 -9.646168885386775527e-01
5.613804402867506724e+04 -6.819273824452003474e-01
5.613804402867513272e+04 5.864734081660298415e+00
5.613804402867602766e+04 5.251534082251213542e-01
5.613804402867866156e+04 1.328595576349833607e+00
5.613804402867876342e+04 3.763515610768412012e-01
5.613804402868049510e+04 1.170690263674996068e+00
5.613804402868104808e+04 -7.937902503268542409e-01
5.613804402868139732e+04 -2.693095977093181492e+00
5.613804402868227044e+04 -1.757763316928389719e+00
5.613804402868492616e+04 -9.429450450747455248e-01
5.613804402868542093e+04 -6.378864087961534368e-01
5.613804402868542820e+04 -8.393592288278765023e-01
5.613804402868605393e+04 1.272653381811457596e+00
5.613804402868822945e+04 1.221260767916850343e+00
5.613804402869075420e+04 -3.076229204949184393e+00
5.613804402869092883e+04 -1.638389551957448509e+00
5.613804402869097248e+04 1.602254788980087330e+00
5.613804402869140176e+04 4.561031733476899497e+00
5.613804402869167825e+04 -2.960707733900828753e+00
5.615094166390215833e+04 2.773971951877323150e+00
5.615094166390293685e+04 2.726474674295286782e+00
5.615094166390298051e+04 1.120235973891659187e+00
5.615094166390314786e+04 -2.188419647810077251e+00
5.615094166390387545e+04 -5.422405330998612882e+00
5.615094166390560713e+04 -1.681914016931625122e+00
5.615094166390575992e+04 1.591214415901771817e+00
5.615094166390745522e+04 -2.896893086208411461e+00
5.615094166390835744e+04 1.845245406889726436e-01
5.615094166390881583e+04 -1.847054755399227366e+00
5.615094166390928149e+04 -6.522970010368416283e-01
5.615094166391398176e+04 -2.002747689218658422e+00
5.615094166391513136e+04 -1.339890575950765994e+00
5.615094166391526960e+04 -3.370733847166603070e+00
5.615094166391721228e+04 -5.265615707942997714e-01
5.615094166391775070e+04 -2.033046119391933026e-01
5.615094166391783074e+04 2.443763647005452899e+00
5.615094166391968611e+04 1.080202246769727203e+00
5.615094166392018815e+04 -2.854083124918793235e+00
5.615094166392150510e+04 -2.998408563487281242e+00
5.615094166392304032e+04 -2.490590139707830275e+00
5.615094166392383340e+04 -3.504513900136904336e+00
5.615094166392445914e+04 1.094284825128249428e-01
5.615094166392517945e+04 1.718017297421191136e+00
5.615094166392524494e+04 -9.841030702988401435e-02
5.615094166392552870e+04 -8.970360316951643265e-01
5.615094166392592888e+04 -4.518618438604804055e+00
5.615094166392640182e+04 -1.685598445532460854e+00
5.615094166392867919e+04 1.315484864301839307e+00
5.615094166392960324e+04 -1.485546024376331431e+00
5.615094166393000341e+04 -3.137405354149420234e+00
5.615094166393017804e+04 -6.189649740685325696e-01
5.615094166393134219e+04 -2.492940254212569151e+00
5.615094166393181513e+04 -4.662672710115052688e+00
5.615094166393263004e+04 -3.915564422276179180e+00
5.615094166393287742e+04 -7.728974741289194039e-01
5.615094166393611522e+04 -1.672956895531696020e+00
5.615094166393635533e+04 -3.506041904988886238e+00
5.615094166393687192e+04 -2.899027988762166608e+00
5.615094166393771593e+04 -1.475017855734223504e+00
5.615094166393995692e+04 -2.557533969180726618e+00
5.615094166394010244e+04 -4.846813251329301075e-01
5.615094166394080094e+04 8.087640214724037824e-01
5.615094166394176864e+04 -3.748693379722670027e+00
5.615094166394243803e+04 2.858558857091838767e+00
5.615094166394275089e+04 -2.820816861909885079e-02
5.615094166394360218e+04 -3.917466895922872450e+00
5.615094166394622880e+04 -3.605977726547537898e+00
5.615094166394676722e+04 3.313765675620056195e-01
5.615094166394729837e+04 -3.589328930019462405e+00
5.615094166394785861e+04 -3.350701918769067866e+00
5.615094166394953936e+04 -1.478835715744668988e+00
5.615094166395216598e+04 -2.820075332424396564e+00
5.615094166395216598e+04 -1.588848652562194763e-01
5.615094166395229695e+04 8.511349503820155871e-01
5.615094166395301727e+04 -3.274116593892115290e+00
5.615094166395369393e+04 -1.430344158949089284e+00
5.615194338890660583e+04 -3.676047465613202725e+00
5.615194338890669314e+04 8.800541002922508405e-01
5.615194338890690415e+04 2.096294311602220350e+00
5.615194338890720246e+04 -2.003420182569637831e+00
5.615194338891037478e+04 2.764462855820613907e+00
5.615194338891084772e+04 3.748485067780394697e+00
5.615194338891193183e+04 2.232402957882209105e+00
5.615194338891239022e+04 1.474280049495490727e-02
5.615194338891519146e+04 8.220882097470335381e+00
5.615194338891561347e+04 2.765091274717485614e+00
5.615194338891693769e+04 6.676656572094276897e-03
5.615194338891703228e+04 1.613991416731194395e+00
5.615194338891799998e+04 -2.008718700802850865e+00
5.615194338891952066e+04 4.171888755906262958e+00
5.615194338892016094e+04 4.723063779331019951e+00
5.615194338892128144e+04 6.613674943286727448e+00
5.615194338892323867e+04 6.452578617692800167e-01
5.615194338892416999e+04 4.126130390888156363e+00
5.615194338892539963e+04 1.073099220324427616e+00
5.615194338892564701e+04 1.239789484839168177e+00
5.615194338892672386e+04 6.248686815331055966e-01
5.615194338892732776e+04 -4.461378967751757352e-01
5.615194338892745873e+04 -1.784743319175329246e+00
5.615194338892847736e+04 5.073721523785454934e+00
5.615194338892889209e+04 -3.006389654694003433e+00
5.615194338892905216e+04 1.769064540131846996e+00
5.615194338893162058e+04 -2.051593225677778687e+00
5.615194338893188979e+04 -1.337534456836426133e-01
5.615194338893191161e+04 -1.888565868568776951e+00
5.615194338893253735e+04 -1.513012405624574397e+00
5.615194338893423264e+04 3.615522820223784350e+00
5.615194338893535314e+04 -4.329448165755110267e+00
5.615194338893558597e+04 2.500125053100893946e-01
5.615194338893613894e+04 5.354610286165308874e-01
5.615194338893618988e+04 2.389634508503461850e-03
5.615194338893671375e+04 1.585415573879608742e+00
5.615194338894024986e+04 1.856096253109564165e+00
5.615194338894150860e+04 -4.905600688211009697e+00
5.615194338894435350e+04 -2.739640317493763355e-01
5.615194338894617249e+04 3.463966260102201655e+00
5.615194338894652901e+04 7.459251307178838886e+00
5.615194338894716930e+04 4.720898747104126159e+00
5.615194338894772955e+04 1.938432041316821897e+00
5.615194338894828979e+04 -8.301922317832256537e-01
5.615194338894831162e+04 2.479853659123008036e+00
5.615194338894913380e+04 5.291709636040364123e-02
5.615194338895162218e+04 -2.264538414502644814e-01
5.615194338895256806e+04 8.732384949850798606e+00
5.615194338895359397e+04 1.208161936522636593e+00
5.615194338895363035e+04 2.197267454764646910e+00
5.615194338895464170e+04 -5.874863664572344213e+00
5.615194338895472902e+04 -3.943105547393354060e-01
5.615194338895592955e+04 -3.292186821361038351e+00
5.615194338895641704e+04 3.382904526644766374e+00
5.615194338895683904e+04 -5.337389033947194328e+00
5.615194338895706460e+04 -2.926403980991485465e+00
5.615194338895789406e+04 3.971965461920654139e+00
5.615194338895860710e+04 1.637772337314868487e+00
5.617288883103522676e+04 1.214318030392761205e+00
5.617288883103551052e+04 1.944888540209773753e-01
5.617288883103569242e+04 -2.778367256344860259e+00
5.617288883103623084e+04 -2.648237198062251441e+00
5.617288883103654371e+04 -7.942430871473010745e-02
5.617288883103896660e+04 -2.483169631656733323e+00
5.617288883103911940e+04 -2.621650805351392055e-01
5.617288883104125853e+04 -2.758481672073843427e+00
5.617288883104147681e+04 -1.726665190032193209e+00
5.617288883104218257e+04 -1.112381414096600851e+00
5.617288883104264096e+04 -2.196442749359377000e+00
5.617288883104734123e+04 -2.734192851285672798e+00
5.617288883104868000e+04 -1.660336866738606920e+00
5.617288883105057175e+04 -8.391267999309075520e-01
5.617288883105111745e+04 -7.544193760231995283e-01
5.617288883105119749e+04 5.539186376000965195e-01
5.617288883105349669e+04 1.934412914149653773e+00
5.617288883105351124e+04 -5.767536432595362861e+00
5.617288883105478453e+04 -2.668308756324946907e-01
5.617288883105485002e+04 -2.592028140703981354e+00
5.617288883105554123e+04 -5.128012599048246578e+00
5.617288883105720743e+04 -2.225207978728036107e+00
5.617288883105817513e+04 -3.427189137888361770e-01
5.617288883105882269e+04 -4.648395549322026810e+00
5.617288883105894638e+04 2.078656572177860706e+00
5.617288883105933201e+04 -1.495252083377009544e+00
5.617288883106099820e+04 -1.476959067543281989e+00
5.617288883106204594e+04 -2.894827051500899362e+00
5.617288883106276626e+04 -4.204107693469509854e+00
5.617288883106328285e+04 -4.065920099742021954e+00
5.617288883106356661e+04 -1.006824256377463200e+00
5.617288883106474532e+04 -5.082169040963246953e-01
5.617288883106525464e+04 1.897986139325927413e+00
5.617288883106603316e+04 -1.287749024476262827e+00
5.617288883106620051e+04 -3.527580317070027061e+00
5.617288883106681169e+04 -2.156228244198314048e+00
5.617288883106942376e+04 -6.202729431399252036e+00
5.617288883106973663e+04 5.015326945105075040e+00
5.617288883106975118e+04 -1.183819760820403327e-01
5.617288883107028232e+04 -4.797666558525244263e+00
5.617288883107332367e+04 -2.887862792767024178e+00
5.617288883107347647e+04 -5.740889780538227516e-01
5.617288883107464790e+04 5.660773411543299716e+00
5.617288883107512811e+04 -3.648977074381663410e+00
5.617288883107580477e+04 2.183601636242369637e-01
5.617288883107616130e+04 1.176952931462740271e+00
5.617288883107696893e+04 -5.780187482788095021e-01
5.617288883107960282e+04 -2.980761183529222258e+00
5.617288883108014124e+04 -2.232031089288092907e-01
5.617288883108047594e+04 -2.167991729439155968e+00
5.617288883108091250e+04 3.381618591265550755e+00
5.617288883108291338e+04 -1.426818987202789657e+00
5.617288883108545269e+04 -3.555200618859446049e+00
5.617288883108562732e+04 -9.197710222040181849e-01
5.617288883108571463e+04 -1.088484279059223070e+00
5.617288883108639129e+04 -2.581603273798266596e+00
5.617288883108732261e+04 -7.449443654977494944e+00
5.617489549627082306e+04 -5.373135739048116477e+00
5.617489549627094675e+04 4.399079404116327474e+00
5.617489549627113593e+04 4.227335962991134899e+00
5.617489549627131055e+04 -5.600670726346707262e+00
5.617489549627457018e+04 2.415346028954356239e+00
5.617489549627503584e+04 1.335696538686025336e+00
5.617489549627613451e+04 -2.951355654611890422e+00
5.617489549627660017e+04 2.790055861053672093e+00
5.617489549627933593e+04 3.067278983595721265e+00
5.617489549627978704e+04 -1.132057122719654751e+00
5.617489549628097302e+04 -2.495068284039460238e+01
5.617489549628120585e+04 6.063804104332967349e+00
5.617489549628224631e+04 -5.704357111897104815e-01
5.617489549628369423e+04 1.461862392831577040e+00
5.617489549628430541e+04 -1.780921154939971274e+00
5.617489549628551322e+04 8.005097682760661471e+00
5.617489549628744135e+04 -1.052833299322990523e+00
5.617489549628836539e+04 3.607869883275393708e+00
5.617489549628966779e+04 1.785997416449375708e+00
5.617489549628989334e+04 4.412616235833295875e+00
5.617489549629095563e+04 3.233266085346813146e-01
5.617489549629155954e+04 2.441903183705927294e+00
5.617489549629168323e+04 3.754084882774724630e+00
5.617489549629267276e+04 3.388753987499343090e+00
5.617489549629312387e+04 -3.205615661983820974e+00
5.617489549629325484e+04 -1.212111664247121912e+00
5.617489549629584508e+04 -3.438552469252139865e+00
5.617489549629610701e+04 1.351785784141677160e+00
5.617489549629615067e+04 -4.478030496749576983e+00
5.617489549629682006e+04 4.645286180282393040e+00
5.617489549629850080e+04 4.019157138564151133e+00
5.617489549629960675e+04 -3.312459787169923064e+00
5.617489549629982503e+04 1.537134924808153391e+00
5.617489549630039255e+04 2.101803737564047925e+00
5.617489549630045076e+04 4.098161445770810651e+00
5.617489549630096008e+04 4.496350901722609095e+00
5.617489549630445981e+04 2.248337250750836791e+00
5.617489549630584952e+04 4.681712955106144491e+00
5.617489549630861438e+04 2.687395456194721532e+00
5.617489549631042610e+04 7.421021056264923921e+00
5.617489549631066620e+04 -7.853005906190513308e-02
5.617489549631135014e+04 2.114746584296296472e+00
5.617489549631186674e+04 -3.344104552442783707e+00
5.617489549631248519e+04 -2.230879265386502830e-01
5.617489549631252157e+04 -9.806038643333445659e-01
5.617489549631336558e+04 2.586155450212273443e+00
5.617489549631591217e+04 6.167643870683316543e+00
5.617489549631671252e+04 4.301536739451805147e+00
5.617489549631785485e+04 7.870136696493098549e-01
5.617489549631786940e+04 2.521794164150645390e+00
5.617489549631853879e+04 -2.300498759725451148e+00
5.617489549631893897e+04 9.481858997421108715e-01
5.617489549632017588e+04 -1.364684024778555216e+00
5.617489549632058333e+04 1.254789757832656782e+00
5.617489549632108537e+04 -4.480130965391192710e+00
5.617489549632131093e+04 -1.561564221778817041e+00
5.617489549632211128e+04 5.746895898029251271e+00
5.617489549632280978e+04 1.102695167832410617e+00
5.619383043895360606e+04 6.696715054985271642e-01
5.619383043895360606e+04 -8.908690892563863040e-01
5.619383043895382434e+04 1.516130238401908636e+00
5.619383043895412993e+04 3.631061123137287794e+00
5.619383043895732408e+04 5.031742280699365466e+00
5.619383043895778246e+04 3.340240909530094005e+00
5.619383043895884475e+04 -3.228019226102474715e+00
5.619383043896205345e+04 2.411799336017882656e+00
5.619383043896255549e+04 3.274433399157415714e+00
5.619383043896388699e+04 2.473956851701828441e+00
5.619383043896408344e+04 1.027143017506742240e+01
5.619383043896501476e+04 4.531120544553387752e+00
5.619383043896644085e+04 3.729585154298946659e+00
5.619383043896707386e+04 2.842800006019698955e+00
5.619383043896819436e+04 4.550696223615127600e+00
5.619383043897013704e+04 -2.877770384349845223e+00
5.619383043897101015e+04 -3.380143945776853176e+00
5.619383043897235621e+04 -4.750752957112822084e-01
5.619383043897261814e+04 4.412715233359588041e+00
5.619383043897364405e+04 -1.878201261036567260e+00
5.619383043897423340e+04 -7.195044211638073062e-01
5.619383043897426251e+04 -1.690893691614901773e+00
5.619383043897539028e+04 3.365175366171400118e+00
5.619383043897582684e+04 -4.037160206704782262e+00
5.619383043897600146e+04 1.646686416348411175e+00
5.619383043897860625e+04 1.470690387070600735e+00
5.619383043897884636e+04 2.551962575456426574e+00
5.619383043897893367e+04 -1.354448544398552112e+00
5.619383043897954485e+04 4.674705654012618616e+00
5.619383043898257165e+04 3.839041952570724447e+00
5.619383043898311007e+04 2.776871976954468302e+00
5.619383043898313917e+04 1.720138255220132972e+00
5.619383043898359028e+04 -3.036024340388321807e+00
5.619383043898717733e+04 1.951448060140515750e+00
5.619383043898847245e+04 -3.180552078192873555e+00
5.619383043899303448e+04 1.668302304705503891e+00
5.619383043899336917e+04 -8.427993478840224428e-01
5.619383043899464974e+04 1.238472387717054701e+00
5.619383043899478798e+04 -3.333980982290230433e+00
5.619383043899520271e+04 -7.700490999725169150e-01
5.619383043899525364e+04 1.020992102767069865e+00
5.619383043899603945e+04 -1.751854628851362339e+00
5.619383043899855693e+04 -6.729325549703100151e-01
5.619383043899943004e+04 3.213821105281553514e+00
5.619383043900052144e+04 -2.657862508592732098e+00
5.619383043900055054e+04 -4.270313797730367344e-01
5.619383043900159828e+04 -4.948208350338258121e+00
5.619383043900167831e+04 -2.930682394619407383e+00
5.619383043900290795e+04 8.175980203239097133e-02
5.619383043900332996e+04 5.138451402671796453e-01
5.619383043900380289e+04 -4.028995065284351362e+00
5.619383043900404300e+04 1.442444398818363838e-01
5.619383043900476332e+04 -6.458976296873750744e-01
5.619383043900556368e+04 3.687528434837147984e+00
5.619484048330953374e+04 1.296976636536918637e+00
5.619484048331000668e+04 -2.367927936161210223e+00
5.619484048331026133e+04 -1.036342727582421963e+00
5.619484048331053054e+04 -5.768522995088413152e-01
5.619484048331298254e+04 -4.181808322853957094e-01
5.619484048331311351e+04 6.431455124833631576e-01
5.619484048331577651e+04 -2.265474134774500214e+00
5.619484048331617669e+04 -2.898055230787632830e+00
5.619484048331648228e+04 -1.780346709080201606e+01
5.619484048331664235e+04 -9.306521384528727570e-01
5.619484048332137172e+04 2.041432621437125894e-01
5.619484048332267412e+04 1.351274611770853395e+00
5.619484048332374368e+04 -7.269638374223601929e+00
5.619484048332458769e+04 1.169355949601828648e+00
5.619484048332510429e+04 -8.551945241979296286e-01
5.619484048332519160e+04 -6.322220302586893936e-01
5.619484048332709790e+04 -9.536238621011889904e-01
5.619484048332755629e+04 -2.209484593605810510e+00
5.619484048332833481e+04 -2.137470370566654232e+00
5.619484048332877137e+04 -1.958030950072995768e+00
5.619484048333120154e+04 -2.571169798433993403e+00
5.619484048333179089e+04 2.511650104861713029e+00
5.619484048333196552e+04 -5.149921175697541820e+00
5.619484048333258397e+04 -1.098517460222468323e+00
5.619484048333284591e+04 -1.081795491630804795e+00
5.619484048333332612e+04 -1.068271572630802968e+00
5.619484048333609826e+04 2.558166015947969996e+00
5.619484048333711689e+04 2.778490511176243127e-01
5.619484048333718238e+04 -3.308950800328425590e+00
5.619484048333756073e+04 8.644780913560849989e-01
5.619484048333769897e+04 -2.932420275121183195e+00
5.619484048333875398e+04 1.418265787873981276e+00
5.619484048333921237e+04 1.342571440472952737e+00
5.619484048334005638e+04 1.395152024338013774e+00
5.619484048334020918e+04 -2.923394285896802280e+00
5.619484048334350518e+04 6.939484456332744022e-01
5.619484048334371619e+04 -3.447164219491078985e+00
5.619484048334382533e+04 -6.609544582396334356e+00
5.619484048334650288e+04 -1.082885355816628759e-01
5.619484048334682302e+04 8.842991120419564366e-01
5.619484048334733961e+04 -8.204507068306430284e-01
5.619484048334752151e+04 2.182638378432325332e+00
5.619484048334912950e+04 -3.697821578805243536e+00
5.619484048334977706e+04 -6.872000752577418492e-01
5.619484048335014813e+04 1.745300976879479993e-01
5.619484048335091211e+04 -2.779581051769476119e+00
5.619484048335361149e+04 -1.955134197212715197e+00
5.619484048335414991e+04 1.550272494370179333e+00
5.619484048335495027e+04 -2.075364505750923350e+00
5.619484048335537227e+04 -8.681718048424252876e-01
5.619484048335690022e+04 -2.154045995031646843e+00
5.619484048335911211e+04 -4.935093193697468461e-01
5.619484048335933039e+04 -6.818240807220951050e-01
5.619484048335947591e+04 -9.331787267574561673e-01
5.619484048336035630e+04 -1.326495784141658252e+00
5.619484048336041451e+04 -3.518568132303264706e-01
5.621478685151959507e+04 2.020562258158181468e+00
5.621478685152035905e+04 1.125792746490859253e+00
5.621478685152043181e+04 4.817451577247234273e-01
5.621478685152064281e+04 1.115875779789325728e+00
5.621478685152313119e+04 3.424484507712271864e+00
5.621478685152322578e+04 1.791675739804252210e+00
5.621478685152326943e+04 1.306901440049000307e+01
5.621478685152584512e+04 2.729986933395495807e+00
5.621478685152598337e+04 8.567175484094041726e-01
5.621478685152646358e+04 -8.631918003025367270e-01
5.621478685152672551e+04 -1.709324302760370229e-01
5.621478685153154947e+04 6.645630645976121187e+00
5.621478685153244442e+04 -5.838392815422105642e+00
5.621478685153272090e+04 -2.930824294178870915e-01
5.621478685153467814e+04 2.856333565581614664e+00
5.621478685153523111e+04 1.711251033719983328e+00
5.621478685153528932e+04 2.432929877446562195e+00
5.621478685153713741e+04 1.852275120963493560e+00
5.621478685153766855e+04 -2.106660627677907183e+00
5.621478685153833794e+04 -1.627775298578111540e+00
5.621478685153882543e+04 1.618761545663319090e+00
5.621478685154133564e+04 5.886228251106235404e-02
5.621478685154185223e+04 3.432175291126756678e-01
5.621478685154288542e+04 -6.010872281422042995e+00
5.621478685154300911e+04 6.905598074291758870e+00
5.621478685154345294e+04 1.149207806758369310e+00
5.621478685154507548e+04 -4.909245346703937862e+00
5.621478685154618870e+04 2.966392957316950518e+00
5.621478685154692357e+04 8.922318245614675458e-01
5.621478685154762934e+04 4.904741544568025358e-01
5.621478685154800041e+04 -5.015628918316396678e+00
5.621478685154835694e+04 -9.882643777388057105e-01
5.621478685154888080e+04 4.579694913987404803e+00
5.621478685154928098e+04 -3.694094999553418357e-01
5.621478685155023413e+04 -3.402137575129072555e+00
5.621478685155032872e+04 -2.037289207396389301e+00
5.621478685155359562e+04 9.041665876494385523e-02
5.621478685155388666e+04 1.494958718737880110e+00
5.621478685155393032e+04 1.005355493226356067e+01
5.621478685155537823e+04 8.251846933506215009e-01
5.621478685155686253e+04 6.010888821970713281e+00
5.621478685155744461e+04 -8.296669742914351831e-02
5.621478685155759013e+04 -4.543278315762432351e-01
5.621478685155927087e+04 -7.057900835888287761e-01
5.621478685155986022e+04 -1.065710550421398839e+00
5.621478685156021675e+04 1.331457895333168162e+00
5.621478685156106803e+04 -1.575853263282712247e+00
5.621478685156371648e+04 -1.796553119021052636e+00
5.621478685156420397e+04 -2.798641113881953912e-01
5.621478685156488791e+04 5.337868199988447110e-02
5.621478685156538995e+04 1.117726602567823857e+00
5.621478685156701977e+04 8.906943195175807959e-02
5.621478685156955908e+04 -1.921582654067124141e+00
5.621478685156971187e+04 -3.231401325932139024e+00
5.621478685157049040e+04 -1.754591092817384679e+00
5.621478685157067230e+04 2.928911643932855746e+00
5.621478685157154541e+04 3.923159836111105858e-01
5.623484333543433604e+04 5.750257508822620878e+00
5.623484333543441608e+04 8.216584895359053675e-01
5.623484333543462708e+04 9.252959566544728398e-01
5.623484333543476532e+04 -3.309937503172863948e+00
5.623484333543811226e+04 -1.217876612124461910e-01
5.623484333543846878e+04 -3.499466059931394035e+00
5.623484333543961111e+04 8.405799242669138582e-01
5.623484333543998218e+04 -3.423681323509904839e+00
5.623484333544284891e+04 -2.831680665862894644e-02
5.623484333544326364e+04 9.246287267101534202e-03
5.623484333544471883e+04 1.106633546558337233e+00
5.623484333544565743e+04 -1.931797645337612890e+00
5.623484333544725814e+04 4.534060339868048572e+00
5.623484333544783294e+04 2.828686406314041335e+00
5.623484333544888796e+04 -3.251688236518010200e+00
5.623484333545088157e+04 -2.367524369789262728e+00
5.623484333545191475e+04 2.076249470547028242e+00
5.623484333545307163e+04 -1.775256776426773930e+00
5.623484333545336995e+04 -7.050292653504298679e-01
5.623484333545433037e+04 -2.363121133272014784e+00
5.623484333545485424e+04 -4.023472726678991584e+00
5.623484333545490517e+04 -2.813830913751563134e+00
5.623484333545612753e+04 1.089468241347404165e+00
5.623484333545657137e+04 1.404689185961919273e+00
5.623484333545669506e+04 1.367694251586801357e+00
5.623484333545927075e+04 3.458076489417484245e-01
5.623484333545963455e+04 -1.706178044398121596e+00
5.623484333545964182e+04 2.247700223422429033e+00
5.623484333546027483e+04 -9.460752589368579546e-01
5.623484333546189009e+04 2.939671209439394861e+00
5.623484333546302514e+04 4.334677808188456272e-01
5.623484333546331618e+04 4.102082607602638653e+00
5.623484333546371636e+04 -5.907532838900670491e+00
5.623484333546392736e+04 1.976266302356264770e+00
5.623484333546448761e+04 4.166211464758529104e+00
5.623484333546792186e+04 5.222265116742695668e+00
5.623484333546801645e+04 1.989850480702730406e+00
5.623484333547209826e+04 6.014137490409049214e+00
5.623484333547379356e+04 -5.185866907886155452e+00
5.623484333547417191e+04 2.877419000496133528e+00
5.623484333547480492e+04 -6.635364011996286449e-01
5.623484333547545975e+04 -2.865615213398688521e+00
5.623484333547593997e+04 -2.024911248052787549e+00
5.623484333547600545e+04 -1.499884476657499466e+00
5.623484333547689312e+04 2.011077415743590391e-01
5.623484333547943970e+04 8.459539238636008207e+00
5.623484333548121504e+04 -2.252192285253918680e+00
5.623484333548124414e+04 4.530982808968897046e+00
5.623484333548126597e+04 1.199863363727046162e+00
5.623484333548232098e+04 3.302333476530064260e+00
5.623484333548246650e+04 5.256367602496513136e+00
5.623484333548365976e+04 7.215763238476866626e-01
5.623484333548402356e+04 3.601658866444485074e+00
5.623484333548456198e+04 2.891424994266539095e+00
5.623484333548470750e+04 -3.032744510298217122e+00
5.623484333548562427e+04 -1.016997777070738906e-01
5.623484333548641735e+04 6.687518468099530544e+00
5.623571339370561327e+04 4.470720190517340598e+00
5.623571339370631176e+04 -1.421801136250480935e-01
5.623571339370633359e+04 -3.990557178832616625e+00
5.623571339370658097e+04 -2.432392523994070022e+00
5.623571339370899659e+04 -7.247970835100516318e+00
5.623571339370908390e+04 -1.683972334946130245e-01
5.623571339370910573e+04 -3.254467742862555024e+00
5.623571339371152862e+04 4.586487003193719048e+00
5.623571339371184877e+04 -1.508087324166458743e+00
5.623571339371267823e+04 -4.151514196977811544e+00
5.623571339371683280e+04 -4.114773212704850636e+00
5.623571339371745125e+04 -1.384697704186025780e+00
5.623571339371864451e+04 -4.091431324500507394e+00
5.623571339372059447e+04 -1.746111741961063890e+00
5.623571339372111834e+04 -5.364022633092785597e+00
5.623571339372122020e+04 9.166669894832822907e-01
5.623571339372303191e+04 -9.906058837727118593e-01
5.623571339372320654e+04 5.781881784965992033e+00
5.623571339372369403e+04 -1.296886923943209480e+00
5.623571339372402872e+04 3.859130868194819097e+00
5.623571339372554939e+04 -1.167919010193123386e+00
5.623571339372733200e+04 -7.723034891668024704e-01
5.623571339372784860e+04 -9.514545256486661717e-01
5.623571339372894727e+04 7.098440003431634171e-01
5.623571339372924558e+04 4.510237408958069238e+00
5.623571339372942020e+04 -3.557779749823226090e-01
5.623571339373091905e+04 -1.638105472237374460e+00
5.623571339373145747e+04 1.130587668767041309e+00
5.623571339373210503e+04 -3.292380371862731470e-01
5.623571339373289811e+04 -5.477255140700336700e-01
5.623571339373356750e+04 -1.559015080248660645e+00
5.623571339373400406e+04 -4.518839155301132560e-02
5.623571339373476803e+04 -2.762377008446572635e+00
5.623571339373525552e+04 6.453492828705709172e-01
5.623571339373612864e+04 1.554546603738705457e+00
5.623571339373637602e+04 3.992199830016937567e-01
5.623571339373945375e+04 5.194106616765884615e-02
5.623571339373958472e+04 -7.769520673081800055e-01
5.623571339373989031e+04 -9.447485212558272005e-01
5.623571339374040690e+04 7.769686078568499576e-01
5.623571339374338277e+04 -3.410543753959303537e+00
5.623571339374355011e+04 1.221006817855852855e+00
5.623571339374522358e+04 -5.375183524871110841e+00
5.623571339374581294e+04 2.358310698103155689e-01
5.623571339374619856e+04 1.197858620407400876e+00
5.623571339374707895e+04 -2.956020417708082437e+00
5.623571339374770469e+04 -6.785055124474528299e-01
5.623571339374972740e+04 -8.236186267607858991e-01
5.623571339375016396e+04 -1.591202179638679715e+00
5.623571339375074604e+04 -7.612071609737737221e-01
5.623571339375089883e+04 1.890656020316374919e+00
5.623571339375295065e+04 -3.136312077530191367e+00
5.623571339375557000e+04 -6.244839002238504466e-02
5.623571339375570824e+04 1.050808598535160510e+00
5.623571339375574462e+04 -3.066901919096994611e+00
5.623571339375651587e+04 1.831571731291663507e+00
5.623571339375751995e+04 -5.685494224477967151e-01
5.624970170770540426e+04 2.409320094388979427e+00
5.624970170770560799e+04 -2.731843768916562887e+00
5.624970170770577533e+04 1.036586360755547886e+00
5.624970170770607365e+04 -1.120233378161453297e+00
5.624970170770915865e+04 -7.470386381874373205e-01
5.624970170770948607e+04 -2.071005343726368242e+00
5.624970170771023550e+04 4.420914808777431482e+00
5.624970170771388803e+04 6.982559568420310114e-01
5.624970170771423000e+04 -2.081266649549606385e+00
5.624970170771571429e+04 -3.221683386327558019e+00
5.624970170771666744e+04 1.629288682262075350e+00
5.624970170771817357e+04 -4.517973834969080116e+00
5.624970170771877747e+04 -1.580890255018104762e+00
5.624970170771996345e+04 2.034670521626265938e+00
5.624970170772181882e+04 -6.235563198870067936e+00
5.624970170772292477e+04 -6.139773931288847741e-01
5.624970170772408164e+04 1.883832769415878738e+00
5.624970170772440906e+04 -4.176868768692539868e-01
5.624970170772532583e+04 1.751907843458557323e+00
5.624970170772594429e+04 4.461520999690363531e+00
5.624970170772713027e+04 1.609385881034452126e+00
5.624970170772748679e+04 -1.110419713196275859e+00
5.624970170772765414e+04 1.540991523009596076e+00
5.624970170773022983e+04 1.505404074793767810e+00
5.624970170773060818e+04 2.855213431407666480e+00
5.624970170773069549e+04 1.019466830368987303e-01
5.624970170773131395e+04 -3.795360971366504188e+00
5.624970170773283462e+04 6.911394779375198971e-02
5.624970170773428254e+04 2.476982731780466906e+00
5.624970170773470454e+04 -4.232447835350650500e+00
5.624970170773491554e+04 -1.763912374184403997e-01
5.624970170773554855e+04 6.939213149056513430e+00
5.624970170773709106e+04 4.145813676064992848e+00
5.624970170773901918e+04 -9.652807734481232416e-01
5.624970170774323196e+04 -5.660798213163865666e-01
5.624970170774489088e+04 1.940459337960561248e+00
5.624970170774506551e+04 -1.885802547181780087e+00
5.624970170774580765e+04 -8.683062683316974395e-01
5.624970170774657163e+04 1.928708765436466965e+00
5.624970170774694998e+04 1.247640416853143197e+00
5.624970170774703001e+04 -1.374553644886226333e+00
5.624970170774764847e+04 1.224520777272960909e-01
5.624970170774791040e+04 -1.670366775762013312e+00
5.624970170775036240e+04 1.489177093689066256e+00
5.624970170775135921e+04 4.794703533736182521e+00
5.624970170775216684e+04 -1.603625245520766018e+00
5.624970170775219594e+04 -2.905568731800062254e-01
5.624970170775286533e+04 -2.715685655636178364e+00
5.624970170775335282e+04 -9.201206976522270375e-01
5.624970170775463339e+04 -1.840699998297898876e-01
5.624970170775506267e+04 3.806269476747888625e+00
5.624970170775548468e+04 1.397901401034875368e+00
5.624970170775574661e+04 3.801646724040607772e+00
5.624970170775667066e+04 -1.690269576989636535e+00
5.624970170775667793e+04 4.294562300546013178e-01
5.624970170775741281e+04 3.165075598444128335e+00
5.625069071818941302e+04 -2.301965473228174019e+00
5.625069071818966040e+04 -3.900913684501365331e-01
5.625069071819028613e+04 -1.035555051861773324e+00
5.625069071819034434e+04 -1.948527190354986782e+00
5.625069071819059900e+04 -2.698988480416019797e+00
5.625069071819304372e+04 -5.932341440579985914e+00
5.625069071819310921e+04 -9.167838803489651855e-01
5.625069071819499368e+04 -5.557787452789412219e-01
5.625069071819595410e+04 4.655655232552043943e-01
5.625069071819672536e+04 -1.187434429915007694e+00
5.625069071819790406e+04 3.993371474764796591e+00
5.625069071819831152e+04 5.068234651271336766e+00
5.625069071820137469e+04 -2.885112384110911865e+00
5.625069071820264071e+04 -4.033629698724547019e+00
5.625069071820322279e+04 -4.710213030249454924e+00
5.625069071820461249e+04 1.378098629368396555e+00
5.625069071820496174e+04 -8.684781775059889242e+00
5.625069071820521640e+04 1.777661137577934092e+00
5.625069071820710815e+04 3.035351170690186784e+00
5.625069071820751560e+04 -1.151209954324234452e+00
5.625069071820773388e+04 -2.356698176604156814e+00
5.625069071820899262e+04 -3.455845869660499670e+00
5.625069071821140096e+04 2.646790297415299698e+00
5.625069071821159014e+04 -8.869994380456686089e-02
5.625069071821264515e+04 9.389759494991114508e+00
5.625069071821295074e+04 -5.963849361918872605e-01
5.625069071821344551e+04 -6.032458931894741916e-01
5.625069071821503894e+04 9.633249404628285717e-01
5.625069071821603575e+04 -1.512430301345249362e+00
5.625069071821652324e+04 2.516354638158789570e+00
5.625069071821683610e+04 2.628591974839516787e+00
5.625069071821754915e+04 -1.389165504295753140e+00
5.625069071821880061e+04 3.314085081135444089e+00
5.625069071821880061e+04 1.538569268505183940e+00
5.625069071821923717e+04 -1.933789475951136039e+00
5.625069071822011028e+04 -1.566259114527070784e+00
5.625069071822035767e+04 -4.706881549248117302e+00
5.625069071822363912e+04 1.880454973849184475e+00
5.625069071822380647e+04 4.788915364319384693e+00
5.625069071822395927e+04 8.238494875508731163e-02
5.625069071822484693e+04 3.227010325764562371e+00
5.625069071822744445e+04 1.518881679228544668e+00
5.625069071822753904e+04 4.668309695270303483e-01
5.625069071822930709e+04 -1.044705864017902552e+00
5.625069071822978003e+04 -1.774945839163839301e+00
5.625069071823015838e+04 -6.609829554012887076e-01
5.625069071823116246e+04 -9.820533608454580232e-01
5.625069071823135164e+04 1.159318553401542218e+01
5.625069071823374543e+04 -1.793686495856118945e+00
5.625069071823415288e+04 -1.273028527063072568e+00
5.625069071823446575e+04 -2.474522415532605102e+00
5.625069071823482955e+04 1.810872645854835872e+00
5.625069071823697595e+04 -1.998421929072696113e+00
5.625069071823739068e+04 -9.042997763245072207e+00
5.625069071823962440e+04 2.731325551764489656e+00
5.625069071823983541e+04 3.585965751347322539e-01
5.625069071824046841e+04 -3.602379382851122358e+00
5.626956390308051778e+04 7.381788058190916768e-01
5.626956390308091068e+04 3.093191534658626729e+00
5.626956390308166010e+04 -2.768640567966552668e-01
5.626956390308169648e+04 -2.092323207542635899e+00
5.626956390308197297e+04 -3.757220077374465728e+00
5.626956390308446134e+04 -8.809209608415952131e-01
5.626956390308451955e+04 1.720680729730984793e-01
5.626956390308649861e+04 -5.886811200266718558e+00
5.626956390308721166e+04 3.085039305955041833e+00
5.626956390308802656e+04 -4.202941244835415091e+00
5.626956390308814298e+04 1.441861626217346259e+00
5.626956390308912523e+04 5.021490615548843905e+00
5.626956390309287235e+04 -2.838024009252610114e+00
5.626956390309405833e+04 2.171731436812333271e+00
5.626956390309597919e+04 3.416000852668904741e+00
5.626956390309653216e+04 -2.170393494884570895e+00
5.626956390309661947e+04 3.761880891825547746e+00
5.626956390309845301e+04 -1.689033228339310577e+00
5.626956390309914423e+04 -3.776864624261034642e+00
5.626956390310022107e+04 -4.436274933815003152e-01
5.626956390310102142e+04 -4.180877715619693902e+00
5.626956390310113784e+04 -2.789773489840156273e+00
5.626956390310276038e+04 -1.807520320077582676e+00
5.626956390310281859e+04 1.117226419148822925e-01
5.626956390310360439e+04 -3.544969442827906825e+00
5.626956390310433926e+04 -6.411576304801919202e-01
5.626956390310459392e+04 3.660945595096368743e-01
5.626956390310479037e+04 -5.063134804473246042e+00
5.626956390310693678e+04 -6.289300591012352726e+00
5.626956390310733696e+04 -1.480251810442746230e+00
5.626956390310829738e+04 -2.729273106177225738e+00
5.626956390310864663e+04 3.361552229067874986e+00
5.626956390310895222e+04 9.078691249374307715e-01
5.626956390311015275e+04 3.753400649242623066e-01
5.626956390311061841e+04 -2.276019520431548315e+00
5.626956390311151335e+04 1.702430756286845148e-01
5.626956390311184805e+04 6.398097272595715257e-01
5.626956390311454743e+04 -3.843485635810183876e+00
5.626956390311499854e+04 -2.350276252001901156e+00
5.626956390311535506e+04 -3.936689627545890691e+00
5.626956390311578434e+04 6.836699228717842969e-01
5.626956390311881114e+04 -2.171986955035744571e-01
5.626956390311886207e+04 2.092679782973874136e+00
5.626956390311886207e+04 -2.796384800974637042e+00
5.626956390312072472e+04 -1.029813197016046900e+00
5.626956390312113945e+04 -2.661119785537012117e+00
5.626956390312147414e+04 -1.512783248954728821e+00
5.626956390312262374e+04 1.040956195431014475e+00
5.626956390312510484e+04 7.466315595776449321e+00
5.626956390312513395e+04 -3.515287410547061064e+00
5.626956390312615986e+04 3.688261187630132110e+00
5.626956390312746953e+04 -3.739021754798564245e+00
5.626956390312840813e+04 3.056812106462903245e+00
5.626956390313099837e+04 1.146461702285436424e+00
5.626956390313126030e+04 -1.183819760859905063e-01
5.626956390313190059e+04 -4.609658598672643215e-02
5.626956390313285374e+04 -4.698815405355590613e+00
5.627063698320898402e+04 -1.632876853911226167e+00
5.627063698320934054e+04 2.114367811332433789e+00
5.627063698320953699e+04 -2.075539279233988010e-01
5.627063698320964613e+04 5.582095194627305190e+00
5.627063698321312404e+04 1.416073898186765545e+00
5.627063698321337870e+04 2.783629559392990227e-02
5.627063698321436823e+04 -1.897742506236459015e+00
5.627063698321483389e+04 -3.540185732907126792e-01
5.627063698321780248e+04 2.276132454610542144e-01
5.627063698321810807e+04 1.825392544452286991e-01
5.627063698321938136e+04 1.950565691193181017e+00
5.627063698321972333e+04 2.912003561056143663e+00
5.627063698322043638e+04 -4.109406858759920844e+00
5.627063698322213168e+04 7.129678458169096400e-01
5.627063698322269920e+04 3.545527285431171904e+00
5.627063698322385608e+04 6.803767355630147229e+00
5.627063698322574055e+04 -1.228637209689122656e-01
5.627063698322691198e+04 3.830588427237521465e+00
5.627063698322792334e+04 2.122795511333292140e+00
5.627063698322836717e+04 3.770630377691069235e+00
5.627063698322915297e+04 3.659460492286491284e+00
5.627063698322964774e+04 -7.232792388032863728e-01
5.627063698322973505e+04 3.050608665973219225e+00
5.627063698323097196e+04 -1.084138029749120991e+00
5.627063698323133576e+04 3.611821174814837665e+00
5.627063698323140852e+04 -3.482322275958582125e+00
5.627063698323394783e+04 -4.994306750371984904e+00
5.627063698323439894e+04 1.965022058256085669e-01
5.627063698323461722e+04 -5.451698281620659392e-01
5.627063698323522840e+04 2.161301233604832728e+00
5.627063698323671269e+04 3.574985497282996860e+00
5.627063698323798599e+04 -2.074887767337234123e+00
5.627063698323806602e+04 -3.692171145132145504e+00
5.627063698323855351e+04 -1.791100680280758750e+00
5.627063698323883727e+04 3.144045086616032325e+00
5.627063698323937570e+04 -1.143155022754984568e-01
5.627063698324346478e+04 -6.478861881316668736e-01
5.627063698324368306e+04 9.355572624892168898e-01
5.627063698324681900e+04 -2.816757796319821594e+00
5.627063698324876168e+04 1.238407751268337693e-02
5.627063698324901634e+04 1.346431310845660034e+00
5.627063698324963480e+04 -4.355807325690014942e+00
5.627063698325041332e+04 -7.767855073024161783e+00
5.627063698325079167e+04 2.060082748814138220e+00
5.627063698325098085e+04 2.599197294527868074e+00
5.627063698325183941e+04 -7.041081582088930535e-01
5.627063698325426958e+04 3.564457328640453948e+00
5.627063698325520090e+04 -4.431630800263619108e+00
5.627063698325598671e+04 -3.008956553077754559e-01
5.627063698325603764e+04 -1.745145892070622262e-01
5.627063698325709265e+04 7.615368789168499575e-01
5.627063698325716541e+04 -7.022229015182005485e-01
5.627063698325844598e+04 -3.210225502080008120e+00
5.627063698325890437e+04 4.057791988139103800e+00
5.627063698325928272e+04 1.478683358969443029e+00
5.627063698325947189e+04 -3.612026214582616301e+00
5.627063698326065060e+04 2.958549601816756525e+00
5.627063698326130543e+04 5.894878368155724857e-01
5.628854493503017147e+04 1.593258929511785604e+00
5.628854493503092817e+04 2.794881945167612791e+00
5.628854493503100093e+04 -7.978245227038152296e-03
5.628854493503128469e+04 9.489832160612000633e-01
5.628854493503371486e+04 5.132995339916726074e-01
5.628854493503376580e+04 -1.629324824666705807e+00
5.628854493503436242e+04 -1.521117888231337645e+01
5.628854493503581762e+04 -1.255952660868684490e+01
5.628854493503712729e+04 1.730899884889266271e+00
5.628854493503738922e+04 1.108722134566705986e+00
5.628854493503740377e+04 6.291954738407578018e-01
5.628854493504219136e+04 1.338181116716105290e+00
5.628854493504327547e+04 1.340806702518227533e+00
5.628854493504519633e+04 2.595983060059307679e+00
5.628854493504576385e+04 -1.060071997332497018e+00
5.628854493504584389e+04 1.137887658165361415e+00
5.628854493504767743e+04 -5.056946200509672140e-01
5.628854493504847778e+04 -2.066447014282702110e-01
5.628854493504901620e+04 1.792466519455415686e-02
5.628854493504911079e+04 -3.630004880641562459e-01
5.628854493504945276e+04 -2.150946943007006507e+00
5.628854493505207938e+04 1.977110965304009316e+00
5.628854493505224673e+04 -1.651508872575128350e+00
5.628854493505360733e+04 -3.210780917244301924e-02
5.628854493505376013e+04 3.711417993581209274e+00
5.628854493505408027e+04 -2.555906966952684378e+00
5.628854493505507708e+04 -3.948199162710820609e+00
5.628854493505656865e+04 -8.319989801474964031e-01
5.628854493505822757e+04 2.999040610358202130e+00
5.628854493505840219e+04 4.558982024226538310e-01
5.628854493505880964e+04 3.684094684283058641e+00
5.628854493505896244e+04 -4.552247458281678760e+00
5.628854493505932624e+04 -4.575989640715294904e+00
5.628854493505982828e+04 -2.891422398551740880e+00
5.628854493506075232e+04 -1.518051637524963748e+00
5.628854493506107974e+04 -3.673898618452390075e+00
5.628854493506430299e+04 9.506102184107119157e-01
5.628854493506441213e+04 9.480105472140920142e+00
5.628854493506485596e+04 -1.224743573754776493e+00
5.628854493506500876e+04 -4.865665818466540782e-01
5.628854493506807194e+04 3.459507208990323379e-01
5.628854493506813742e+04 7.509107448447104316e-01
5.628854493506879953e+04 -5.477762149290728466e+00
5.628854493507002917e+04 1.158195057861119537e+00
5.628854493507040752e+04 9.376802843950150512e-01
5.628854493507073494e+04 -1.413475846298142935e+00
5.628854493507167354e+04 -5.736585541747529771e-01
5.628854493507283041e+04 2.906998763157250032e+00
5.628854493507443112e+04 -1.255604967527261806e+00
5.628854493507515872e+04 -6.603114941228247492e-01
5.628854493507529696e+04 -7.948403955175545654e+00
5.628854493507763254e+04 4.863722146833506232e-01
5.628854493508026644e+04 2.205829618341990539e+00
5.628854493508044106e+04 -3.086636855059035067e+00
5.628854493508055748e+04 2.515071974963745571e+00
5.628854493508060841e+04 2.258866451544858656e+00
5.628854493508116866e+04 8.942591211625420256e-01
5.629049632599922188e+04 -9.600898612037452873e-01
5.629049632599954930e+04 -4.565713721806890502e-01
5.629049632599978213e+04 -4.183801326007614563e+00
5.629049632599986944e+04 2.378708346513550786e+00
5.629049632600298355e+04 2.698392786997731552e+00
5.629049632600364566e+04 -9.054604595634875297e-01
5.629049632600456243e+04 -6.789088336913835953e+00
5.629049632600507903e+04 -1.535678528375594043e+00
5.629049632600814220e+04 3.239452848752140124e+00
5.629049632600833138e+04 -3.963398462755878260e+00
5.629049632600966288e+04 6.968172069279942704e+00
5.629049632601012127e+04 9.563412986313775122e+00
5.629049632601073972e+04 7.813363784134965684e-01
5.629049632601241319e+04 -9.518687646757834075e-01
5.629049632601288613e+04 -3.689623035657687566e+00
5.629049632601415215e+04 3.195033102067026842e+00
5.629049632601595658e+04 -4.015918787276397062e+00
5.629049632601717167e+04 -1.531804713257706174e+00
5.629049632601815392e+04 4.429371066708978621e-01
5.629049632601864869e+04 1.517593679719251742e+00
5.629049632601932535e+04 -4.635023310939185848e+00
5.629049632601990743e+04 1.874733608154387721e+00
5.629049632601998019e+04 3.889831973133342835e+00
5.629049632602089696e+04 1.703605673202184256e+00
5.629049632602150814e+04 -1.439728432144533166e+00
5.629049632602167549e+04 -1.109731034968731045e+00
5.629049632602422207e+04 -5.142567835250582142e-01
5.629049632602469501e+04 4.574533099459030971e+00
5.629049632602494239e+04 2.642423195217535326e-01
5.629049632602548809e+04 -8.632875256467490432e-01
5.629049632602692145e+04 -5.254047625865353455e-01
5.629049632602802012e+04 3.920176858223463956e+00
5.629049632602838392e+04 -2.362557278005804395e+00
5.629049632602872589e+04 -4.681345531271083438e+00
5.629049632602909696e+04 7.669171776969141430e-01
5.629049632602967904e+04 -9.059914527676896090e-02
5.629049632603369537e+04 -2.686984989889888098e+00
5.629049632603422651e+04 -3.581233688659187120e+00
5.629049632603707869e+04 -2.598128279563581611e+00
5.629049632603920327e+04 4.211978438336892339e+00
5.629049632603934151e+04 5.949298433929173235e+00
5.629049632603997452e+04 7.509914933233754475e-01
5.629049632604079670e+04 -2.916194326176289042e+00
5.629049632604084036e+04 1.233195390720009055e+00
5.629049632604101498e+04 -1.017815582504050659e-01
5.629049632604218641e+04 2.126454114514737093e+00
5.629049632604452199e+04 1.113003820329010241e+00
5.629049632604559156e+04 1.306453538838287187e+00
5.629049632604620274e+04 -3.653002570076588462e+00
5.629049632604621002e+04 -9.539692333174825123e-01
5.629049632604733051e+04 1.810195848290376830e+00
5.629049632604733779e+04 -6.102011270649176033e+00
5.629049632604877843e+04 2.882011623585613247e+00
5.629049632604912767e+04 1.594148874926754500e+00
5.629049632604945509e+04 -3.018178965513215406e+00
5.629049632604969520e+04 -5.441775438912459073e+00
5.629049632605099760e+04 4.615233983630972148e+00
5.629049632605161605e+04 1.143090451077938718e+00
5.631039192749172798e+04 -6.060728282187953120e+00
5.631039192749244830e+04 -1.079440122910875388e+01
5.631039192749279027e+04 1.339683385315526110e+01
5.631039192749287758e+04 -6.222920616936009175e+00
5.631039192749538779e+04 2.751744861731201031e+00
5.631039192749552603e+04 4.939856418368091084e+00
5.631039192749831273e+04 9.308021996196609749e+00
5.631039192749905487e+04 3.592680364292267781e-01
5.631039192750101938e+04 -2.574920423247102264e+01
5.631039192750323127e+04 -3.389385747549585659e+01
5.631039192750389338e+04 3.001252989237047863e+00
5.631039192750516668e+04 1.983202413551270382e+01
5.631039192750685470e+04 -4.712520994175015132e-01
5.631039192750743678e+04 -5.382681509382335250e+00
5.631039192750764778e+04 1.685483365631273145e+01
5.631039192750940856e+04 5.812919652687559058e+00
5.631039192750996153e+04 -7.350244750353130962e-01
5.631039192750997609e+04 4.515303498400752069e+00
5.631039192751015798e+04 -1.497838931098937509e+00
5.631039192751386145e+04 3.377211050669660430e+00
5.631039192751388327e+04 1.232392480114160804e+01
5.631039192751536757e+04 6.902236463845088821e+00
5.631039192751581868e+04 2.834498161127892768e+00
5.631039192751773953e+04 5.705141507629140740e+00
5.631039192751827068e+04 1.194769126841172202e+01
5.631039192751864175e+04 1.059501528858229058e+01
5.631039192751904920e+04 3.201497468635858468e+01
5.631039192751990049e+04 3.861618718447796805e+00
5.631039192752097733e+04 -1.115505341658658622e+01
5.631039192752109375e+04 3.796185676867202652e+00
5.631039192752152303e+04 -1.909483349074198344e+01
5.631039192752183590e+04 -9.886655637140999431e-02
5.631039192752265808e+04 1.906123822878421592e+01
5.631039192752569943e+04 2.775434621620336628e+01
5.631039192752588860e+04 -7.696278850405533056e+00
5.631039192752664530e+04 -1.387831190228208111e+00
5.631039192752813688e+04 1.905136430447255336e+01
5.631039192752975214e+04 -3.742964437793487864e+00
5.631039192753007956e+04 3.007196371647115640e+01
5.631039192753067618e+04 -1.211536357583952572e+01
5.631039192753194948e+04 2.165582490150484318e+01
5.631039192753232055e+04 -9.787054345846293302e+00
5.631039192753258976e+04 2.621022629324660613e+01
5.631039192753269162e+04 1.687754282138174844e+01
5.631039192753614043e+04 1.027845483391053527e+00
5.631039192753642419e+04 2.162726077099464961e-01
5.631039192753696989e+04 -1.850338889873068382e+00
5.631039192753917450e+04 -1.025723219942462450e+01
5.631039192753933457e+04 1.768667088929954900e+01
5.631039192754169926e+04 -1.931970415409789510e+01
5.631039192754218675e+04 -5.574254579680262722e+00
5.631039192754220858e+04 8.391847503853773205e+00
5.631039192754310352e+04 2.341841078015589872e+01
5.631039192754320538e+04 1.375207130794605170e+01
5.631045584378593048e+04 7.882198886749257616e-01
5.631045584378668718e+04 1.035093821900596067e+00
5.631045584378678905e+04 3.137490762695146707e+00
5.631045584378705826e+04 -1.951195818587522890e+00
5.631045584378945932e+04 -1.499104377370822583e+00
5.631045584378959757e+04 -2.518736450509945768e-01
5.631045584379175125e+04 -1.010325235272676991e+01
5.631045584379204956e+04 1.263390659516356651e+00
5.631045584379299544e+04 6.809840777330129491e-01
5.631045584379303182e+04 -3.013576701958511350e+00
5.631045584379477077e+04 1.912762591971381987e+00
5.631045584379797219e+04 -1.889421380173846421e+00
5.631045584379903448e+04 -9.086660855763362132e-01
5.631045584379974753e+04 -9.776630370654131319e-01
5.631045584380102082e+04 1.897103770416967761e+00
5.631045584380154469e+04 -2.913520361701799732e+00
5.631045584380158107e+04 -3.815103483767178005e+00
5.631045584380350192e+04 2.005286513943259408e+00
5.631045584380428045e+04 -2.089594320033547614e+00
5.631045584380468063e+04 -5.331728819578650524e-01
5.631045584380505898e+04 3.338644177337554697e-01
5.631045584380784567e+04 -2.634209683222125786e+00
5.631045584380810033e+04 4.768349710381066586e+00
5.631045584380941727e+04 2.059329338703080534e-02
5.631045584380956279e+04 2.009685446221602501e+00
5.631045584380993387e+04 1.163919695766352458e+00
5.631045584381181834e+04 1.195874366250126997e+00
5.631045584381246590e+04 1.898154004737824474e+00
5.631045584381302615e+04 3.013520070443843402e+00
5.631045584381389199e+04 -2.828408339322198817e+00
5.631045584381478693e+04 -2.457675624059742603e+00
5.631045584381520894e+04 -2.386655680231310139e+00
5.631045584381523076e+04 3.817345315889139279e+00
5.631045584381567460e+04 3.676001514579393253e-02
5.631045584381650406e+04 -4.589936266888225425e-01
5.631045584381656954e+04 -1.045309349216071299e-01
5.631045584381951630e+04 5.212623761823788060e-01
5.631045584382009110e+04 -1.276428875915057937e+00
5.631045584382045490e+04 -7.960844097717013623e-01
5.631045584382363450e+04 2.247322482510556885e+00
5.631045584382384550e+04 -1.877610548303227267e+00
5.631045584382393281e+04 2.189938367897183547e+00
5.631045584382408560e+04 1.268151147872371487e+00
5.631045584382566449e+04 -1.719326462585241133e+00
5.631045584382604284e+04 -1.707825535924055060e+00
5.631045584382620291e+04 1.107379212000880520e+00
5.631045584382659581e+04 2.953760015891482293e+00
5.631045584383024834e+04 -1.304638858451515171e+00
5.631045584383058304e+04 8.977713802095474982e-01
5.631045584383111418e+04 -2.143492892754629287e-01
5.631045584383339883e+04 -2.302619717606685157e+00
5.631045584383390815e+04 3.790521298317091503e+00
5.631045584383485402e+04 3.114927941752804852e+00
5.631045584383592359e+04 -8.589176909842743957e-01
5.631045584383602545e+04 -1.988651306538735897e+00
5.631045584383638197e+04 -4.461583859314658396e-01
5.631045584383693495e+04 -2.853226581510970750e+00
5.631151780960212636e+04 -8.899307651862343738e-01
5.631151780960246833e+04 5.444428413893379393e+00
5.631151780960272299e+04 -1.843276665705339212e+00
5.631151780960283941e+04 -8.936754531335531215e-01
5.631151780960645556e+04 4.451104741357382544e+00
5.631151780960657925e+04 -1.603797415115777891e+00
5.631151780960756878e+04 1.334215880526163689e+00
5.631151780960800534e+04 -1.685293876718688688e+00
5.631151780961110489e+04 3.149235998918403112e+00
5.631151780961129407e+04 -1.263332108641168627e+00
5.631151780961256009e+04 6.477428561714875244e+00
5.631151780961301120e+04 2.338498145606842993e+00
5.631151780961365148e+04 -3.617575950535000251e-01
5.631151780961533223e+04 5.855709793157753973e-01
5.631151780961584154e+04 -2.376038154633294042e+00
5.631151780961709301e+04 2.762155783858205815e+00
5.631151780961891927e+04 -4.308185225235231286e+00
5.631151780962022895e+04 6.719447313326180726e+00
5.631151780962112389e+04 4.290453324178389316e+00
5.631151780962161138e+04 2.008621267121203591e+00
5.631151780962220801e+04 -4.213552226143565171e+00
5.631151780962281191e+04 1.462628547446056082e+00
5.631151780962287012e+04 1.712877004063423803e+00
5.631151780962416524e+04 -2.508944447089968666e+00
5.631151780962437624e+04 -4.739409715683589930e+00
5.631151780962463090e+04 2.445535961553879201e+00
5.631151780962706107e+04 -6.087876149752077026e+00
5.631151780962792691e+04 1.540302844799290138e+00
5.631151780962849443e+04 -1.135321307754884879e-01
5.631151780962861085e+04 1.555668978100356536e+00
5.631151780962985504e+04 4.961574503504989631e-02
5.631151780963084457e+04 -2.736595648852826912e+00
5.631151780963131750e+04 1.491423906489231177e+00
5.631151780963168130e+04 -5.012780544315895703e+00
5.631151780963202327e+04 -6.961022736418019941e-01
5.631151780963270721e+04 1.446349915472769476e+00
5.631151780963617784e+04 -4.758839050619448230e+00
5.631151780963686906e+04 -2.261568489703636164e-01
5.631151780964003410e+04 -6.653872239957487889e-01
5.631151780964202044e+04 1.125305335455978772e+00
5.631151780964225327e+04 3.959577862240132529e+00
5.631151780964284990e+04 -4.905338129900988164e+00
5.631151780964380305e+04 -7.241745205296326038e-01
5.631151780964393402e+04 -3.627906124182775915e-01
5.631151780964422505e+04 1.974144312571752158e+00
5.631151780964508362e+04 -3.422278141680022312e+00
5.631151780964752834e+04 6.473391185514202562e+00
5.631151780964857608e+04 2.374748446632495735e+00
5.631151780964912177e+04 -5.398756141752734106e-01
5.631151780964913632e+04 -1.419377990068861228e+00
5.631151780965021317e+04 -2.553998488716088255e-01
5.631151780965033686e+04 1.217200838530984042e+00
5.631151780965165381e+04 -1.504877393960285081e+00
5.631151780965206126e+04 2.693554822358935397e+00
5.631151780965235957e+04 -3.157395272394972086e+00
5.631151780965264334e+04 -2.407992825117080127e+00
5.631151780965393118e+04 1.182233200733262990e+00
5.631151780965457147e+04 4.455196500860555964e-01
5.633246183872065740e+04 7.553957619148680136e-01
5.633246183872143592e+04 1.047946279621992050e+00
5.633246183872153779e+04 5.369470231749908784e-01
5.633246183872185793e+04 2.695763929058853314e+00
5.633246183872428082e+04 5.271463600979759967e+00
5.633246183872433176e+04 1.435567937087668389e-01
5.633246183872655820e+04 5.593239901632260924e+00
5.633246183872698020e+04 5.570522128085029223e+00
5.633246183872769325e+04 -4.334694893040783592e-01
5.633246183872796973e+04 3.409587536603357893e+00
5.633246183872897382e+04 -8.217376743365766290e-01
5.633246183873277914e+04 -1.692915651971962809e+00
5.633246183873381233e+04 3.661634273419037133e-01
5.633246183873571863e+04 -3.268534887802220790e-01
5.633246183873631526e+04 1.337285835020242786e+00
5.633246183873638074e+04 5.624109012169422606e-01
5.633246183873824339e+04 2.128602961879705102e+00
5.633246183873905829e+04 1.628192133421750842e+00
5.633246183873981499e+04 -4.845262833871959884e+00
5.633246183874003327e+04 1.475908156896355683e+00
5.633246183874110284e+04 4.710146898675855454e-01
5.633246183874267444e+04 3.434198283605530144e-01
5.633246183874300186e+04 -2.217611888694237254e-01
5.633246183874418057e+04 1.070285280135468753e+00
5.633246183874431154e+04 2.509631416880668375e+00
5.633246183874464623e+04 -1.878669391116393195e+00
5.633246183874658891e+04 1.541272330653129297e+00
5.633246183874717826e+04 -2.868240658948016941e-01
5.633246183874866256e+04 -1.278228047835087144e+00
5.633246183874936105e+04 1.036815517516433305e+00
5.633246183874983399e+04 7.637533937174811015e-03
5.633246183875011775e+04 7.318103429526006565e+00
5.633246183875016868e+04 -1.815508987737827873e+00
5.633246183875042334e+04 3.297978618816373775e+00
5.633246183875134011e+04 2.186038727361753864e+00
5.633246183875139832e+04 -8.938681118326922137e-01
5.633246183875407587e+04 3.936158638110662245e-01
5.633246183875430870e+04 5.027163602686137267e+00
5.633246183875488350e+04 9.329886638774965713e-01
5.633246183875499992e+04 1.729858259072678761e+00
5.633246183875559655e+04 -1.323904632314665708e+00
5.633246183875860152e+04 -8.682148472738636658e-01
5.633246183875871793e+04 3.717581663914018453e+00
5.633246183876057330e+04 -1.388580127828249244e+00
5.633246183876095165e+04 1.823621801883001048e+00
5.633246183876127907e+04 2.229355697144574933e-01
5.633246183876249415e+04 -9.613671881433549782e-01
5.633246183876502619e+04 1.169145041945397256e+00
5.633246183876533178e+04 2.121983042267041153e+00
5.633246183876587747e+04 1.058801570430274896e+00
5.633246183876686700e+04 5.543103233814195008e-01
5.633246183876738360e+04 5.836996674095540349e-01
5.633246183876815485e+04 -1.069954530138342630e+00
5.633246183877081057e+04 8.912547623401808616e-01
5.633246183877113799e+04 -6.848800904586381799e-01
5.633246183877173462e+04 2.153180166683549501e+00
5.633246183877303702e+04 3.221621418602679476e+00
5.633356395966612763e+04 -2.954183539809623227e+00
5.633356395966657146e+04 1.316120859696491507e+00
5.633356395966685523e+04 3.109275443881250656e+00
5.633356395966689161e+04 3.480283630443939735e+00
5.633356395967050776e+04 3.513503747199831384e+00
5.633356395967064600e+04 2.455791391352246111e-01
5.633356395967151911e+04 -2.978795178525635912e+00
5.633356395967207209e+04 5.636279687965806140e-01
5.633356395967513527e+04 1.288582338446919717e+00
5.633356395967533899e+04 -1.057589483497682448e+00
5.633356395967650315e+04 -1.535075934935630659e+00
5.633356395967704884e+04 4.802892928925155402e-01
5.633356395967765275e+04 -3.239890317475154990e+00
5.633356395967938442e+04 -3.669332852972540415e+00
5.633356395967990829e+04 -7.910682709487774911e-02
5.633356395968106517e+04 -3.693703454303436828e+00
5.633356395968293509e+04 -2.595063661420005996e+00
5.633356395968417200e+04 -3.583945359294984367e+00
5.633356395968513971e+04 2.837789871937598019e+00
5.633356395968561992e+04 -1.988157351130522832e+00
5.633356395968627476e+04 -9.586350284292776136e-01
5.633356395968683501e+04 1.143434790216526054e+00
5.633356395968686411e+04 -1.588491541173077559e+00
5.633356395968827565e+04 3.154848726624368105e+00
5.633356395968839934e+04 -5.232133173288187500e+00
5.633356395968856668e+04 -5.994654941104556656e+00
5.633356395969114237e+04 -1.698172159879171250e+00
5.633356395969157165e+04 -1.563010446175036705e+00
5.633356395969200094e+04 3.176516265850742649e+00
5.633356395969255391e+04 4.860050490675686952e+00
5.633356395969381992e+04 -2.909643274431291005e+00
5.633356395969491132e+04 3.974585171928033400e-01
5.633356395969534788e+04 4.457865129086819866e-01
5.633356395969575533e+04 -1.227348670444089018e+00
5.633356395969599544e+04 -2.802527982181081345e+00
5.633356395969671576e+04 2.219485936723315067e+00
5.633356395970034646e+04 4.938344598448383138e+00
5.633356395970116137e+04 -4.816240382225570826e+00
5.633356395970409358e+04 1.463291400266256481e+00
5.633356395970614540e+04 3.393320785285085961e+00
5.633356395970623998e+04 -7.947726489401878425e-01
5.633356395970695303e+04 -2.406421850789377398e-02
5.633356395970785525e+04 -1.520596474872554671e+00
5.633356395970794256e+04 -2.680244551624605176e+00
5.633356395970823360e+04 -2.143746983223289160e+00
5.633356395970917220e+04 -3.241299375439432584e-01
5.633356395971146412e+04 -3.594559612718154717e+00
5.633356395971266465e+04 4.362549327795020915e+00
5.633356395971312304e+04 -3.041688719084989501e+00
5.633356395971313759e+04 -4.165172579591509994e+00
5.633356395971427264e+04 2.124233127212058037e+00
5.633356395971433813e+04 1.969797031176635516e+00
5.633356395971569873e+04 -1.374364258409136452e+00
5.633356395971602615e+04 -3.667008563901773321e+00
5.633356395971644815e+04 2.186498248874500394e+00
5.633356395971668098e+04 -2.181236905086960665e+00
5.633356395971799066e+04 1.362761593716553810e+00
5.633356395971866004e+04 3.322275016021967620e+00
5.635238163783588971e+04 1.200987802223153711e+00
5.635238163783596247e+04 2.512980114855457803e+00
5.635238163783675554e+04 2.463257545696795781e+00
5.635238163783682830e+04 -1.521176515086908321e+00
5.635238163783953496e+04 1.121359380353759150e+00
5.635238163783967320e+04 1.186680511720782372e+00
5.635238163784168864e+04 2.834007477920696960e+00
5.635238163784227072e+04 3.160638960189933400e+00
5.635238163784265635e+04 1.669142663468913934e+00
5.635238163784325297e+04 1.544750155791859703e+00
5.635238163784448261e+04 -1.295462220879824544e+00
5.635238163784809149e+04 2.399322379294202001e+00
5.635238163784912467e+04 1.895907191996869745e+00
5.635238163785105280e+04 2.685313236736907250e+00
5.635238163785159122e+04 -1.691977327877249637e+00
5.635238163785175129e+04 6.136228262517628096e+00
5.635238163785357028e+04 2.148824276810146650e+00
5.635238163785469806e+04 1.750639125072974256e+00
5.635238163785544020e+04 1.878716061351120459e+00
5.635238163785605866e+04 1.133471508955947060e+00
5.635238163785671350e+04 -8.074906431861348377e-01
5.635238163785808138e+04 3.579939816845233436e-01
5.635238163785813958e+04 6.397408594535410886e-01
5.635238163785942743e+04 2.969186408581788950e+00
5.635238163785965298e+04 5.049726423663369879e+00
5.635238163785998768e+04 8.562957330261344868e-01
5.635238163786177029e+04 2.395448564176231532e+00
5.635238163786251971e+04 1.368896166392076896e+00
5.635238163786401128e+04 1.938588026118865271e+00
5.635238163786409859e+04 1.587413772957775304e+00
5.635238163786489895e+04 2.176268104801458048e+00
5.635238163786537189e+04 2.620990688822516734e+00
5.635238163786571386e+04 1.884759212935154471e+00
5.635238163786583755e+04 8.085174795303918735e-03
5.635238163786666701e+04 3.332343663174467618e+00
5.635238163786697260e+04 -2.000694567345381980e+00
5.635238163786786754e+04 -1.858380100103015631e-01
5.635238163786949735e+04 6.851161472020360632e-01
5.635238163787012309e+04 1.119956198433249783e+00
5.635238163787070516e+04 1.223722792726620767e+00
5.635238163787090889e+04 1.348451031047232407e+00
5.635238163787393569e+04 1.436429676615363471e+00
5.635238163787399390e+04 8.860896755223479637e-01
5.635238163787592202e+04 2.202334576306379965e+00
5.635238163787622761e+04 1.161466279541814028e+00
5.635238163787659869e+04 1.742908711793113019e+00
5.635238163787781377e+04 4.204398813862085804e-01
5.635238163788020029e+04 1.269605980679471946e+00
5.635238163788064412e+04 1.514258926574411523e+00
5.635238163788119709e+04 1.857151823861084461e+00
5.635238163788124075e+04 1.183366247675407656e+00
5.635238163788348902e+04 1.204878834297204104e+00
5.635238163788577367e+04 -1.743715172611087494e-01
5.635238163788613019e+04 1.931727069121037310e+00
5.635238163788627571e+04 2.567324545007733105e-01
5.635238163788631937e+04 -1.089470841576062193e-01
5.635238163788703969e+04 1.786286832636343247e+00
5.635437733036245481e+04 -1.638472364684383509e+00
5.635437733036288409e+04 1.357432945819620596e+00
5.635437733036307327e+04 -1.707434882262346632e+00
5.635437733036358986e+04 -3.973126043028400112e+00
5.635437733036685677e+04 6.224124095485448649e+00
5.635437733036692225e+04 -3.260206325672689420e+00
5.635437733036786085e+04 -3.423250899749162190e+00
5.635437733036833379e+04 -3.880257781933522221e+00
5.635437733037146972e+04 2.820047798717666865e+00
5.635437733037165162e+04 -8.968347645874317209e-01
5.635437733037267753e+04 -1.266194700851563937e+01
5.635437733037341241e+04 4.306051886450231514e+00
5.635437733037575526e+04 1.398590079328576152e+00
5.635437733037604630e+04 -4.277564868910895157e+00
5.635437733037624275e+04 1.241709175528700859e+00
5.635437733037742146e+04 -6.433150863111847251e-01
5.635437733037928410e+04 1.007156706808705338e-01
5.635437733038052829e+04 -1.449272501888309028e-01
5.635437733038139413e+04 -2.397722910851053602e+00
5.635437733038201259e+04 4.587600769224525088e+00
5.635437733038260922e+04 1.283684114451450586e+00
5.635437733038311126e+04 -1.745845911276560969e+00
5.635437733038319857e+04 8.179396270565510996e-01
5.635437733038451552e+04 -3.103566459257932841e+00
5.635437733038474835e+04 -1.544381699707834121e+00
5.635437733038488659e+04 -5.325190820937530489e+00
5.635437733038740407e+04 -6.189559492449913769e+00
5.635437733038784063e+04 -5.202631919082898015e+00
5.635437733038829901e+04 1.413982038063989588e+00
5.635437733038883016e+04 -2.970711817667531562e+00
5.635437733039019804e+04 -5.832795604606397788e-01
5.635437733039116574e+04 -4.398608678630497870e+00
5.635437733039128216e+04 -6.490052902955852909e-01
5.635437733039158775e+04 -5.606576142629065451e+00
5.635437733039211162e+04 2.471473305924397401e+00
5.635437733039240265e+04 9.173417229837437237e-01
5.635437733039302839e+04 1.758183424012969676e+00
5.635437733039663726e+04 2.704720018416584715e+00
5.635437733040042076e+04 2.488741912872518114e+00
5.635437733040241437e+04 3.881498966476447432e+00
5.635437733040256717e+04 2.956030050270829213e-01
5.635437733040368767e+04 -1.570996381373067352e-01
5.635437733040425519e+04 -2.870646868931263196e+00
5.635437733040456078e+04 -1.259785415707401990e+00
5.635437733040480089e+04 -2.856414322296979003e-01
5.635437733040549938e+04 1.200503123585768411e-01
5.635437733040778403e+04 -3.179407150789808068e+00
5.635437733040899911e+04 5.562433430945423751e+00
5.635437733040941384e+04 -4.623453516555702691e+00
5.635437733040945750e+04 -3.408358232740065219e+00
5.635437733041051979e+04 -3.318649283085845614e+00
5.635437733041061438e+04 -4.641867051083135465e+00
5.635437733041199681e+04 -2.336568282855316259e+00
5.635437733041235333e+04 -2.555938128747119453e+00
5.635437733041270985e+04 -1.659287664584959465e+00
5.635437733041297906e+04 -3.201642849566974647e+00
5.635437733041428146e+04 -1.073119177889332754e+00
5.635437733041492902e+04 -1.003829538145851741e+00
5.636734158891242987e+04 -7.307476939881164313e+00
5.636734158891251718e+04 6.580623724407148600e+00
5.636734158891272091e+04 3.016068180002846155e+00
5.636734158891403058e+04 4.203151476281829169e+00
5.636734158891446714e+04 -1.609886881296746397e+00
5.636734158891709376e+04 5.997123865901292206e+00
5.636734158891849802e+04 -4.919932772449070235e+00
5.636734158891850529e+04 1.017352698699710167e+01
5.636734158891940024e+04 1.374440026256891656e+00
5.636734158891999687e+04 2.165443893696608768e+01
5.636734158892022970e+04 5.605782454203847465e+00
5.636734158892121923e+04 7.197249006410843641e+00
5.636734158892156847e+04 4.043317864513539917e+00
5.636734158892235428e+04 2.493355456652076541e+01
5.636734158892415144e+04 7.381031404086355607e+00
5.636734158892459527e+04 -7.045873900724242134e+00
5.636734158892526466e+04 2.555290784434930629e+00
5.636734158892845880e+04 2.534346357363661539e+00
5.636734158892859705e+04 -4.344748703729833572e+00
5.636734158892966661e+04 1.395785697576206807e+01
5.636734158893046697e+04 5.652939696906852163e+00
5.636734158893065614e+04 -5.964261677391081484e+00
5.636734158893131098e+04 1.941914431214906145e+01
5.636734158893481799e+04 -8.251638486063811451e-01
5.636734158893528365e+04 1.500402809500463519e+01
5.636734158893539279e+04 -9.263401827240858033e-02
5.636734158893593121e+04 2.151529149792786910e+01
5.636734158893799031e+04 4.075013388942910764e-01
5.636734158894069697e+04 7.267158456573513448e+00
5.636734158894075517e+04 1.682147580423912103e+01
5.636734158894076245e+04 -3.665815257672770056e+00
5.636734158894158463e+04 4.770596523243124665e+00
5.636734158894419670e+04 2.129442377685612797e+01
5.636734158894481516e+04 7.653636078178370106e+00
5.636734158894506254e+04 2.153986009425396730e+01
5.636734158894507709e+04 -4.190665555292249600e+00
5.636734158894712164e+04 -3.549680773807442336e+01
5.636734158894761640e+04 -2.932433188012839587e+00
5.636734158895001019e+04 -3.330954842072048194e+01
5.636734158895016299e+04 -1.915087468315758557e+01
5.636734158895120345e+04 -2.532526340665615106e+00
5.636734158895350265e+04 9.998593213032856974e-01
5.636734158895602741e+04 -1.707756668133267652e+00
5.636734158895700966e+04 -1.399054834752629795e+01
5.636734158895891596e+04 -2.378778922871590318e+00
5.636734158895967994e+04 6.025350173680551480e-01
5.636734158895980363e+04 1.562992470785738774e+01
5.636734158896162990e+04 9.132374610451842400e+00
5.636734158896206645e+04 2.797946563425858457e+00
5.636734158896224835e+04 -1.348444731507789207e+01
5.636734158896237204e+04 2.903743866823368935e-01
5.636734158896323061e+04 -7.308811253977361311e+00
5.636735319726169837e+04 2.903667282234851932e+00
5.636735319726252055e+04 1.902311899668411410e+00
5.636735319726264424e+04 2.582114802007515308e+00
5.636735319726289890e+04 3.606119090297140950e+00
5.636735319726532907e+04 1.017317314768367176e+00
5.636735319726542366e+04 -5.234539102611994732e-01
5.636735319726794842e+04 8.331303186249758852e-01
5.636735319726837770e+04 1.717076480071133560e+01
5.636735319726879970e+04 1.902647630311970595e+00
5.636735319726902526e+04 9.374908979036415957e-01
5.636735319727110618e+04 -7.548411914977958270e-01
5.636735319727382739e+04 -2.613171454657980397e-01
5.636735319727488240e+04 -9.236878797739445091e-01
5.636735319727681053e+04 2.223778295115348413e+00
5.636735319727735623e+04 1.114420947059330702e+00
5.636735319727743627e+04 4.606777186142343439e+00
5.636735319727936439e+04 3.036298103396808834e+00
5.636735319728015747e+04 6.762494148243980430e-01
5.636735319728021568e+04 5.020982715513974348e+00
5.636735319728102331e+04 -1.099688213301315720e+00
5.636735319728371542e+04 1.353529141383956746e-01
5.636735319728373725e+04 4.647589980529883924e+00
5.636735319728435570e+04 5.925948969466769967e+00
5.636735319728527975e+04 2.252788866110077670e+00
5.636735319728540344e+04 3.644934717779406252e+00
5.636735319728575996e+04 6.995267394445013887e-01
5.636735319728767354e+04 1.781801815586744997e+00
5.636735319728832110e+04 2.664454894459914680e+00
5.636735319728928880e+04 2.486095837949589438e+00
5.636735319728979812e+04 3.064637213104419722e+00
5.636735319729064940e+04 -1.554242570960159830e-01
5.636735319729103503e+04 2.252470352422598410e+00
5.636735319729152980e+04 3.926931241413039508e+00
5.636735319729242474e+04 2.044007448206466293e+00
5.636735319729260664e+04 -3.981919463014645943e-01
5.636735319729390176e+04 -8.590338881925126341e-04
5.636735319729537150e+04 3.335287762681360402e+00
5.636735319729596085e+04 1.326998703778572875e+00
5.636735319729638286e+04 4.977870565775927569e-01
5.636735319729647745e+04 4.272750129521245555e-01
5.636735319729971525e+04 1.738638906694289998e+00
5.636735319729983166e+04 7.259927335019960459e+00
5.636735319730165065e+04 6.884131942948884531e-01
5.636735319730167248e+04 -1.013974489171075993e-01
5.636735319730205083e+04 1.112045007120296525e+00
5.636735319730242918e+04 3.698987351392434508e+00
5.636735319730337505e+04 4.353067229634249857e-01
5.636735319730610354e+04 4.418749917079289879e-01
5.636735319730642368e+04 3.064921292879739134e+00
5.636735319730703486e+04 2.913644508283187662e+00
5.636735319730859192e+04 -2.906263414771315112e+00
5.636735319730926130e+04 1.016189604145129932e+00
5.636735319731177879e+04 2.398616484107322311e+00
5.636735319731185155e+04 -1.667305429823413121e+00
5.636735319731191703e+04 2.546492919878081906e+00
5.636735319731282652e+04 2.805590891925370922e+00
5.636735319731382333e+04 -1.397455468704190462e+00
5.636834658437268081e+04 -1.486524118808561612e+00
5.636834658437308826e+04 2.815480928234802283e-02
5.636834658437326289e+04 -4.139097499658409340e+00
5.636834658437337930e+04 3.579283860379777749e-01
5.636834658437703911e+04 4.229944332119512929e+00
5.636834658437714825e+04 -2.019406126439525995e+00
5.636834658437810140e+04 -1.599045535269165930e+00
5.636834658437854523e+04 -4.416634831667428429e+00
5.636834658438168117e+04 2.678937626699879448e+00
5.636834658438187034e+04 -4.798831307252285905e-01
5.636834658438285260e+04 -1.678440940627542233e+01
5.636834658438364568e+04 6.137471155565000558e+00
5.636834658438426413e+04 3.550150038258216068e+00
5.636834658438591578e+04 -3.626324896728842617e+00
5.636834658438645420e+04 9.414540699781563937e-01
5.636834658438769111e+04 4.187668096465161582e+00
5.636834658438944462e+04 -4.841936689232738011e+00
5.636834658439078339e+04 3.573444579834406998e+00
5.636834658439163468e+04 -2.449921989262802413e-01
5.636834658439218765e+04 1.214626903620904530e+00
5.636834658439282066e+04 2.283019237119290890e-01
5.636834658439332270e+04 -2.687871663200207095e+00
5.636834658439335908e+04 -4.890893103846115864e+00
5.636834658439476334e+04 -2.547714299796997595e-01
5.636834658439500345e+04 1.261431198724286551e+00
5.636834658439515624e+04 -8.782662774595146882e-01
5.636834658439766645e+04 -2.439465420878486945e+00
5.636834658439805935e+04 -5.348993262743756638e+00
5.636834658439854684e+04 4.523458999370738809e+00
5.636834658439903433e+04 -3.896381461321117179e+00
5.636834658440043859e+04 1.225551062253641632e+00
5.636834658440139901e+04 -3.293039060932900330e+00
5.636834658440185012e+04 -1.946302930923999197e+00
5.636834658440230851e+04 5.887475077240146293e-01
5.636834658440262865e+04 1.538305677924227011e+00
5.636834658440318890e+04 -2.473184829361096515e+00
5.636834658440732892e+04 -4.796248763840291196e-01
5.636834658440772910e+04 -2.200838409610186286e+00
5.636834658441055217e+04 -4.982315140630724670e+00
5.636834658441257488e+04 -1.067205153481039170e+00
5.636834658441272768e+04 -4.745728338657899670e+00
5.636834658441349893e+04 1.326631811399110017e+00
5.636834658441432839e+04 -6.032730239547365869e+00
5.636834658441448119e+04 -1.901048161867813890e+00
5.636834658441476495e+04 -1.948472267390074508e+00
5.636834658441568172e+04 -2.123525668333108296e+00
5.636834658441807551e+04 3.545673629677425165e+00
5.636834658441966894e+04 -2.263473695829095078e+00
5.636834658441969077e+04 1.734745270752838520e-01
5.636834658441971987e+04 4.167011980511973329e-02
5.636834658442075306e+04 -2.456002307193292378e+00
5.636834658442086948e+04 -1.723532736205345417e+00
5.636834658442222280e+04 -1.447510496331363194e+00
5.636834658442255022e+04 -4.375012840344115084e+00
5.636834658442294312e+04 -7.213251143126031550e-01
5.636834658442320506e+04 -2.525369423239467004e+00
5.636834658442455839e+04 4.479194205289151576e+00
5.636834658442512591e+04 -1.700014374200114586e+00
5.638732611443324276e+04 -4.827706875064273540e+00
5.638732611443371570e+04 2.145972266736835832e-01
5.638732611443386122e+04 -4.090519858105587936e+00
5.638732611443394853e+04 2.122212867346330023e-01
5.638732611443758651e+04 2.484188028017640715e+00
5.638732611443778296e+04 2.659964541117184389e+00
5.638732611443867791e+04 -3.084309293917662398e+00
5.638732611443917995e+04 -3.009042637979343904e-01
5.638732611444203940e+04 -3.384133975574158626e+00
5.638732611444223585e+04 1.354729883730485973e+00
5.638732611444372742e+04 7.215132087525450544e+00
5.638732611444415670e+04 1.596567857309284078e+00
5.638732611444481154e+04 -1.252568778689914231e-01
5.638732611444651411e+04 -1.203666747378718815e+00
5.638732611444696522e+04 -5.278464002196763261e+00
5.638732611444820941e+04 -5.599764104128892583e-01
5.638732611445003567e+04 -4.303545255684377402e+00
5.638732611445135990e+04 4.353140261378212195e+00
5.638732611445219663e+04 -2.897574188273149609e+00
5.638732611445278599e+04 3.731134680595239672e+00
5.638732611445346993e+04 4.381393286305618417e+00
5.638732611445399380e+04 3.181776045992150692e+00
5.638732611445401562e+04 5.308899268207735167e-01
5.638732611445534712e+04 -9.278569870196666514e-02
5.638732611445554357e+04 -3.988931208755094993e+00
5.638732611445576185e+04 -3.929202855679045925e-01
5.638732611445827933e+04 -1.189729621431896645e+00
5.638732611445868679e+04 -2.440903036727154252e+00
5.638732611445905786e+04 1.800541367332721826e-02
5.638732611445961811e+04 1.218939751126920656e+00
5.638732611446102237e+04 8.373173111339795582e-01
5.638732611446201190e+04 -2.223358188177344097e+00
5.638732611446244118e+04 -1.113992231635638985e+00
5.638732611446284136e+04 -4.735751112640583571e+00
5.638732611446318333e+04 -1.508929254722256863e-01
5.638732611446379451e+04 5.828420917924050926e-01
5.638732611446737428e+04 -9.881018487781177972e-01
5.638732611446834926e+04 2.123934562954337690e-01
5.638732611447117961e+04 -1.648449590751421390e+00
5.638732611447320960e+04 -1.395641683715351800e-01
5.638732611447337695e+04 8.986527171692529903e-01
5.638732611447411909e+04 1.040270789405924212e+00
5.638732611447486852e+04 -8.158404505057481160e+00
5.638732611447509407e+04 -5.360706668957027077e-01
5.638732611447534873e+04 -1.112967822748874402e+00
5.638732611447624367e+04 -2.668442328281448450e+00
5.638732611447860836e+04 -4.462411985479022847e-01
5.638732611447972886e+04 2.177097790895352158e+00
5.638732611448031093e+04 1.908866223645796278e+00
5.638732611448031093e+04 -3.335562210037999464e-01
5.638732611448130046e+04 -7.179456990822357554e+00
5.638732611448146781e+04 -1.543116253453511888e+00
5.638732611448277021e+04 -4.899880354951955397e+00
5.638732611448318494e+04 -4.066938504319659864e-01
5.638732611448350508e+04 -4.610661318240786066e+00
5.638732611448379612e+04 -3.270269636538571056e+00
5.638732611448512762e+04 5.535376984528842748e+00
5.638732611448573152e+04 1.178832851938381943e+00
5.639124020724637376e+04 3.291126270363402551e+00
5.639124020724712318e+04 -3.946805789782386470e-02
5.639124020724721049e+04 -2.099589654810141981e-01
5.639124020724752336e+04 1.548176330072518425e+00
5.639124020724994625e+04 2.203290117398363890e+00
5.639124020725004812e+04 2.196136472147082408e+00
5.639124020725074661e+04 5.123458038144126370e+00
5.639124020725110313e+04 -6.923092070210961069e-01
5.639124020725271112e+04 -6.317372838165090876e+00
5.639124020725335140e+04 -6.913106235684502998e-01
5.639124020725362789e+04 1.427562944253377708e+00
5.639124020725843729e+04 1.348046432597435951e+00
5.639124020725953596e+04 1.843722598143515246e+00
5.639124020726142044e+04 2.566817536551635470e+00
5.639124020726199524e+04 2.363511110679774596e+00
5.639124020726206800e+04 9.536576196705849329e-01
5.639124020726392337e+04 9.392814613437014959e-01
5.639124020726472372e+04 -2.955452258316122016e+00
5.639124020726476738e+04 3.289395966277352645e+00
5.639124020726510207e+04 4.508545843265314268e+00
5.639124020726573508e+04 1.788843550638196334e+00
5.639124020726826711e+04 -2.958516876498380022e+00
5.639124020726935123e+04 3.016102613939885213e+00
5.639124020726989693e+04 5.069714109365987958e-02
5.639124020727002062e+04 3.988473250953733285e+00
5.639124020727035531e+04 7.452463663209744071e-01
5.639124020727065363e+04 8.448894996345531760e-01
5.639124020727224706e+04 1.218945087430805874e+00
5.639124020727288007e+04 2.470910482707438405e+00
5.639124020727417519e+04 7.030562154466892810e-01
5.639124020727445168e+04 4.198717218412043040e-01
5.639124020727505558e+04 3.331585225437806441e-01
5.639124020727567404e+04 5.003860452733711384e+00
5.639124020727608149e+04 1.740722158394316876e+00
5.639124020727703464e+04 3.071653122732327823e+00
5.639124020727738389e+04 5.315408989767329562e-01
5.639124020727992320e+04 -2.179458222351894570e+00
5.639124020728055621e+04 1.721878199964647305e+00
5.639124020728094911e+04 -7.265709496204950657e-01
5.639124020728129835e+04 1.114834154014441303e+00
5.639124020728402684e+04 -1.967939308429825784e+00
5.639124020728427422e+04 -2.194514450443942000e+00
5.639124020728437608e+04 1.079332790577274936e+00
5.639124020728625328e+04 -4.853355695041737805e-01
5.639124020728667529e+04 3.460033217987223964e+00
5.639124020728700270e+04 2.446582923766257078e+00
5.639124020728816686e+04 9.004141829928756779e-01
5.639124020729068434e+04 -2.569009962334068975e-01
5.639124020729100448e+04 3.841207125408766521e-01
5.639124020729156473e+04 5.992637957178064134e-01
5.639124020729305630e+04 -4.127660996265522519e-01
5.639124020729385666e+04 -1.426837095980234282e-01
5.639124020729645417e+04 2.163518948853332624e+00
5.639124020729649783e+04 1.142364066786521137e+00
5.639124020729673794e+04 1.703998391075463470e+00
5.639124020729742915e+04 2.679614424310410747e+00
5.639124020729758922e+04 2.606640355964906952e+00
5.640718330661731306e+04 -2.419338799253439642e+00
5.640718330661773507e+04 1.633093629644359890e+00
5.640718330661789514e+04 -4.912577860094682336e+00
5.640718330661790242e+04 -3.163309296912775181e+00
5.640718330662159860e+04 4.745333912436844770e+00
5.640718330662170047e+04 -5.550509125256098741e+00
5.640718330662266817e+04 -6.604453700183260167e+00
5.640718330662320659e+04 -3.440140733726226863e+00
5.640718330662621884e+04 6.013072771924087290e-01
5.640718330662648077e+04 -4.269296498727597616e-02
5.640718330662767403e+04 -2.371733915691701444e+00
5.640718330662811786e+04 -6.727388642639627880e-01
5.640718330662885273e+04 9.753112141224793419e-01
5.640718330663045344e+04 -6.536739411919854525e+00
5.640718330663113011e+04 7.974640888096613089e+00
5.640718330663224333e+04 1.539932680294426204e+00
5.640718330663406960e+04 -3.086254809975863544e+00
5.640718330663529196e+04 -7.318419420530088149e-02
5.640718330663628149e+04 -1.214255175376288243e+00
5.640718330663680536e+04 5.757510151913454166e+00
5.640718330663745292e+04 -3.065600338723407647e-01
5.640718330663792585e+04 -8.554773267991642172e+00
5.640718330663806410e+04 1.605830579691371440e+00
5.640718330663931556e+04 -4.556711986395097114e+00
5.640718330663958477e+04 -3.820084520503964409e+00
5.640718330663978122e+04 -1.665838716403716502e+00
5.640718330664228415e+04 -4.539813544002385903e+00
5.640718330664272798e+04 -1.999839055881454497e+00
5.640718330664304085e+04 -6.726183455714014325e-01
5.640718330664360838e+04 7.936664514326471909e-02
5.640718330664498353e+04 -1.224585349024405190e+00
5.640718330664607493e+04 -6.465174401538261728e-01
5.640718330664640234e+04 -6.834472233414661702e+00
5.640718330664688256e+04 -3.798503066057440147e+00
5.640718330664720997e+04 1.522009829014943305e+00
5.640718330664779933e+04 8.405024480145544263e-01
5.640718330665144458e+04 5.626661285703973725e+00
5.640718330665234680e+04 8.090642862121187884e-01
5.640718330665519898e+04 -2.199839826187036884e+00
5.640718330665718531e+04 1.478166850356727346e+00
5.640718330665741814e+04 3.088589271229904121e+00
5.640718330665802205e+04 -4.689824882329122424e+00
5.640718330665840040e+04 -4.877943220505108202e-01
5.640718330665912072e+04 -6.637516131901011196e-01
5.640718330665930989e+04 -3.893850568829559045e+00
5.640718330666028487e+04 1.136823479110786295e+00
5.640718330666256952e+04 -4.453114829226302307e-01
5.640718330666371912e+04 3.091576413109817789e+00
5.640718330666428665e+04 -3.580484751213934391e+00
5.640718330666430120e+04 -4.336730938558448933e+00
5.640718330666537076e+04 1.608275387454759286e+00
5.640718330666547990e+04 -3.552223117808294361e+00
5.640718330666681140e+04 -3.247999503871253246e+00
5.640718330666713882e+04 -3.305013453930818024e+00
5.640718330666756810e+04 -2.352054934892038762e+00
5.640718330666783004e+04 -3.235370866586430250e+00
5.640718330666908878e+04 3.514459288351561295e+00
5.640718330666971451e+04 4.510462930025090356e-01
5.641031841959180747e+04 2.116378923119955235e+00
5.641031841959215672e+04 1.168232543304564164e+00
5.641031841959299345e+04 2.704811439551447982e+00
5.641031841959314625e+04 4.041441216360773581e+00
5.641031841959581652e+04 3.305201131980649354e+00
5.641031841959585290e+04 -4.120429874739013343e-01
5.641031841959742451e+04 -7.545113976286707214e+00
5.641031841959832673e+04 1.120997824298498813e+00
5.641031841959855956e+04 2.621997880805621683e+00
5.641031841959927988e+04 7.566095573388226248e-01
5.641031841960096790e+04 5.878455996207381240e+00
5.641031841960425663e+04 7.591146244484936467e-01
5.641031841960539168e+04 2.594063369565475341e+00
5.641031841960731981e+04 3.640432483818484055e+00
5.641031841960788734e+04 -8.387910693561103637e-01
5.641031841960789461e+04 3.279005533304604647e+00
5.641031841960978636e+04 2.315716840616665717e+00
5.641031841961029568e+04 2.492199248916893151e+00
5.641031841961063765e+04 -1.976453093224450175e+00
5.641031841961167083e+04 1.164703067308120454e+00
5.641031841961390455e+04 -1.580927961193708153e+00
5.641031841961415194e+04 1.864503464144473543e+00
5.641031841961451573e+04 4.323308612827987396e+00
5.641031841961570171e+04 1.380190489608071225e+00
5.641031841961585451e+04 1.663951751244107991e+00
5.641031841961619648e+04 1.443006553866729602e+00
5.641031841961801547e+04 -2.259947492041243677e+00
5.641031841961878672e+04 1.032218590270878478e+00
5.641031841961967439e+04 7.011795672385756628e-01
5.641031841962033650e+04 1.422793847428559078e+00
5.641031841962151520e+04 3.548364811179542944e+00
5.641031841962187900e+04 3.283800455572944088e+00
5.641031841962194449e+04 2.412347006616863521e+00
5.641031841962215549e+04 9.987230022168233079e-01
5.641031841962247563e+04 8.217585191463500083e-01
5.641031841962278850e+04 2.022327946311956737e+01
5.641031841962393810e+04 8.770421651199152846e-01
5.641031841962581530e+04 6.263116337237677467e-01
5.641031841962636827e+04 2.992497275459942152e-01
5.641031841962678300e+04 1.418928640788551299e+00
5.641031841962712497e+04 2.539296232274316889e+00
5.641031841963016632e+04 2.301177121206925413e+00
5.641031841963028273e+04 3.135484987419945746e+00
5.641031841963207262e+04 -7.738831449337059132e-01
5.641031841963250918e+04 1.471027149887276897e+00
5.641031841963283659e+04 1.981682067226405941e+00
5.641031841963377519e+04 8.542985661379534079e-01
5.641031841963651823e+04 9.221493896759682882e-03
5.641031841963686747e+04 1.652330305889963880e+00
5.641031841963747866e+04 1.339894203902331604e+00
5.641031841963862826e+04 -1.865439052133065767e-01
5.641031841963972693e+04 2.671832360179799526e+00
5.641031841964233899e+04 1.891215571502924631e+00
5.641031841964264459e+04 1.930883438311736366e+00
5.641031841964316845e+04 1.457288018935266605e+00
5.641031841964327759e+04 4.156459091454639321e+00
5.641031841964431806e+04 2.801303869903004173e+00
5.643120634208405681e+04 -3.159840080288816466e+00
5.643120634208436968e+04 -9.348584121146393811e-01
5.643120634208457341e+04 -7.793534163448492258e+00
5.643120634208461706e+04 9.790989444682406395e-01
5.643120634208813135e+04 -2.969730451249729786e+00
5.643120634208848060e+04 2.628380035228091938e+00
5.643120634208942647e+04 -3.752680137481118283e+00
5.643120634208990668e+04 -4.991747300236585305e-01
5.643120634209288255e+04 2.263681863056342891e+00
5.643120634209311538e+04 -5.587370628270124762e+00
5.643120634209420678e+04 1.002229924962174001e+00
5.643120634209446143e+04 1.425009498470942049e+00
5.643120634209556738e+04 8.606376781574783807e-01
5.643120634209718264e+04 -3.846733636113739419e-01
5.643120634209770651e+04 -2.164794712103750296e+00
5.643120634209884156e+04 -2.630011349916287489e-01
5.643120634210077696e+04 -3.303205673569787226e+00
5.643120634210095159e+04 -7.516676901198625416e+00
5.643120634210194839e+04 1.941130799369259696e+00
5.643120634210299613e+04 2.029712038402596175e+00
5.643120634210340359e+04 2.007312778542077236e+00
5.643120634210418939e+04 -7.153594390464165231e-01
5.643120634210472781e+04 -7.442580998272629866e-01
5.643120634210474964e+04 -2.499079131359583261e+00
5.643120634210603748e+04 -1.346782694814754544e+00
5.643120634210629942e+04 -7.009026342691833555e+00
5.643120634210654680e+04 1.130358512112045855e+00
5.643120634210910066e+04 8.253257012367061218e-01
5.643120634210949356e+04 1.409574497344919353e+00
5.643120634210966819e+04 -1.078241222351690176e+00
5.643120634211022843e+04 -3.225092343833295683e+00
5.643120634211169818e+04 -7.403670677531067890e-01
5.643120634211284778e+04 5.880330040594543561e-01
5.643120634211313882e+04 -3.490336769206975553e+00
5.643120634211361175e+04 -3.550062389849666378e+00
5.643120634211385186e+04 -1.213962487132990820e+00
5.643120634211441939e+04 -1.453183483391240260e+00
5.643120634211797005e+04 -3.549029372484846068e+00
5.643120634211863944e+04 -4.925955435009838013e+00
5.643120634212189179e+04 -3.275753237099688686e+00
5.643120634212378354e+04 -3.628778313048969473e+00
5.643120634212403820e+04 -2.558296851797904115e+00
5.643120634212475125e+04 -5.992999381088613964e-01
5.643120634212558798e+04 3.066637652253083601e+00
5.643120634212585719e+04 1.241907170556552531e+00
5.643120634212600999e+04 -8.133642290994751167e-02
5.643120634212690493e+04 -2.485216749280649007e-01
5.643120634212930599e+04 7.869491061336337800e-01
5.643120634213031008e+04 1.098593228143823097e+00
5.643120634213104495e+04 -2.349644561060293846e+00
5.643120634213108133e+04 -9.861132903658041959e-01
5.643120634213212179e+04 -3.698343424091572906e+00
5.643120634213220910e+04 -5.635833627202011531e-01
5.643120634213355515e+04 -1.316874109668945692e-01
5.643120634213393350e+04 3.465479780766404505e-01
5.643120634213436279e+04 1.467983020847464459e+00
5.643120634213455196e+04 -3.604657357580416388e+00
5.643120634213566518e+04 -7.369236765370392739e-01
5.643120634213634185e+04 -9.739236854609252259e-01
5.643226643220253754e+04 1.619678348696109271e+00
5.643226643220333790e+04 2.980351604681760858e+00
5.643226643220343249e+04 3.874230138939090740e+00
5.643226643220615370e+04 2.105876579926978298e+00
5.643226643220618280e+04 2.286163935522298463e+00
5.643226643220885308e+04 1.024358278151600210e+01
5.643226643220888946e+04 2.076349500249188740e+00
5.643226643220976985e+04 3.168110227502118903e-01
5.643226643221183622e+04 -8.749036347409857584e-01
5.643226643221324048e+04 1.358832855600860201e+00
5.643226643221459381e+04 3.355027002902202682e+00
5.643226643221575068e+04 3.653904751978931387e+00
5.643226643221761333e+04 2.062050818224463011e+00
5.643226643221819540e+04 -7.383043051995380468e-01
5.643226643221826089e+04 3.459292888924764942e+00
5.643226643221988343e+04 2.928356397319122451e+00
5.643226643222010898e+04 1.498935835704658048e+00
5.643226643222012353e+04 2.878599394246928789e+00
5.643226643222082203e+04 -1.568532644541668630e-01
5.643226643222443818e+04 1.374362549985330473e+00
5.643226643222478742e+04 3.377822252752578081e+00
5.643226643222598068e+04 -8.255512301366803030e-01
5.643226643222621351e+04 2.515777870287803530e+00
5.643226643222647544e+04 -1.148033425999559931e+00
5.643226643222833081e+04 -1.280810591291171363e+00
5.643226643222911662e+04 1.420547034670852637e+00
5.643226643223056453e+04 3.916575242418696590e+00
5.643226643223060819e+04 1.884036100831748106e+00
5.643226643223121937e+04 6.171349961376890736e-01
5.643226643223184510e+04 2.856466997205647118e+00
5.643226643223232531e+04 3.677345637682319257e+00
5.643226643223346764e+04 -5.841522889341796976e-01
5.643226643223432620e+04 2.522199794905771952e+00
5.643226643223610881e+04 -1.190881175425328564e+01
5.643226643223615974e+04 5.228291192076058858e-01
5.643226643223668361e+04 1.500864134785656612e+00
5.643226643223722931e+04 3.632615985785585977e+00
5.643226643223781866e+04 -4.607677448608166415e+00
5.643226643223850260e+04 3.554984730819315875e+00
5.643226643224048166e+04 2.298783964329190521e+00
5.643226643224059080e+04 4.246822285473811576e+00
5.643226643224238069e+04 4.499841780316712336e-01
5.643226643224283907e+04 1.059757111529207929e+00
5.643226643224321015e+04 3.373337235693648406e+00
5.643226643224425061e+04 9.544237742296645122e-01
5.643226643224682630e+04 1.072075843604693990e+00
5.643226643224721920e+04 4.123066805168299709e+00
5.643226643224735017e+04 -2.314413332618531882e+00
5.643226643224778672e+04 1.441956319556760180e+00
5.643226643225004955e+04 2.802052807513720545e+00
5.643226643225167209e+04 -1.458747832381524834e+00
5.643226643225181760e+04 7.802398295648261817e-01
5.643226643225262524e+04 -1.637830892765052282e-01
5.643226643225287989e+04 2.759767963380395983e+00
5.643226643225293810e+04 1.493383367368747106e+00
5.643226643225354201e+04 -5.239187680870969199e-01
5.645006361943225784e+04 -4.298362951997352077e+00
5.645006361943250522e+04 -4.724540141900497869e-01
5.645006361943270895e+04 -1.108353678543414489e+00
5.645006361943280353e+04 -4.513058394320558442e+00
5.645006361943617958e+04 -5.872268209047730281e+00
5.645006361943657976e+04 -1.651557251359638601e+00
5.645006361943764205e+04 -1.336349219438767832e+00
5.645006361943773663e+04 -3.225548593190418867e+00
5.645006361944096716e+04 4.617380227351439159e-01
5.645006361944126547e+04 -6.636692450541651134e+00
5.645006361944268428e+04 1.169811166977753114e+00
5.645006361944284436e+04 6.873834491255159662e-01
5.645006361944373202e+04 -1.211061430041336484e+00
5.645006361944525997e+04 -4.290994094794919889e+00
5.645006361944594391e+04 4.684179284509320418e+00
5.645006361944702076e+04 -2.548230808551270044e-01
5.645006361944898526e+04 -3.782917489518084625e-02
5.645006361945003300e+04 1.331607511743778005e+00
5.645006361945116078e+04 8.567036036986972469e-01
5.645006361945149547e+04 7.947855535896231061e-02
5.645006361945233220e+04 -6.060019115105032661e+00
5.645006361945268145e+04 -3.720622165283746341e+00
5.645006361945332901e+04 -8.373415728810578162e-01
5.645006361945419485e+04 -9.317679685042834503e-01
5.645006361945454410e+04 -3.900203625680875419e+00
5.645006361945471872e+04 -1.065121901825405670e+00
5.645006361945731624e+04 8.283731024683175237e-01
5.645006361945766548e+04 -6.515878337290873512e-01
5.645006361945776735e+04 -1.250350523816922355e+00
5.645006361945840035e+04 6.521403400288356966e-01
5.645006361945992103e+04 -5.973775150755292196e-02
5.645006361946126708e+04 -6.383172772257030836e+00
5.645006361946184916e+04 3.813864887076857668e-01
5.645006361946195830e+04 -4.074198183829898845e+00
5.645006361946254037e+04 -1.273998012993419859e+00
5.645006361946433753e+04 -1.217395821426759994e+01
5.645006361946602556e+04 -7.699486540909762589e+00
5.645006361946718243e+04 -5.719519374701981462e+00
5.645006361947006371e+04 -3.015768591828181133e+00
5.645006361947190453e+04 -4.318549833001679161e+00
5.645006361947221012e+04 -1.105840002955668755e+00
5.645006361947286496e+04 -3.487539013866619797e+00
5.645006361947361438e+04 -1.903415493382495161e+00
5.645006361947402183e+04 -3.673789312310660748e-01
5.645006361947411642e+04 -1.229242535662291136e+00
5.645006361947446567e+04 5.560180742316856994e-01
5.645006361947740515e+04 -2.710520568999850610e+00
5.645006361947836558e+04 -1.361374065101701447e+00
5.645006361947924597e+04 -4.194226193144753090e+00
5.645006361947950063e+04 -7.589892006979661154e+00
5.645006361948038102e+04 -2.268283102683160135e-01
5.645006361948043923e+04 -1.361124419238534777e+00
5.645006361948174163e+04 1.930843668123825241e+00
5.645006361948213453e+04 2.198593160608936614e+00
5.645006361948257836e+04 1.182775534906331805e+00
5.645006361948281119e+04 1.081798087494495020e+00
5.645006361948375707e+04 2.048868634489569851e-01
5.645006361948442645e+04 -3.120318557626711176e+00
5.645120616011657694e+04 9.700825957910788055e-01
5.645120616011719540e+04 3.596374293259972710e+00
5.645120616011734819e+04 4.357543638341156989e-01
5.645120616011744278e+04 2.394148684073865940e+00
5.645120616012016399e+04 1.005919689872548650e+00
5.645120616012017126e+04 -8.544068485329219254e-01
5.645120616012181563e+04 -2.922042755103167799e+00
5.645120616012287792e+04 1.429826974007505136e+00
5.645120616012350365e+04 -3.904357075987436865e-01
5.645120616012370738e+04 2.587994392583723879e+00
5.645120616012594110e+04 5.301817094765658211e+00
5.645120616012856772e+04 2.027074571960496119e+00
5.645120616012984829e+04 5.798534886164864233e+00
5.645120616013170365e+04 3.819583520365049001e+00
5.645120616013199469e+04 4.783663301332451989e-01
5.645120616013224935e+04 9.152638076309057569e-01
5.645120616013226390e+04 2.077399734583670110e+00
5.645120616013412655e+04 -4.169153860504855591e-01
5.645120616013462131e+04 1.845573420960324951e+00
5.645120616013483232e+04 3.032398462932463623e+00
5.645120616013675317e+04 1.545499093434051119e+00
5.645120616013844119e+04 2.299885849533367388e+00
5.645120616013897961e+04 1.608401242473998405e+00
5.645120616014008556e+04 2.414034268346792800e+00
5.645120616014021653e+04 2.689496957156054524e+00
5.645120616014052212e+04 2.198917010599530819e+00
5.645120616014223197e+04 -2.224411694723075872e+00
5.645120616014234838e+04 4.716638583025067000e+00
5.645120616014316329e+04 3.524390199887584618e+00
5.645120616014442930e+04 7.330739783875165339e-01
5.645120616014464758e+04 7.807993806425416183e-01
5.645120616014584812e+04 1.334152349068409071e+00
5.645120616014632833e+04 1.696276586308647749e+00
5.645120616014659754e+04 2.820483559016166542e+00
5.645120616014718689e+04 4.486947171955698366e+00
5.645120616014737607e+04 7.566784251738222222e-01
5.645120616015034466e+04 2.620741043048751884e+00
5.645120616015069390e+04 2.808905156052059482e+00
5.645120616015098494e+04 -3.986481956491213507e-01
5.645120616015129781e+04 3.355534903128508883e+00
5.645120616015451378e+04 3.186955077666720371e+00
5.645120616015458654e+04 8.363498894361340863e-01
5.645120616015615087e+04 -4.254462986169685657e+00
5.645120616015628912e+04 1.928747644071178158e-01
5.645120616015691485e+04 2.237259171790707324e+00
5.645120616015722044e+04 6.389058371054605612e-01
5.645120616015802079e+04 -2.150293590510542752e-01
5.645120616016081476e+04 6.916413735798982998e-01
5.645120616016126587e+04 2.307340791516204970e+00
5.645120616016182612e+04 7.961310800321880210e-01
5.645120616016403801e+04 -1.763170333041481352e-01
5.645120616016535496e+04 2.647288388950709559e-02
5.645120616016665008e+04 7.142635621557864856e-02
5.645120616016665736e+04 1.928464456009682193e+00
5.645120616016687563e+04 9.960801994725679842e-01
5.645120616016726854e+04 3.264835978496664737e+00
5.645120616016758140e+04 2.015410084215986775e+00
5.647106301950811030e+04 -1.101466896119218219e+00
5.647106301950820489e+04 -8.950700266252927806e-01
5.647106301950840134e+04 -1.251469625971222355e+00
5.647106301950861234e+04 -1.901702406266274181e+00
5.647106301951190108e+04 2.501760664203928619e-01
5.647106301951234491e+04 1.679192029586105139e+00
5.647106301951337809e+04 -8.056092743784466492e+00
5.647106301951380010e+04 -3.816262356338304240e+00
5.647106301951663045e+04 -7.189319574429767767e-01
5.647106301951708156e+04 -4.372797729208607875e-01
5.647106301951848582e+04 -2.082339977029397660e-01
5.647106301951950445e+04 -6.982630016682472851e-01
5.647106301952104695e+04 -1.063391597747028072e+00
5.647106301952166541e+04 3.753516723607825067e+00
5.647106301952272042e+04 -1.060611059340015316e+00
5.647106301952472131e+04 -1.094003345658289161e+00
5.647106301952565991e+04 -1.361451541413931432e+00
5.647106301952685317e+04 -2.317715716041192309e+00
5.647106301952720241e+04 2.070240753044190640e+00
5.647106301952817739e+04 -1.927751660816183321e+00
5.647106301952881768e+04 1.815148455710623165e-01
5.647106301952994545e+04 1.188026706519479836e+00
5.647106301953037473e+04 -2.316717132588518968e+00
5.647106301953053480e+04 1.306289977836945004e+00
5.647106301953308139e+04 -2.929675202969127756e+00
5.647106301953342336e+04 -2.981222769474367151e+00
5.647106301953386719e+04 3.461950304817560942e-01
5.647106301953418006e+04 -1.141384408792029959e+00
5.647106301953530055e+04 -4.811313600580836569e-01
5.647106301953567890e+04 -4.552801005031013037e-01
5.647106301953685033e+04 -2.223487315412209231e+00
5.647106301953703951e+04 -4.160765039032557233e+00
5.647106301953756338e+04 -2.220594866790672750e+00
5.647106301953772345e+04 1.180416811931865873e+00
5.647106301953822549e+04 -7.957109730842981676e-01
5.647106301954176888e+04 -5.515917528178342355e-01
5.647106301954298397e+04 -2.998663545983989209e+00
5.647106301954586525e+04 9.647572200665914810e-01
5.647106301954770606e+04 4.171802671585378874e+00
5.647106301954796072e+04 4.303601202816438320e-01
5.647106301954859373e+04 -2.977004615234626339e+00
5.647106301954924857e+04 -1.802954554666140075e+00
5.647106301954973605e+04 -4.815396751606195735e+00
5.647106301954980881e+04 -9.516191188719392846e-01
5.647106301955062372e+04 -4.560198420101881922e+00
5.647106301955313393e+04 -1.521362629490305984e+00
5.647106301955405797e+04 2.601444107476191814e+00
5.647106301955509844e+04 5.961680158156151821e-01
5.647106301955604431e+04 -1.460509298223515939e+00
5.647106301955613890e+04 -1.032469944626316360e+00
5.647106301955617528e+04 -3.290792248281134480e+00
5.647106301955744129e+04 -2.791810427153928575e+00
5.647106301955792878e+04 -2.551065730279256982e+00
5.647106301955835079e+04 -1.671434227166632480e+00
5.647106301955854724e+04 -3.283698862375937999e+00
5.647106301955938397e+04 -1.325519754073772649e+00
5.647106301956019888e+04 5.571188253336423202e+00
5.647201447247267788e+04 -6.248531731166849790e-01
5.647201447247333272e+04 8.640510800619626008e-02
5.647201447247347824e+04 -2.353884096178845142e-01
5.647201447247376927e+04 1.471225144913528959e+00
5.647201447247623582e+04 1.645555433707441839e+00
5.647201447247628676e+04 -1.469895811463713287e+00
5.647201447247835313e+04 4.758114230257059596e+00
5.647201447247882606e+04 5.091588560867982283e-01
5.647201447247990291e+04 2.642692662070313947e+00
5.647201447248160548e+04 1.563576897329760129e+00
5.647201447248461045e+04 1.135976576112474934e+00
5.647201447248488694e+04 1.581895738599497170e+00
5.647201447248587647e+04 2.113882464533339167e+00
5.647201447248782642e+04 4.804875482971914913e+00
5.647201447248834302e+04 1.283009381040628227e+00
5.647201447248838667e+04 3.692969133662065140e-01
5.647201447249013290e+04 1.592088176599200544e+00
5.647201447249083867e+04 1.053645092135141237e+00
5.647201447249086050e+04 1.031331917054709502e+00
5.647201447249179182e+04 1.571358961478182215e+00
5.647201447249237390e+04 1.103006105218164112e+00
5.647201447249448393e+04 1.500054937870460181e+00
5.647201447249521152e+04 2.399899147421974632e+00
5.647201447249609191e+04 1.095594205625474382e+00
5.647201447249611374e+04 -3.823479533113122386e+00
5.647201447249659395e+04 2.270393203783851899e+00
5.647201447249693592e+04 9.061388209147719364e-01
5.647201447249836929e+04 -3.739160382422312967e-01
5.647201447249932971e+04 4.275075310460306532e+00
5.647201447249986813e+04 4.026289403382093957e-01
5.647201447250080673e+04 5.068019439707500240e+00
5.647201447250187630e+04 3.446852746490173813e-01
5.647201447250201454e+04 6.579031156207443942e+00
5.647201447250240744e+04 -3.966252033125163279e-01
5.647201447250325873e+04 2.611744291801639806e-01
5.647201447250350611e+04 1.926613633244870227e+00
5.647201447250670753e+04 -4.312268916240788563e+00
5.647201447250672936e+04 7.259375500973812567e-01
5.647201447250702768e+04 1.177340313096068236e+00
5.647201447250758065e+04 4.251333128025186703e+00
5.647201447251059290e+04 2.234676628394688613e+00
5.647201447251074569e+04 4.160952717080181884e+00
5.647201447251224454e+04 4.897553465839845632e-01
5.647201447251249920e+04 3.992691405304673591e+00
5.647201447251300851e+04 1.821710719845896165e+00
5.647201447251341597e+04 1.644264162001398244e+00
5.647201447251425270e+04 1.878018774707433280e+00
5.647201447251685750e+04 -3.337230542721172921e-01
5.647201447251733771e+04 2.518772728966507946e-01
5.647201447251798527e+04 -2.799871234776358353e+00
5.647201447251831996e+04 2.620861561760138514e+00
5.647201447251915670e+04 -1.299447946265971154e+00
5.647201447252013895e+04 3.317381236764211927e-01
5.647201447252272919e+04 -9.149158406842567981e-01
5.647201447252275102e+04 3.758385850004060114e+00
5.647201447252284561e+04 9.806107644413207813e-01
5.647201447252368234e+04 4.184393602783892163e+00
5.649211820258526859e+04 6.486669594984076359e-02
5.649211820258603257e+04 1.120239386548766564e-01
5.649211820258607622e+04 2.957030346018190703e-01
5.649211820258836815e+04 -2.599483974686356835e-01
5.649211820258873922e+04 7.410454290632322305e-01
5.649211820258887747e+04 1.230359929354751802e+00
5.649211820259062370e+04 5.452680672497654868e+00
5.649211820259169326e+04 2.820035918197896674e+00
5.649211820259194792e+04 1.781336957849296798e+00
5.649211820259242813e+04 2.243775789698844392e+00
5.649211820259712113e+04 1.422819672902851051e+00
5.649211820259842352e+04 9.991362091909578025e-01
5.649211820259883098e+04 -1.670543109352216060e-01
5.649211820260032982e+04 7.554388043466969682e-01
5.649211820260088280e+04 1.614926468851295871e+00
5.649211820260091918e+04 -1.814768658726404249e+00
5.649211820260270179e+04 1.191148311880958932e+00
5.649211820260280365e+04 1.511994896922834064e+00
5.649211820260333479e+04 1.869702984933486745e+00
5.649211820260532841e+04 -3.034556454845632745e-01
5.649211820260696550e+04 -4.091763642980984494e-01
5.649211820260731474e+04 1.413849638784806739e+00
5.649211820260831882e+04 -2.001994447625970786e+00
5.649211820260850800e+04 1.005947326187865798e+01
5.649211820260861714e+04 1.632487764053609292e+00
5.649211820260909735e+04 1.117941814625824648e+00
5.649211820261178218e+04 -5.838949263188682876e-02
5.649211820261272806e+04 1.019374741063820089e+00
5.649211820261311368e+04 3.527255931410957501e-01
5.649211820261330286e+04 3.278463199280641227e+00
5.649211820261330286e+04 -5.699827340918316443e-01
5.649211820261448156e+04 -6.040034393072938323e-01
5.649211820261501998e+04 1.829122619451278187e+00
5.649211820261599496e+04 2.045092116527572390e+00
5.649211820261922549e+04 -4.426203014848572037e-01
5.649211820261949470e+04 7.443424761526862277e-01
5.649211820261955290e+04 -9.142950802525129816e+00
5.649211820262086258e+04 1.753066715964788136e+00
5.649211820262311812e+04 2.054544225415876557e+00
5.649211820262326364e+04 1.593749612872035426e+00
5.649211820262490073e+04 -1.649021914251341814e-01
5.649211820262553374e+04 2.038454979958463031e+00
5.649211820262588299e+04 1.244193753565594029e+00
5.649211820262682886e+04 2.115957107755731759e+00
5.649211820262937545e+04 5.080311454670454197e-01
5.649211820262988476e+04 1.917695250008436547e+00
5.649211820263052505e+04 -2.227692725261966322e-02
5.649211820263213303e+04 -1.627379308744071107e+00
5.649211820263268601e+04 1.565117814909832372e+00
5.649211820263433765e+04 -5.411968752387335407e-02
5.649211820263508707e+04 -3.900320008501920871e-02
5.649211820263537084e+04 -1.724518266665208965e-01
5.649211820263555273e+04 1.640046007773036552e+00
5.649211820263617119e+04 1.417387723259390331e+00
5.649307965215598961e+04 -1.228261169183941792e+00
5.649307965215601871e+04 1.044325382600901797e+00
5.649307965215620061e+04 3.496556386566086472e-01
5.649307965215650620e+04 1.004648907312916783e+00
5.649307965215965669e+04 8.528297885932583089e-01
5.649307965216008597e+04 -4.205821813127380793e+00
5.649307965216126468e+04 -2.314014070501453801e+00
5.649307965216168668e+04 -2.844276368396830290e-01
5.649307965216442244e+04 8.769679610184070162e-01
5.649307965216488810e+04 -2.328820652730860363e+00
5.649307965216630691e+04 5.601102714568984453e+00
5.649307965216633602e+04 -3.257623782416663172e+00
5.649307965216739103e+04 1.950686210035505797e+00
5.649307965216870070e+04 -7.436144589291653340e+00
5.649307965216943558e+04 -1.517021224135266799e-01
5.649307965217054880e+04 1.922811958140844268e+00
5.649307965217255696e+04 -1.153289933930511157e+00
5.649307965217337915e+04 -4.002308783775404777e+00
5.649307965217478340e+04 1.203272321137972334e+00
5.649307965217501624e+04 5.977525633839483099e+00
5.649307965217604215e+04 -2.538962210173907330e+00
5.649307965217660967e+04 -3.034698635083692420e+00
5.649307965217663877e+04 8.610939275119968705e-01
5.649307965217773017e+04 -1.507726800285948743e+00
5.649307965217825404e+04 -2.635842022040035371e+00
5.649307965217839956e+04 1.089166944713098495e+00
5.649307965218098980e+04 -1.262023620058204676e+00
5.649307965218114259e+04 -4.604712860083199466e+00
5.649307965218130994e+04 -9.609937514651147872e-01
5.649307965218187019e+04 -7.687492198679605204e-01
5.649307965218350728e+04 -1.975072464618650825e+00
5.649307965218478057e+04 1.233875460571425720e+00
5.649307965218490426e+04 -1.693428888572434898e+00
5.649307965218544996e+04 9.529205627684380620e-01
5.649307965218551544e+04 2.507786598851187154e-01
5.649307965218608297e+04 5.730772219290815706e+00
5.649307965218950267e+04 -3.043694494635861059e+00
5.649307965219099424e+04 -1.078757731057138347e+00
5.649307965219364269e+04 -4.676455916071497576e+00
5.649307965219543257e+04 -1.912411352962924305e+00
5.649307965219575271e+04 -1.995336821925640880e+00
5.649307965219642938e+04 -6.901882492717027473e-01
5.649307965219697508e+04 -3.008666597489666028e+00
5.649307965219757170e+04 -2.505027589738837435e+00
5.649307965219762264e+04 -2.028384769122554498e+00
5.649307965219843754e+04 -5.721918407725896660e-01
5.649307965220096958e+04 1.398202697883716539e+00
5.649307965220113692e+04 -2.313110180307216712e+00
5.649307965220294864e+04 -1.730152655892579050e+00
5.649307965220335609e+04 1.600140375754307787e+00
5.649307965220404731e+04 -1.622796326251341847e+00
5.649307965220410551e+04 -8.789463472625141938e-01
5.649307965220534970e+04 3.698293337007486858e+00
5.649307965220572805e+04 3.675870984146630827e-01
5.649307965220624465e+04 -8.612300994554684674e-01
5.649307965220642654e+04 -2.009971234594240208e+00
5.649307965220713231e+04 -1.483778014377687748e+00
5.649307965220788174e+04 -1.821075400954783152e+00
5.652193828887061682e+04 -4.446635377872496520e+00
5.652193828887068958e+04 -2.729648607272947114e+00
5.652193828887077689e+04 -5.985443869991052601e+00
5.652193828887122072e+04 2.009189426817755031e+00
5.652193828887428390e+04 7.477891395523245111e-01
5.652193828887477866e+04 -2.286802671438677326e+00
5.652193828887585551e+04 -6.522165258856302827e+00
5.652193828887634299e+04 -2.921807054091611899e+00
5.652193828887904237e+04 -1.004896989480922542e+00
5.652193828887954442e+04 -4.518128787998336726e+00
5.652193828888091230e+04 3.441855384697706910e+00
5.652193828888110875e+04 1.001851151959781472e+00
5.652193828888212010e+04 2.130907430265775726e-01
5.652193828888344433e+04 -6.405059900729451194e-02
5.652193828888411372e+04 9.224766072916680201e-03
5.652193828888519056e+04 -2.982270271413388074e-01
5.652193828888724238e+04 -1.388232516621642043e+00
5.652193828888803546e+04 -2.818918524552292748e+00
5.652193828888945427e+04 -3.396079810817259625e-01
5.652193828888956341e+04 -3.159685127783044667e+00
5.652193828889071301e+04 -5.538655251214262165e+00
5.652193828889130236e+04 -3.255824610538660124e+00
5.652193828889130964e+04 -3.946646364805797003e+00
5.652193828889234283e+04 -6.550340807482657901e+00
5.652193828889294673e+04 -3.980546551329043226e+00
5.652193828889308497e+04 -2.082253892285559072e-01
5.652193828889569704e+04 -1.973015038386659370e+00
5.652193828889582073e+04 -1.388886760952715349e+00
5.652193828889597353e+04 -3.704877259040086024e+00
5.652193828889649012e+04 -4.140466247886266160e+00
5.652193828889817087e+04 -4.063618364419273377e+00
5.652193828889951692e+04 2.956259746914620123e+00
5.652193828889960423e+04 -3.088068466530375367e-01
5.652193828890012082e+04 -5.235438829195902422e+00
5.652193828890014993e+04 -2.551358418577428733e+00
5.652193828890068107e+04 1.632869809279992923e+00
5.652193828890483564e+04 -8.044256086620327650e+00
5.652193828890548320e+04 -5.619652421096747119e+00
5.652193828890837176e+04 -8.260042073225732917e-01
5.652193828891008161e+04 -2.578673119399739644e+00
5.652193828891043813e+04 -1.377377225812649320e+00
5.652193828891107114e+04 -3.413402801068884163e+00
5.652193828891156591e+04 -5.805147905912112272e+00
5.652193828891221347e+04 -2.985957432448958393e+00
5.652193828891232261e+04 -1.680051313714461481e+00
5.652193828891305748e+04 -2.485899551557935627e+00
5.652193828891556768e+04 -4.606864979639175850e+00
5.652193828891638987e+04 -2.437181441892832257e-01
5.652193828891760495e+04 -5.409760509514779159e+00
5.652193828891775047e+04 6.517208339210184498e+00
5.652193828891876910e+04 -7.209979921853063578e-01
5.652193828891882004e+04 -3.458921700512459507e-01
5.652193828891998419e+04 -5.112265992959047489e-01
5.652193828892044985e+04 2.992518656420946499e+00
5.652193828892093734e+04 -3.004293490675092215e+00
5.652193828892112651e+04 -1.877676144088804566e+00
5.652193828892177407e+04 -2.398012866808837684e-01
5.652193828892251622e+04 -2.839880168580760422e+00
5.652194944281422067e+04 -9.794503283933906346e-01
5.652194944281429343e+04 3.980955445936396053e-01
5.652194944281435164e+04 -5.233570789461147399e+00
5.652194944281472272e+04 2.514455436923253018e+00
5.652194944281793141e+04 7.937503914146056161e+00
5.652194944281834614e+04 -2.147534713700474107e+00
5.652194944281951030e+04 -3.097979557189194821e+00
5.652194944282004144e+04 2.613539019168698907e+00
5.652194944282258803e+04 -2.576038925119375378e+00
5.652194944282317010e+04 8.313688528469436179e-01
5.652194944282446522e+04 1.912421525165195257e+00
5.652194944282464712e+04 -7.942819657435611358e-01
5.652194944282565848e+04 2.968423526385771005e+00
5.652194944282699726e+04 -7.719343567505830839e-01
5.652194944282770302e+04 1.816781334135924686e+00
5.652194944282899087e+04 -1.141134762948904147e+00
5.652194944283083896e+04 1.838405830973506072e+00
5.652194944283166842e+04 3.371334732590448802e+00
5.652194944283303630e+04 1.476092207207535534e+00
5.652194944283316727e+04 3.962963726831879585e-01
5.652194944283440418e+04 4.897118597433827603e+00
5.652194944283494988e+04 2.627519187506370812e+00
5.652194944283532095e+04 -1.658013609930945709e+00
5.652194944283601217e+04 2.158563737775449631e+00
5.652194944283655059e+04 -6.511832352773538890e-01
5.652194944283670338e+04 -1.127008250484544893e+00
5.652194944283927907e+04 -2.906946088559563823e-01
5.652194944283938821e+04 -1.073842290106797437e+00
5.652194944283953373e+04 -4.397463751305529911e+00
5.652194944283996301e+04 -3.888840434764268661e+00
5.652194944284187659e+04 8.143763047994960758e+00
5.652194944284306257e+04 1.324626036086022252e+00
5.652194944284313533e+04 -3.197717383765713794e+00
5.652194944284371741e+04 -2.438458229077089090e+00
5.652194944284379744e+04 4.771365950219103702e+00
5.652194944284421217e+04 -1.505505812966539514e+00
5.652194944284777739e+04 3.055584366545209818e+00
5.652194944284918893e+04 1.629211206112813004e+00
5.652194944285201200e+04 5.798607026306575207e+00
5.652194944285359816e+04 7.317687619190715864e-01
5.652194944285399833e+04 -1.469496549323385803e+00
5.652194944285468955e+04 1.009254443074562246e+00
5.652194944285527163e+04 6.146665010437580179e+00
5.652194944285583188e+04 1.862716172959703931e+00
5.652194944285594102e+04 3.299763846162244274e+00
5.652194944285664678e+04 -1.314377651078463827e-01
5.652194944285918609e+04 2.386923567188421191e-01
5.652194944285996462e+04 5.105394847578457185e-01
5.652194944286097598e+04 2.957817881439950725e+00
5.652194944286126702e+04 2.776686894991087229e+00
5.652194944286137616e+04 -2.041710693149365152e+00
5.652194944286238751e+04 2.008064448628728293e-01
5.652194944286353712e+04 -1.773728771750518352e+00
5.652194944286403188e+04 4.490144189594063029e+00
5.652194944286451209e+04 -1.883779555019482688e+00
5.652194944286471582e+04 2.706814611171111662e-01
5.652194944286538521e+04 3.542488492990444549e+00
5.652194944286613463e+04 2.201020751470891934e+00
5.652299792050500400e+04 5.890971831792978231e-01
5.652299792050554242e+04 2.629908180512930960e-01
5.652299792050608812e+04 4.246752526068652278e-01
5.652299792050632823e+04 1.457399929206469436e+00
5.652299792050899850e+04 1.381748624187069563e+00
5.652299792050912220e+04 -2.757138749832876989e+00
5.652299792051097756e+04 6.768796446246708953e+00
5.652299792051198165e+04 3.064387567405885360e+00
5.652299792051269469e+04 1.954513710607844512e+00
5.652299792051302211e+04 1.810897579745327501e-01
5.652299792051737313e+04 1.087373109116132275e+00
5.652299792051853001e+04 -2.445133963448946901e-01
5.652299792051871918e+04 1.546738714310171403e+00
5.652299792052018893e+04 -2.266042294581770644e+00
5.652299792052061093e+04 2.363631629479826302e+00
5.652299792052090197e+04 1.554253915639476791e+00
5.652299792052117846e+04 4.249826644442921797e+00
5.652299792052309203e+04 1.558179381625917959e+00
5.652299792052377597e+04 1.945707237572472659e+00
5.652299792052447447e+04 -3.585154710344614082e-01
5.652299792052558041e+04 2.746553057960913202e-01
5.652299792052725388e+04 2.969410229185694305e+00
5.652299792052726116e+04 3.069079187937926001e+00
5.652299792052888370e+04 1.766254904341429288e+00
5.652299792052906560e+04 -5.584025202665216625e+00
5.652299792052936391e+04 1.968597180682006620e+00
5.652299792053049168e+04 -7.225766158427726626e-01
5.652299792053186684e+04 -1.484772153257293836e-01
5.652299792053214333e+04 4.319924589412404980e-01
5.652299792053354031e+04 -1.348550705031516195e+00
5.652299792053410056e+04 -4.725864135483516248e-01
5.652299792053492274e+04 1.762381089223230779e+00
5.652299792053526471e+04 1.599646420346724662e+00
5.652299792053538840e+04 -3.653961383608031355e+00
5.652299792053607234e+04 1.916464237669093018e+00
5.652299792053623969e+04 2.293377840191783257e+00
5.652299792053952115e+04 4.396738930681095781e+00
5.652299792053964484e+04 -4.812637594131166652e-01
5.652299792054016143e+04 6.546851773694215559e-01
5.652299792054038699e+04 -3.425992868515165962e-02
5.652299792054340651e+04 3.484059480355448546e+00
5.652299792054353020e+04 8.316324434906964269e-01
5.652299792054518184e+04 2.043929972013910135e+00
5.652299792054556747e+04 -1.974757223127351802e+00
5.652299792054582940e+04 4.108930792641184437e-01
5.652299792054622230e+04 6.966859417287355472e-01
5.652299792054694990e+04 1.188135344579499986e+00
5.652299792054962018e+04 2.461415331541201290e+00
5.652299792054977297e+04 -4.397027991102859801e+00
5.652299792055019498e+04 2.082211873859753481e+00
5.652299792055141006e+04 3.349835199035053335e-01
5.652299792055298894e+04 4.196850070582044623e+00
5.652299792055549187e+04 2.393519373522407789e-01
5.652299792055563739e+04 2.386487138677198416e+00
5.652299792055575381e+04 -5.871480393105470430e-01
5.652299792055584840e+04 6.785134445853635565e-01
5.652299792055644502e+04 1.496120863432375270e+00
5.653984982664451672e+04 2.426284132672272165e+00
5.653984982664527342e+04 -2.641354720204302620e+00
5.653984982664539712e+04 5.773019357430259291e+00
5.653984982664549170e+04 -1.033377107020883034e+00
5.653984982664797280e+04 2.811048667170083171e+00
5.653984982664810377e+04 2.472447113426577605e-03
5.653984982664976997e+04 1.525338037910505928e+00
5.653984982665088319e+04 -5.257126857588069413e+00
5.653984982665108691e+04 -3.318652555474097987e+00
5.653984982665159623e+04 -1.103742806523861031e+00
5.653984982665288408e+04 2.365361933579713583e+00
5.653984982665631833e+04 4.190230150993317970e+00
5.653984982665743883e+04 -1.598334303862263495e+00
5.653984982665914140e+04 1.034758091338972674e+00
5.653984982665954885e+04 -2.838299480814668652e+00
5.653984982665979624e+04 2.484942302040181961e+00
5.653984982666102587e+04 1.375955118473855876e+00
5.653984982666204451e+04 2.401706927866668728e+00
5.653984982666251017e+04 1.149336042344083902e-01
5.653984982666387077e+04 8.292083852507143860e+00
5.653984982666493306e+04 1.783161955223228290e+00
5.653984982666569704e+04 -6.598208109317920123e-01
5.653984982666648284e+04 -2.514112806287796875e+00
5.653984982666777069e+04 -4.296317406532724981e+00
5.653984982666801079e+04 7.000803537955368583e+00
5.653984982666838187e+04 6.757441863750671907e+00
5.653984982666839642e+04 -7.301865104347700086e-01
5.653984982667006261e+04 -4.792906070776520977e+00
5.653984982667105942e+04 -2.353771294305600836e+00
5.653984982667177246e+04 4.903433948170003553e+00
5.653984982667327859e+04 -1.222978835862709834e+00
5.653984982667366421e+04 5.568215056368924110e+00
5.653984982667372242e+04 -2.024532643543066474e-02
5.653984982667415170e+04 -3.904511136997792065e+00
5.653984982667490840e+04 -8.962981960761242206e+00
5.653984982667523582e+04 5.198489533007852437e+00
5.653984982667867735e+04 -1.746959677231350261e+00
5.653984982667900476e+04 -9.387010655315567442e-01
5.653984982668129669e+04 -1.604652926743984187e+00
5.653984982668157318e+04 -3.733167990079847787e+00
5.653984982668238081e+04 -4.608186240697484948e-01
5.653984982668240264e+04 -6.692074062157608694e+00
5.653984982668403973e+04 -6.195184101182395153e+00
5.653984982668473822e+04 8.295002126562870615e+00
5.653984982668476732e+04 -1.970573502811159283e+00
5.653984982668506564e+04 -3.906207007171768719e+00
5.653984982668857992e+04 -2.847494227075745288e-01
5.653984982668889279e+04 -1.285510820348840344e+00
5.653984982668992598e+04 1.535647640383181844e+01
5.653984982669188321e+04 -1.217090636883013444e+00
5.653984982669371675e+04 3.360949635918644152e+00
5.653984982669398596e+04 3.303100663486540522e+00
5.653984982669445890e+04 6.687600389694332570e-01
5.653984982669448073e+04 -7.402600622663701557e+00
5.653984982669448073e+04 -7.430793388246311082e+00
5.653984982669535384e+04 -2.246707652916007270e+00
5.653992764463642379e+04 1.799277026115076783e+00
5.653992764463723142e+04 5.310434181446546553e+00
5.653992764463814819e+04 4.887577131619549320e+00
5.653992764463817002e+04 1.053085541087207533e+00
5.653992764464147331e+04 -3.406837804520984836e+00
5.653992764464204811e+04 -2.183994890391084631e+00
5.653992764464214997e+04 1.276757993489080789e+01
5.653992764464233187e+04 -7.034596794910916273e+00
5.653992764464350330e+04 -6.633502869284113590e-01
5.653992764464436186e+04 6.963898992595968451e+00
5.653992764464896754e+04 -4.158995856544746572e-01
5.653992764465024811e+04 4.915804331114322245e+00
5.653992764465035725e+04 2.134938801869933123e+00
5.653992764465258369e+04 -1.102554836554302753e+00
5.653992764465278015e+04 2.771785398827475433e+00
5.653992764465358778e+04 -4.903154849041228225e+00
5.653992764465512300e+04 -3.945306714431787487e+00
5.653992764465523214e+04 -8.100559696944725774e-01
5.653992764465571963e+04 -6.888485988843480179e-01
5.653992764465630898e+04 -1.018003997764817292e+01
5.653992764465633081e+04 -1.838490091673347138e+01
5.653992764465654182e+04 9.333674369780881053e-01
5.653992764465919026e+04 1.635965589208907112e+00
5.653992764466046356e+04 -1.178257792442387597e+00
5.653992764466089284e+04 -5.697605461964094786e+00
5.653992764466100925e+04 2.108232809616298553e+01
5.653992764466247900e+04 -5.447168510523938689e-01
5.653992764466281369e+04 3.188848942933222297e+00
5.653992764466365770e+04 -5.279078476591465119e+00
5.653992764466525114e+04 6.323144146608042249e+00
5.653992764466632070e+04 -4.841630056485834110e+00
5.653992764466677181e+04 -6.266462299357833388e+00
5.653992764466764493e+04 -1.656493181503869039e+00
5.653992764466790686e+04 6.339104264895114582e+00
5.653992764466813969e+04 -1.587490114903315686e+01
5.653992764467087545e+04 -1.978196220944684569e+01
5.653992764467186498e+04 -8.644735136082543292e+00
5.653992764467257803e+04 2.779920410575740242e+00
5.653992764467485540e+04 3.142112623937560745e-01
5.653992764467500092e+04 1.642602725778126160e+00
5.653992764467511006e+04 2.821446816929241153e-01
5.653992764467521920e+04 7.337455288685069021e+00
5.653992764467587403e+04 -1.500372317133538758e+01
5.653992764467686357e+04 8.141323576584234445e+00
5.653992764467783127e+04 1.895252947788519826e+00
5.653992764468135283e+04 1.007463279187396310e+01
5.653992764468173118e+04 6.194920866194917330e+00
5.653992764468410314e+04 1.658631711889521965e+00
5.653992764468446694e+04 -7.584446112791249028e+00
5.653992764468707901e+04 -2.244305887542770162e+00
5.653992764468726818e+04 -8.441841917146192031e+00
5.653992764468729001e+04 5.647120366088221211e+00
5.653992764468807582e+04 3.061916934226170728e+00
5.653992764468837413e+04 2.109664310343049021e+00
5.653997133296467655e+04 -9.965895477913049305e+00
5.653997133296497486e+04 -2.107069530621281661e+00
5.653997133296584798e+04 3.627029083672349774e+00
5.653997133296846732e+04 2.880321089962039505e+00
5.653997133296867833e+04 6.951192879008306846e+00
5.653997133297119581e+04 5.468089848280196286e+00
5.653997133297142136e+04 2.715339608316011955e+00
5.653997133297161781e+04 1.630894303929250333e-01
5.653997133297204709e+04 -5.788967239407921461e+00
5.653997133297686378e+04 4.805589986761978238e+00
5.653997133297810797e+04 2.146456053774311867e-01
5.653997133297903201e+04 -1.147559959750011238e+00
5.653997133298036351e+04 -6.541924988175629174e+00
5.653997133298060362e+04 1.784392967583093403e+00
5.653997133298165136e+04 -2.515894761242283728e+00
5.653997133298187691e+04 3.815537535803041891e+00
5.653997133298256085e+04 4.980531477500854898e+00
5.653997133298307745e+04 6.802954887151035912e+00
5.653997133298510016e+04 6.572350977402338756e+00
5.653997133298674453e+04 6.707555733506304740e+00
5.653997133298699191e+04 -1.265521934338872168e+00
5.653997133298736298e+04 -2.781517959659702832e+00
5.653997133298819972e+04 6.284285476733357356e+00
5.653997133298826520e+04 -3.560662698626586575e+00
5.653997133298879635e+04 2.178221337743727060e-01
5.653997133299064444e+04 3.092037998889898276e+00
5.653997133299157576e+04 2.039608516049557618e+00
5.653997133299228881e+04 2.612132565088554070e+00
5.653997133299424604e+04 2.960577930733546026e+00
5.653997133299464622e+04 -2.758343936774698690e+00
5.653997133299470443e+04 -1.875467037419886962e+00
5.653997133299549751e+04 -7.806847343341578871e-02
5.653997133299562847e+04 -3.108356045423059655e+00
5.653997133299907000e+04 1.137393620795968197e+01
5.653997133299922280e+04 4.972740804874209886e+00
5.653997133300115092e+04 7.892788207077313878e+00
5.653997133300286077e+04 4.226902267445988848e+00
5.653997133300297719e+04 5.857140513128357151e-01
5.653997133300381392e+04 -1.965985184015659692e+00
5.653997133300456335e+04 -3.175725994567949684e+00
5.653997133300580754e+04 -2.702598787204305708e+01
5.653997133300644055e+04 4.586530046065579569e+00
5.653997133300916175e+04 7.506663533049088954e+00
5.653997133300963469e+04 1.218910653581219306e+00
5.653997133301050781e+04 2.206125839349392237e+01
5.653997133301114809e+04 -2.833005266819884849e+00
5.653997133301234862e+04 -3.399692767747428235e+00
5.653997133301499707e+04 -6.157626203205820437e-01
5.653997133301501162e+04 6.101648006626280818e+00
5.653997133301508438e+04 2.506196634322260586e+00
5.653997133301584108e+04 -2.867576914630500795e+00
5.653997133301688154e+04 -6.905100351461733732e-01
5.654685516698492575e+04 8.468023926719185468e+00
5.654685516698568244e+04 3.435747809906951056e-01
5.654685516698584979e+04 1.062752951100604015e+01
5.654685516698585707e+04 -8.052438304717630668e-01
5.654685516698832362e+04 1.160614040293765692e+00
5.654685516698854917e+04 7.157977130035971136e+00
5.654685516699041909e+04 1.133460407181960505e+01
5.654685516699127038e+04 2.986462423834294888e-02
5.654685516699151776e+04 2.406140294063340068e+00
5.654685516699199798e+04 6.535488582734648721e-01
5.654685516699394793e+04 -2.365763795935557356e-01
5.654685516699670552e+04 1.985435363745459370e+00
5.654685516699797881e+04 -1.667537858833807229e+00
5.654685516699977597e+04 1.686919170734611617e+00
5.654685516699992149e+04 -1.454787932540584139e+00
5.654685516700050357e+04 4.204890389106441972e+00
5.654685516700151493e+04 1.465268078147498709e+00
5.654685516700232984e+04 5.245276611170606174e+00
5.654685516700287553e+04 -6.061125164386306219e-01
5.654685516700419976e+04 5.050397885289487299e+00
5.654685516700496373e+04 5.405747250323797992e+00
5.654685516700653534e+04 -6.945818452609764382e-01
5.654685516700687731e+04 2.662534312308129092e-01
5.654685516700723383e+04 -3.085603837969371099e+00
5.654685516700816515e+04 -1.899785987888790606e+00
5.654685516700866719e+04 1.104496321966852612e+01
5.654685516700868902e+04 2.082745599515411161e+00
5.654685516701046436e+04 -1.987523596077692911e+00
5.654685516701138113e+04 -4.195684298249523714e+00
5.654685516701215238e+04 1.292151584752794902e+00
5.654685516701244342e+04 -3.852534038312450670e-01
5.654685516701310553e+04 3.619298670400587614e+00
5.654685516701412416e+04 2.901101955958680367e+00
5.654685516701452434e+04 -2.803314626064889126e+00
5.654685516701528832e+04 -7.529601499213280036e+00
5.654685516701552842e+04 -1.278744556612106065e+00
5.654685516701879533e+04 9.414766232944824509e-01
5.654685516701904271e+04 -1.594358078725242878e-01
5.654685516701931192e+04 -6.073951796666670067e-01
5.654685516702266614e+04 -2.260188529532881851e+00
5.654685516702276800e+04 -4.918805062130603645e+00
5.654685516702390305e+04 -8.568516563246347806e-01
5.654685516702448513e+04 4.012515838621280584e-01
5.654685516702505993e+04 -7.487437173770850052e+00
5.654685516702552559e+04 2.601492486236687274e+00
5.654685516702628229e+04 1.691567748876488197e+00
5.654685516702893801e+04 -8.212555996271160286e-01
5.654685516702950554e+04 1.383702748713643960e+00
5.654685516703024769e+04 1.059242413755683110e+01
5.654685516703037865e+04 6.878339329367967103e+00
5.654685516703225585e+04 -8.097030220967484926e-01
5.654685516703483881e+04 -3.658343098960740836e+00
5.654685516703488975e+04 -3.605392350533549006e+00
5.654685516703492613e+04 9.894250743037154905e+00
5.654685516703575558e+04 8.157153676006371201e-01
5.654685516703675967e+04 -9.734374748013998463e-03
5.654689135177840944e+04 4.211448848999259365e-02
5.654689135177936259e+04 -2.635647299269862298e+00
5.654689135177949356e+04 1.790487770040038340e+00
5.654689135178137076e+04 9.421223483189157477e+00
5.654689135178196739e+04 4.612174702159221873e+00
5.654689135178212018e+04 4.220807465003402648e+00
5.654689135178373544e+04 7.192573711567048500e-01
5.654689135178483411e+04 -3.316250790108860702e+00
5.654689135178504512e+04 -2.019435224173897314e+00
5.654689135178554716e+04 -4.191844917043507479e+00
5.654689135178638389e+04 3.451416131654558406e+00
5.654689135179031291e+04 1.986649159149196375e+00
5.654689135179151344e+04 -2.252724979071786038e+00
5.654689135179269215e+04 3.933835241044878028e+00
5.654689135179366713e+04 1.638677259795600527e+00
5.654689135179410368e+04 3.784882745509890345e+00
5.654689135179495497e+04 2.941975009695069865e+00
5.654689135179599543e+04 1.098202574500064532e+00
5.654689135179646837e+04 -1.157898741879407778e+00
5.654689135179830191e+04 3.974054050450152253e+00
5.654689135180009907e+04 -2.240216860478921213e+00
5.654689135180047742e+04 -4.536735872972431083e-01
5.654689135180175072e+04 -3.605521477704201949e+00
5.654689135180184530e+04 4.169535369794109769e+00
5.654689135180228914e+04 1.221890997853139282e+01
5.654689135180232552e+04 4.504499858828491021e+00
5.654689135180407175e+04 -1.602690193754647385e+00
5.654689135180495214e+04 -7.528086407078243170e+00
5.654689135180645098e+04 6.773565543136975897e+00
5.654689135180770245e+04 8.269838653556781383e-01
5.654689135180805170e+04 -5.307236808274669926e+00
5.654689135180816811e+04 2.537367041599110640e-01
5.654689135180816811e+04 -3.169020881895807107e-01
5.654689135180887388e+04 -9.205310617623453595e+00
5.654689135180915764e+04 1.295207594457192801e+00
5.654689135181214806e+04 -1.653979505920020854e+00
5.654689135181255551e+04 8.940697347253919736e-01
5.654689135181338497e+04 9.823324600747664892e-01
5.654689135181628808e+04 -5.539709649472540631e-01
5.654689135181638267e+04 -4.572133042961186611e+00
5.654689135181695747e+04 1.617216324040603004e+00
5.654689135181801248e+04 -1.002058513892822944e+01
5.654689135181851452e+04 -1.914979951630318977e+00
5.654689135181872552e+04 -9.680301502178642048e-01
5.654689135181908932e+04 -8.134046676541789589e-01
5.654689135182252357e+04 -2.785563944345387455e+00
5.654689135182289465e+04 -2.411232885231742173e+00
5.654689135182386963e+04 6.186760029027401409e+00
5.654689135182464088e+04 5.878903637342594024e+00
5.654689135182582686e+04 -3.758080925538163974e+00
5.654689135182776954e+04 -2.182514232173366153e+00
5.654689135182850441e+04 -2.618585295793566470e+00
5.654689135182851169e+04 8.178615503475302972e+00
5.654689135182913014e+04 2.126476667961240796e+00
5.654689135182931932e+04 -2.894245979606857588e+00
5.654690679157130944e+04 -9.758896906688573347e-01
5.654690679157210980e+04 -1.390344865929333373e+00
5.654690679157233535e+04 3.176590470211213990e+00
5.654690679157437989e+04 5.539652126244066110e+00
5.654690679157466366e+04 1.967460861596904476e+00
5.654690679157497652e+04 5.131463922997083316e+00
5.654690679157651175e+04 -4.906210858757421356e+00
5.654690679157769046e+04 3.724906587287828419e-01
5.654690679157785780e+04 -6.813686031452229841e+00
5.654690679157841805e+04 -1.891220552238514596e+00
5.654690679158303101e+04 -1.663147535033175473e+00
5.654690679158439161e+04 -8.764273353887755968e-01
5.654690679158541752e+04 6.334738874830012634e-01
5.654690679158694547e+04 3.992140462813290380e+00
5.654690679158725834e+04 -1.571493069335838433e+00
5.654690679158781131e+04 1.960599904598615995e+00
5.654690679158889543e+04 6.146790865485334265e+00
5.654690679158930288e+04 -1.595347161986098827e+00
5.654690679159067076e+04 7.548569604168274161e+00
5.654690679159127467e+04 6.065604309085260937e+00
5.654690679159287538e+04 -4.849618724119092228e+00
5.654690679159329738e+04 -2.263046544242372615e+00
5.654690679159409046e+04 4.421789601815270920e+00
5.654690679159455613e+04 -2.741032287441830917e+00
5.654690679159515275e+04 3.399842739713866191e+00
5.654690679159682622e+04 -3.980971638963134662e+00
5.654690679159778665e+04 -7.269883716731150969e+00
5.654690679160055151e+04 1.294785779033214679e+00
5.654690679160084983e+04 1.580552816066068678e+00
5.654690679160099535e+04 -4.380233742195937530e-01
5.654690679160175205e+04 -5.987866124547821300e+00
5.654690679160198488e+04 -1.415043481141395332e-01
5.654690679160369473e+04 -1.725111359968784619e+00
5.654690679160499712e+04 -4.259602247700403410e+00
5.654690679160555010e+04 2.793082773506380789e+00
5.654690679160577565e+04 -8.210403876761178665e-01
5.654690679160911532e+04 -1.902945299329692697e+00
5.654690679160925356e+04 -3.675689182212438677e+00
5.654690679161017761e+04 -1.145041029906721164e+01
5.654690679161081789e+04 -2.176600207759545658e+00
5.654690679161131993e+04 -5.253795376599196487e+00
5.654690679161190928e+04 1.070199195434283101e+00
5.654690679161196022e+04 -3.998792080220827105e-01
5.654690679161538719e+04 -4.600266440911437993e-01
5.654690679161586741e+04 -2.896398099117000857e+00
5.654690679161668231e+04 1.107973286247435318e+01
5.654690679161702428e+04 5.331464693312311098e+00
5.654690679161866137e+04 -4.140168223366332612e+00
5.654690679162128799e+04 -2.703688709702087412e+00
5.654690679162131710e+04 4.835444188617978867e+00
5.654690679162132437e+04 -4.901252375406086159e+00
5.654690679162182641e+04 3.025098473654274311e+00
5.654690679162205925e+04 8.893178548470338507e-01
5.654701729445249657e+04 1.729289207936278716e-01
5.654701729445327510e+04 7.004220212040940252e-01
5.654701729445332603e+04 -6.220468092916539016e-01
5.654701729445348610e+04 -5.826027629100239968e-01
5.654701729445596720e+04 1.867206526337166883e+00
5.654701729445612000e+04 7.576597916954640466e-01
5.654701729445784440e+04 7.339529931910788285e+00
5.654701729445891397e+04 8.501148458505721761e-01
5.654701729445915407e+04 1.904111071696845459e+00
5.654701729445965611e+04 2.412149011735752691e+00
5.654701729446435638e+04 2.979671535034603469e+00
5.654701729446565878e+04 1.702602926010688966e-01
5.654701729446755780e+04 -8.050544439549168763e-01
5.654701729446810350e+04 7.372232648272865063e-01
5.654701729446821264e+04 8.973151309467042314e-01
5.654701729446848913e+04 -4.879955892447876420e-01
5.654701729446949321e+04 -5.892915503475024686e-01
5.654701729446999525e+04 -5.788150325721983513e-01
5.654701729447050457e+04 9.806107644667065859e-01
5.654701729447222897e+04 -1.945273185854967002e+00
5.654701729447420075e+04 1.468005574164463756e+00
5.654701729447420075e+04 2.757055401193109212e-01
5.654701729447551770e+04 -3.475533459292614147e+00
5.654701729447589605e+04 2.174468933037192464e+00
5.654701729447632533e+04 1.869298386501011322e+00
5.654701729447653634e+04 -2.282605898064335448e-01
5.654701729447904654e+04 -5.016744608511625181e-01
5.654701729447978141e+04 7.428101670755793418e-01
5.654701729448058904e+04 3.142328727610093964e+00
5.654701729448092374e+04 -1.383501125887178551e+00
5.654701729448173137e+04 6.955840565453257351e-01
5.654701729448176775e+04 1.159916753572548975e+00
5.654701729448223341e+04 4.200438914245900879e-01
5.654701729448301194e+04 4.551234394396799776e-01
5.654701729448645347e+04 -7.930809427143949153e-02
5.654701729448667902e+04 -3.132004426321739476e-01
5.654701729448677361e+04 5.054650473441783198e+00
5.654701729448682454e+04 1.483010151389077880e+00
5.654701729448689002e+04 5.267693087988395639e+00
5.654701729449032428e+04 -5.401887916044171289e-01
5.654701729449048435e+04 4.262247786576783271e-01
5.654701729449209233e+04 -1.909548001986838495e+00
5.654701729449277627e+04 -1.511173463706024789e+00
5.654701729449313279e+04 6.682082046626633409e-02
5.654701729449392587e+04 2.162029682268651332e+00
5.654701729449658887e+04 3.406134645447779219e-01
5.654701729449706181e+04 -3.854341818701173539e-01
5.654701729449713457e+04 -2.921182799109579564e-01
5.654701729449793493e+04 -2.617156288438955425e+00
5.654701729449992854e+04 2.280559816408473051e+00
5.654701729450246057e+04 6.184262678682089787e-01
5.654701729450255516e+04 -1.192943855982385948e+00
5.654701729450337734e+04 -8.066728378265332067e-01
5.654701729450414132e+04 -1.615516826035081177e+00
5.654701729450512357e+04 2.266071747866289954e+00
5.654703711008679238e+04 -1.862416584715043344e+00
5.654703711008757091e+04 3.458990700616551561e-01
5.654703711008760001e+04 4.646874585426929438e-01
5.654703711008781102e+04 5.673866015660120610e-01
5.654703711009021936e+04 -1.975428684430897031e+00
5.654703711009043036e+04 1.451718333711823350e+00
5.654703711009206745e+04 1.001968398485225897e+00
5.654703711009321705e+04 1.363016575982378242e+00
5.654703711009346443e+04 1.157428903418848742e+00
5.654703711009393737e+04 1.120765395444304202e+00
5.654703711009863036e+04 9.153068500513823480e-01
5.654703711009992548e+04 -2.177152042068067894e-01
5.654703711010187544e+04 1.053438488689452557e+00
5.654703711010240659e+04 1.348984756776342220e+00
5.654703711010246479e+04 -3.640359988334338937e+00
5.654703711010309053e+04 -1.466952603725751869e-01
5.654703711010407278e+04 4.137597024550185298e-01
5.654703711010476400e+04 -2.014769429076041174e+00
5.654703711010501138e+04 -2.122401230016574214e+00
5.654703711010680854e+04 1.337268618163204081e+00
5.654703711010848929e+04 8.016663314385712447e-01
5.654703711010850384e+04 5.922306691909323684e-01
5.654703711010998086e+04 -4.954125647531137488e+00
5.654703711011018459e+04 1.479342939743829355e+00
5.654703711011061387e+04 9.828231433231251479e-01
5.654703711011146515e+04 7.154868577749964320e-01
5.654703711011243286e+04 1.050985072447906399e+00
5.654703711011333507e+04 -1.083435406829029279e+00
5.654703711011409177e+04 7.742225034454160992e-01
5.654703711011485575e+04 -3.089220290460411578e-01
5.654703711011603446e+04 9.357261599634789651e-01
5.654703711011650739e+04 -5.590671839472656224e-01
5.654703711011681298e+04 1.235611100982787036e+00
5.654703711011719133e+04 9.612770728069085280e+00
5.654703711011733685e+04 1.957621371196686777e+00
5.654703711012073472e+04 3.154518332515481749e+00
5.654703711012074928e+04 9.204366112496965846e-02
5.654703711012098211e+04 -2.421769662353451480e+00
5.654703711012098938e+04 1.049538848137100189e+00
5.654703711012152780e+04 3.875629034036317394e-03
5.654703711012461281e+04 -7.043955102272048130e-01
5.654703711012481654e+04 3.241748040499999206e+00
5.654703711012619897e+04 1.584142551409033706e+00
5.654703711012709391e+04 6.222389319263289809e-02
5.654703711012743588e+04 -8.455142907453330192e-01
5.654703711012801068e+04 1.627804752030515223e+00
5.654703711013090651e+04 1.034146889400663127e+00
5.654703711013091379e+04 2.543471344243793730e+00
5.654703711013145221e+04 2.283865471976045392e+00
5.654703711013228167e+04 4.082391746590207759e+00
5.654703711013420980e+04 6.900057627750781908e-01
5.654703711013676366e+04 1.047550289709741733e+00
5.654703711013689463e+04 2.302124053899973433e+00
5.654703711013699649e+04 2.498733083867247906e+00
5.654703711013768043e+04 -3.187787364024284864e-01
5.654703711013851716e+04 7.495419969032655061e-01
5.654705673966342147e+04 -1.227360551188372950e+00
5.654705673966421455e+04 1.096386185633579036e+00
5.654705673966427275e+04 2.361763589764662719e+00
5.654705673966440372e+04 -1.906587577254759691e-01
5.654705673966687755e+04 -1.055467353389241414e-01
5.654705673966700124e+04 -4.064318923351587287e+00
5.654705673966869654e+04 4.728818379234329961e-02
5.654705673966985341e+04 1.392431745446820468e+00
5.654705673967058101e+04 1.380500394882669513e+00
5.654705673967451730e+04 1.715878090863014460e+00
5.654705673967525945e+04 7.571777169252056350e-01
5.654705673967659823e+04 1.739284542655169297e+00
5.654705673967846815e+04 -1.579283741962584031e+00
5.654705673967902840e+04 -1.857528169562150736e-02
5.654705673967911571e+04 -1.079294728891549759e+00
5.654705673967973416e+04 -2.143148553808056356e-01
5.654705673968101473e+04 3.693219671334724286e+00
5.654705673968108749e+04 2.002952724844209997e-01
5.654705673968145857e+04 1.060015365912411633e+00
5.654705673968308110e+04 9.695230447505392979e-01
5.654705673968512565e+04 1.140926451015193299e+00
5.654705673968547489e+04 2.100375762542526559e+00
5.654705673968655901e+04 -7.748300775546866914e-01
5.654705673968658084e+04 -2.684371284979316208e+00
5.654705673968678457e+04 2.640067076336407137e+00
5.654705673968725023e+04 1.050812902887103384e+00
5.654705673968936026e+04 3.636567277350108540e+00
5.654705673968997144e+04 2.486663105940634111e-01
5.654705673969122290e+04 8.013650347071586966e-01
5.654705673969148484e+04 5.008688917469721336e-01
5.654705673969271447e+04 1.634854203831875019e-01
5.654705673969313648e+04 5.601813054461065589e-01
5.654705673969361669e+04 -8.637254368686608785e+00
5.654705673969408235e+04 1.095008829147096963e+00
5.654705673969411146e+04 -2.226134282118601426e-01
5.654705673969739291e+04 7.790260341920275389e-01
5.654705673969803320e+04 1.121548766945998477e+00
5.654705673969820054e+04 1.556767591240213244e+00
5.654705673969848431e+04 1.360746609494487380e+01
5.654705673970127827e+04 1.815469573313709173e+00
5.654705673970142379e+04 1.946111836056534150e+00
5.654705673970291537e+04 1.634337695149443992e-01
5.654705673970371572e+04 9.421739100158295077e-01
5.654705673970408679e+04 1.840252489878514697e-01
5.654705673970446514e+04 2.505137791529406410e+00
5.654705673970754287e+04 2.009366932698223529e+00
5.654705673970800854e+04 1.033242999206416268e+00
5.654705673970808130e+04 1.244572526622969466e+00
5.654705673970877979e+04 2.617013572143913169e+00
5.654705673971086799e+04 2.946546111534749990e+00
5.654705673971341457e+04 2.601535528627070715e+00
5.654705673971352371e+04 2.142101055604893389e+00
5.654705673971374927e+04 7.801795702494562779e-01
5.654705673971421493e+04 2.659892401263708184e+00
5.654705673971433134e+04 9.760999219734911581e-01
5.654707673991726188e+04 2.802138892405164228e+00
5.654707673991799675e+04 7.215644432716084022e-01
5.654707673991805495e+04 2.017458902056319836e+00
5.654707673991847696e+04 3.023084089792971607e+00
5.654707673992067430e+04 6.656265529643546897e-01
5.654707673992087803e+04 3.379664467187102783e+00
5.654707673992256605e+04 3.880488502628070435e+00
5.654707673992360651e+04 -4.648990426621011363e-01
5.654707673992408672e+04 4.021400679673228673e+00
5.654707673992435593e+04 4.570000876525212030e-01
5.654707673992821947e+04 -1.545930965471048069e+01
5.654707673992907803e+04 2.990294396936657773e+00
5.654707673993039498e+04 1.709688595151897639e+00
5.654707673993228673e+04 -6.093062617917073265e-01
5.654707673993286153e+04 4.051693913897794097e+00
5.654707673993291246e+04 7.880046767882880054e-01
5.654707673993314529e+04 -3.205692998348595446e-01
5.654707673993337812e+04 -6.962346730448080168e-01
5.654707673993475328e+04 1.066686936393816731e+00
5.654707673993528442e+04 3.044846322279388673e+00
5.654707673993775097e+04 1.593000675312743253e+00
5.654707673993892968e+04 2.152241842736632549e+00
5.654707673993928620e+04 9.065175939720310216e-01
5.654707673993965727e+04 2.177481900351416755e+00
5.654707673994007928e+04 -1.601269794878065422e+00
5.654707673994058132e+04 -3.356083109716357926e-01
5.654707673994104698e+04 1.687177425075955917e+00
5.654707673994377546e+04 -8.866369903448754197e-01
5.654707673994422657e+04 4.750779807089816842e+00
5.654707673994506331e+04 2.969040064654631106e+00
5.654707673994525976e+04 -5.891107723086638215e-01
5.654707673994640936e+04 -3.170646992531835462e+00
5.654707673994694051e+04 1.707915248675551778e+00
5.654707673994760989e+04 3.521721571811649021e+00
5.654707673994803190e+04 9.001206030740983854e-02
5.654707673995119694e+04 1.843593471072077827e+00
5.654707673995129880e+04 -3.513514064407428972e+00
5.654707673995161895e+04 3.003792490504181956e+00
5.654707673995186633e+04 -1.857836874397515992e+00
5.654707673995227378e+04 2.655063045082998840e+00
5.654707673995504592e+04 -4.250762232466878121e-01
5.654707673995522782e+04 1.760633568195653753e+00
5.654707673995687219e+04 2.663869518118443747e+00
5.654707673995751975e+04 1.146590829565858671e+00
5.654707673995786172e+04 -8.053557406863512957e-01
5.654707673995814548e+04 4.394690112943995253e+00
5.654707673996133963e+04 3.139987221583139032e+00
5.654707673996186350e+04 1.125921873790586947e+00
5.654707673996205995e+04 1.085195164180919658e+00
5.654707673996273661e+04 2.122043301770512702e+00
5.654707673996466474e+04 3.185767107802587095e+00
5.654707673996709491e+04 -1.245068190517716777e+00
5.654707673996718950e+04 1.359469883029705617e+00
5.654707673996731319e+04 1.823010600077211274e+00
5.654707673996757512e+04 1.356413873325323483e+00
5.654707673996812082e+04 1.017007409622015857e+00
5.654709648938246391e+04 -5.434341878257052949e-01
5.654709648938319151e+04 -1.014877487714405113e+00
5.654709648938327882e+04 1.267006220396563743e+00
5.654709648938345345e+04 -3.519213768584104063e-01
5.654709648938589817e+04 3.192902644384362776e-01
5.654709648938603641e+04 -1.938360577988488043e+00
5.654709648938769533e+04 -9.032083105728692107e-01
5.654709648938885948e+04 6.445616071992236185e-01
5.654709648938957253e+04 -4.293029859645826618e-01
5.654709648939016915e+04 2.569907088592430222e-01
5.654709648939232284e+04 4.092153760688233000e+00
5.654709648939426552e+04 -5.389491707665979847e-01
5.654709648939563340e+04 4.244514321813442903e-01
5.654709648939753242e+04 1.085272640483291751e+00
5.654709648939803446e+04 -5.665996022327260961e-01
5.654709648939812905e+04 -2.007435005785564996e+00
5.654709648939864564e+04 -5.111144286990198182e+00
5.654709648939997714e+04 1.440320708786213766e+00
5.654709648940045008e+04 -9.461215736048269598e-01
5.654709648940078478e+04 1.372477293348930205e+00
5.654709648940238549e+04 1.113749485841309061e+00
5.654709648940412444e+04 -3.882061117991731369e-01
5.654709648940448824e+04 1.296163135519781573e+00
5.654709648940568877e+04 5.240137349780857434e+00
5.654709648940581246e+04 3.657923710994565036e-02
5.654709648940626357e+04 -1.084047500483759363e-01
5.654709648940626357e+04 7.713472717799005896e-01
5.654709648940825718e+04 1.503885710637362649e+00
5.654709648940901388e+04 1.721731855930586974e+00
5.654709648941011255e+04 8.690879314518862309e-01
5.654709648941050546e+04 -5.774290676076915263e-01
5.654709648941168416e+04 9.208248844753700313e-01
5.654709648941219348e+04 1.354072367298313040e+00
5.654709648941295745e+04 -4.527783055810618573e-01
5.654709648941311752e+04 -4.307061678851862863e-01
5.654709648941610067e+04 1.928860446063372702e+00
5.654709648941642081e+04 1.860268093036564263e+00
5.654709648941660271e+04 -1.889464422718373671e+00
5.654709648941706837e+04 2.085827434654088375e+00
5.654709648941745399e+04 1.287296403138052936e+00
5.654709648942027707e+04 -4.247241673608612156e-02
5.654709648942042986e+04 -4.399774987348188948e-01
5.654709648942206695e+04 3.041737769992952645e-01
5.654709648942269268e+04 -2.093855516834276287e+00
5.654709648942306376e+04 -1.752710140566782648e+00
5.654709648942309286e+04 -2.912918660190766951e-01
5.654709648942518106e+04 3.873498418459200288e+00
5.654709648942651984e+04 -8.190346122927321115e-01
5.654709648942701460e+04 -1.802252823403767135e-01
5.654709648942707281e+04 -2.469151617202316740e-01
5.654709648942793865e+04 -3.335860903085384521e+00
5.654709648942985223e+04 2.774444526835020963e-01
5.654709648943241336e+04 1.063673969079644399e+00
5.654709648943245702e+04 -5.716527788425072032e-01
5.654709648943255161e+04 2.711706830589593054e+00
5.654709648943335196e+04 1.698643917825930938e+00
5.654709648943367938e+04 2.441452270985724926e+00
5.654711633744259598e+04 -3.874227402974890766e-01
5.654711633744327264e+04 -2.694047214296908077e+00
5.654711633744338178e+04 2.265538022227855386e+00
5.654711633744360734e+04 1.368379657801655380e+00
5.654711633744602295e+04 -5.195112273511229839e-01
5.654711633744620485e+04 3.561173334957537517e-01
5.654711633744797291e+04 -1.199830638414837169e+00
5.654711633744901337e+04 1.886842464747641168e+00
5.654711633744970459e+04 -8.460996672521110540e-01
5.654711633745179279e+04 -3.008481683578797736e-02
5.654711633745411382e+04 3.361026220515606622e-01
5.654711633745440486e+04 -1.923374109433799439e-01
5.654711633745575818e+04 4.646358076744626087e-01
5.654711633745767904e+04 2.209806735393573085e+00
5.654711633745818108e+04 2.102811070114203595e-01
5.654711633745834115e+04 3.731518790137043240e+00
5.654711633745922154e+04 1.224660225201456704e-01
5.654711633746008738e+04 2.399889647292312855e-01
5.654711633746024017e+04 1.206686614766696586e+00
5.654711633746061125e+04 1.283878837355978186e+00
5.654711633746235020e+04 -1.133924130536668518e+00
5.654711633746429288e+04 2.341757486798558663e+00
5.654711633746459847e+04 -2.459027155312858426e+00
5.654711633746568259e+04 -9.148072847132796781e+00
5.654711633746591542e+04 -3.157036988749827522e+00
5.654711633746592270e+04 1.279927545935382494e+00
5.654711633746643201e+04 3.754503426505213515e+00
5.654711633746828011e+04 1.584659060091507810e+00
5.654711633746916050e+04 6.810529456129633674e-01
5.654711633746985899e+04 -1.085604743295268015e+00
5.654711633747063024e+04 -8.749638941219517463e-01
5.654711633747186715e+04 4.562908382333723090e+00
5.654711633747231099e+04 4.956177201422694578e-01
5.654711633747311134e+04 1.252053294040200937e+00
5.654711633747326414e+04 3.104579659688719850e-01
5.654711633747522137e+04 -1.029039325804887717e-01
5.654711633747656742e+04 2.688265944885294356e+00
5.654711633747673477e+04 -2.218790358636257842e+00
5.654711633747698943e+04 3.086795435770850915e+00
5.654711633747715678e+04 3.306604314057314031e+00
5.654711633748039458e+04 -1.188949522171628637e+00
5.654711633748057648e+04 3.262114807830110430e-01
5.654711633748221357e+04 7.703831222393683342e-01
5.654711633748287568e+04 -2.803763158637079811e-01
5.654711633748318854e+04 -2.675599245856088437e+00
5.654711633748333406e+04 1.396426079257647057e+00
5.654711633748434542e+04 4.812554245508604112e+00
5.654711633748668100e+04 7.570227643204919810e-01
5.654711633748714667e+04 -5.049198570724531265e-01
5.654711633748724853e+04 2.859660742671911393e+00
5.654711633748787426e+04 4.701702873780917002e+00
5.654711633748999884e+04 1.280728134393150253e+00
5.654711633749223256e+04 -3.568712517317079169e-01
5.654711633749254543e+04 9.322999857033803517e-01
5.654711633749266912e+04 1.403373121036341153e+00
5.654711633749349130e+04 1.749580282391658859e+00
5.654711633749432804e+04 8.784453470819300058e-01
5.654713599821350363e+04 -5.346621487024297847e-01
5.654713599821426760e+04 -1.983288224881952999e+00
5.654713599821432581e+04 -1.203472024625982462e+00
5.654713599821455864e+04 2.449742235338772556e+00
5.654713599821697426e+04 3.863416998959980364e-01
5.654713599821713433e+04 1.020036702178465787e-01
5.654713599821882235e+04 3.641629062438029862e+00
5.654713599821992830e+04 2.052839746802870291e+00
5.654713599822061224e+04 -3.502297217520712103e+00
5.654713599822243123e+04 -4.413204213091449502e-01
5.654713599822293327e+04 6.745166174081894006e+00
5.654713599822534889e+04 6.556923693056160296e-01
5.654713599822667311e+04 4.013893195108151901e-01
5.654713599822856486e+04 1.042075297676011258e+00
5.654713599822909600e+04 -1.745022769676628283e+00
5.654713599822921969e+04 1.685447120989847392e+00
5.654713599822956894e+04 -1.001689299356352647e+00
5.654713599823091499e+04 -2.221243774877819099e+00
5.654713599823149707e+04 -1.846180995130699110e+00
5.654713599823153345e+04 -9.138578896228279069e-02
5.654713599823395634e+04 2.398512290805846769e-01
5.654713599823521508e+04 1.250236905173661262e+00
5.654713599823554978e+04 1.474822597058778884e-01
5.654713599823681579e+04 -2.480797996277332995e+00
5.654713599823713594e+04 1.740834068702509230e+00
5.654713599823730328e+04 -1.663457440242765539e+00
5.654713599823802360e+04 1.153933861334439870e+00
5.654713599823913682e+04 -6.015328061211363542e-01
5.654713599824004632e+04 3.140304843556870340e-01
5.654713599824083940e+04 3.854146559824179530e+00
5.654713599824157427e+04 -1.495876198228094811e+00
5.654713599824275298e+04 1.105863228242382618e-01
5.654713599824320409e+04 -3.584732003236666742e+00
5.654713599824401899e+04 -1.533245601401962643e+00
5.654713599824419362e+04 -3.829032893262223070e-01
5.654713599824658741e+04 8.480832450330458849e-01
5.654713599824746052e+04 -6.864296165566776686e-01
5.654713599824752600e+04 2.150063897792426459e+00
5.654713599824788980e+04 3.150032423742650800e-01
5.654713599824810080e+04 1.088578296050863647e+00
5.654713599825136771e+04 1.551215122904124666e+00
5.654713599825150595e+04 4.689142212606008386e-01
5.654713599825305573e+04 -2.328575170800769589e-01
5.654713599825370329e+04 1.217583315441769720e+01
5.654713599825384154e+04 2.230389606388455181e+00
5.654713599825410347e+04 -3.351829629850581860e+00
5.654713599825469282e+04 5.296178541824669850e+00
5.654713599825756683e+04 9.976297255528414620e-01
5.654713599825763231e+04 2.387571806930186114e+00
5.654713599825809069e+04 5.139537783685659278e-01
5.654713599825884012e+04 4.378729994656973545e+00
5.654713599826089921e+04 -1.981463227537364258e+00
5.654713599826346035e+04 -9.038711633820010194e-01
5.654713599826362042e+04 2.669817976444492924e+00
5.654713599826376594e+04 -1.885048273483616255e+00
5.654713599826442805e+04 1.659036310361552635e+00
5.654713599826541031e+04 -1.068430829604451571e+00
5.654880412756369333e+04 -9.248414158892236392e-01
5.654880412756450824e+04 -3.944644753348586774e-01
5.654880412756461010e+04 5.233233350395449790e+00
5.654880412756474834e+04 9.242596672140794833e-01
5.654880412756722217e+04 3.683397397892720360e+00
5.654880412756733858e+04 -2.228114232069263179e-01
5.654880412756931764e+04 -3.830495442817483998e+00
5.654880412757016165e+04 2.592780706461432771e+00
5.654880412757086742e+04 6.098952661304368750e-01
5.654880412757256272e+04 5.937285443703437249e-01
5.654880412757428712e+04 -1.249760702764372983e-01
5.654880412757554586e+04 -3.000983390546984597e-01
5.654880412757689191e+04 1.693057015578635749e+00
5.654880412757860904e+04 5.744895459689728590e+00
5.654880412757876911e+04 -1.508444576168112672e+00
5.654880412757930026e+04 -4.329883062800089777e-02
5.654880412757939484e+04 -2.522437204560747936e+00
5.654880412758125749e+04 9.208421014319937425e-01
5.654880412758153398e+04 3.895906286800951968e+00
5.654880412758178863e+04 -5.244964278507171368e-02
5.654880412758211605e+04 2.235692428862698478e+00
5.654880412758540479e+04 -4.990488750491139380e-01
5.654880412758575403e+04 -3.538582844177344255e-01
5.654880412758651801e+04 -3.011390148784139686e+00
5.654880412758687453e+04 -2.031831432553576899e+00
5.654880412758704915e+04 -2.835614527388630735e-01
5.654880412758755847e+04 1.848087096610327551e+00
5.654880412758932653e+04 -2.330519795125435945e+00
5.654880412759029423e+04 -9.969718533907254709e-01
5.654880412759155297e+04 -8.479160561191533274e-01
5.654880412759163301e+04 2.098292510857988180e+00
5.654880412759176397e+04 -1.299439337822371865e+00
5.654880412759296451e+04 8.671165899811198452e-01
5.654880412759343744e+04 9.147903413695094299e-01
5.654880412759427418e+04 2.447547073439850784e+00
5.654880412759441970e+04 8.900495754810602289e-01
5.654880412759769388e+04 9.430778002106522395e-01
5.654880412759792671e+04 1.472972665994748187e+00
5.654880412759806495e+04 -1.168308024355383523e+01
5.654880412759854516e+04 8.195452486153849414e-02
5.654880412760157196e+04 1.585382172247834509e+00
5.654880412760173931e+04 1.274194299561143051e+00
5.654880412760312902e+04 9.122585571117655667e-02
5.654880412760354375e+04 -1.250112758650202771e+00
5.654880412760398758e+04 -1.630047936968472166e+00
5.654880412760438048e+04 1.649532550605775860e+00
5.654880412760512263e+04 -7.281807350535860479e-01
5.654880412760778563e+04 -2.377582344572948703e+00
5.654880412760836771e+04 7.459350446047455785e-01
5.654880412760890613e+04 -7.029259538547347752e+00
5.654880412760892068e+04 1.770068460129111232e+00
5.654880412761111074e+04 -1.804963602273760959e+00
5.654880412761366460e+04 -1.532307277296429016e+00
5.654880412761378830e+04 -1.123748909493436532e+00
5.654880412761387561e+04 -1.076660534611802111e+00
5.654880412761448679e+04 -4.279514549124743272e-01
5.654880412761461776e+04 4.130193733437863002e-01
5.654881565045209572e+04 1.864055823375496246e+00
5.654881565045278694e+04 -1.324050976540218638e+00
5.654881565045280877e+04 -3.997930340705578622e+00
5.654881565045304887e+04 6.895839473515162910e-01
5.654881565045547904e+04 -4.642370815670917444e-02
5.654881565045565367e+04 7.963204665759016088e-01
5.654881565045727621e+04 -6.182676874322525773e-01
5.654881565045844036e+04 2.488815225452273294e-01
5.654881565045881143e+04 6.852280574630141841e-01
5.654881565045915340e+04 -9.668163548147941100e-01
5.654881565046071773e+04 7.291226869916164199e-01
5.654881565046385367e+04 -3.131229663300036936e-01
5.654881565046521428e+04 6.162224974902201780e-01
5.654881565046709147e+04 -1.031422982508883202e+00
5.654881565046729520e+04 6.889297030204369898e-01
5.654881565046772448e+04 6.021820698061349786e-01
5.654881565046805918e+04 -1.640670798870478286e+00
5.654881565046953619e+04 -1.453126496279748547e+00
5.654881565047007462e+04 2.202592830796914924e+00
5.654881565047129698e+04 -6.344688431045077959e-01
5.654881565047207550e+04 -4.601910968880482122e-02
5.654881565047371259e+04 -3.835403167014426185e-01
5.654881565047405456e+04 1.609114854491718039e-01
5.654881565047515323e+04 -9.670401752438476661e-01
5.654881565047534241e+04 -9.083561804416350194e-01
5.654881565047580079e+04 7.366723222331509335e-01
5.654881565047583717e+04 -2.209003410819321556e-01
5.654881565047779441e+04 4.890580598756852915e-01
5.654881565047854383e+04 -3.983727243652555039e-01
5.654881565047941695e+04 -8.923788451984332459e-01
5.654881565047976619e+04 9.971476507831508185e-01
5.654881565048008633e+04 -1.075704993549308819e+00
5.654881565048126504e+04 8.469297089761080866e-01
5.654881565048177436e+04 1.339937246356585732e+00
5.654881565048256743e+04 1.788972677906096376e+00
5.654881565048274206e+04 2.652403025370072331e+00
5.654881565048603079e+04 3.841483488628811394e+00
5.654881565048621269e+04 -2.211585954231476969e-01
5.654881565048656194e+04 8.784592098186932319e+00
5.654881565048685297e+04 -8.499829825627125413e-02
5.654881565048984339e+04 -1.576038345742267532e+00
5.654881565049000346e+04 -5.510699078479673885e-01
5.654881565049065102e+04 -1.068293093956422801e+00
5.654881565049168421e+04 2.869603534810387213e+00
5.654881565049228811e+04 -1.437682886675058835e+00
5.654881565049269557e+04 1.797314293127358464e+00
5.654881565049376513e+04 -1.478220209767859172e+00
5.654881565049610799e+04 -1.059607139613539806e+00
5.654881565049661003e+04 2.080084688088469080e-01
5.654881565049665369e+04 1.243245620631379215e-02
5.654881565049753408e+04 5.580198057818557267e+00
5.654881565049943310e+04 -1.409964479098421708e-01
5.654881565050198697e+04 4.246743608968180789e-02
5.654881565050212521e+04 1.480660036884936748e+00
5.654881565050273639e+04 -1.081093900802673424e+00
5.654881565050292556e+04 7.571518914915437160e-01
5.654881565050377685e+04 -4.164419197723032151e-01
5.655085438512815745e+04 -3.401643620099595644e+00
5.655085438512819383e+04 -3.654035587769726590e+00
5.655085438512830297e+04 -6.269162089310389874e+00
5.655085438512868859e+04 -2.021015911960314604e+00
5.655085438513183180e+04 1.826388395647275509e+00
5.655085438513225381e+04 -6.536429507034546837e+00
5.655085438513343979e+04 -5.433330522443727162e+00
5.655085438513544068e+04 -3.993312924302868883e+00
5.655085438513658301e+04 -5.546994134056546510e-01
5.655085438513709960e+04 -1.907065488137894782e+00
5.655085438513834379e+04 -5.231917961729580568e+00
5.655085438513861300e+04 5.211279127527840282e-01
5.655085438513955887e+04 -1.822633535516432923e+00
5.655085438514088310e+04 -7.621433470784184649e+00
5.655085438514163980e+04 2.313062825624536967e-01
5.655085438514270936e+04 -5.924909052469824466e+00
5.655085438514472480e+04 -4.397782265036901173e+00
5.655085438514554698e+04 -3.987657154230244583e+00
5.655085438514697307e+04 -6.440123730760939358e-01
5.655085438514715497e+04 2.650391913686257706e+00
5.655085438514827547e+04 -2.043587341382568923e+00
5.655085438514885027e+04 -1.800750784337420196e+00
5.655085438514989801e+04 -4.436485982307098119e+00
5.655085438515047281e+04 -3.217973132626970045e+00
5.655085438515056740e+04 -3.629776896651529139e+00
5.655085438515109126e+04 4.777632922280208305e+00
5.655085438515323040e+04 -1.053368596902881371e-01
5.655085438515325950e+04 -9.374756627209922755e+00
5.655085438515349233e+04 -4.111266290414132385e+00
5.655085438515404530e+04 -1.712049026607858071e+00
5.655085438515566784e+04 -5.909646220903975511e+00
5.655085438515700662e+04 7.530833535547103441e-01
5.655085438515704300e+04 -7.524071584145854530e+00
5.655085438515764690e+04 -4.577337900006156701e+00
5.655085438515766873e+04 -2.658680314334108896e+00
5.655085438515812712e+04 -5.447732506205523961e+00
5.655085438516164140e+04 -5.986253066986600757e+00
5.655085438516315480e+04 -2.592128170602815640e+00
5.655085438516583963e+04 -5.692497362331750743e+00
5.655085438516759314e+04 -3.955668049831656319e+00
5.655085438516797876e+04 1.203602175761769866e-01
5.655085438516857539e+04 -5.269192671645051007e+00
5.655085438516912836e+04 -3.293366183305881822e+00
5.655085438516975410e+04 -2.179721813115419682e+00
5.655085438516987779e+04 1.610832105512547852e+00
5.655085438517055445e+04 -5.418231251960647477e+00
5.655085438517312286e+04 -1.576310544864871543e+00
5.655085438517390867e+04 -1.689468988707563124e+00
5.655085438517516741e+04 -1.675402735589346381e+00
5.655085438517536386e+04 1.052265131809353299e-01
5.655085438517627335e+04 -1.977276235036410812e+00
5.655085438517745933e+04 -4.864370383311356960e+00
5.655085438517771399e+04 -1.954291598668211005e+00
5.655085438517797593e+04 3.865969272354567554e+00
5.655085438517845614e+04 -2.742449414146450160e+00
5.655085438517863804e+04 -2.855427079950290992e+00
5.655085438517927105e+04 -3.605578464879615641e+00
5.655085438518008596e+04 7.315363330192781177e-01
5.655086607196646946e+04 2.341470803158276492e-01
5.655086607196648401e+04 -1.822581884648197148e+00
5.655086607196656405e+04 -6.798213324246916933e+00
5.655086607196696423e+04 -1.670134347028552346e+00
5.655086607197002013e+04 -5.080477616040698585e+00
5.655086607197050034e+04 -8.694084268545704930e+00
5.655086607197178091e+04 -5.154536352623328987e+00
5.655086607197276317e+04 -1.089324710769649755e-02
5.655086607197442936e+04 -9.759122439285108364e-01
5.655086607197484409e+04 -1.167356187071730611e+00
5.655086607197533158e+04 -4.717113757950167852e+00
5.655086607197668491e+04 6.174223481140909131e-01
5.655086607197778358e+04 -5.976370534196102646e+00
5.655086607197911508e+04 -1.107517207759864419e+01
5.655086607197994454e+04 1.819544655605066064e+00
5.655086607198093407e+04 -4.444104485372980307e+00
5.655086607198297133e+04 -6.357063258582209109e+00
5.655086607198384445e+04 -1.975210200306692920e+00
5.655086607198529236e+04 3.635184584566167221e+00
5.655086607198544516e+04 4.194537662205314099e+00
5.655086607198656566e+04 -3.527445185749568668e-01
5.655086607198712591e+04 -1.154322951318376811e+00
5.655086607198816637e+04 -4.016194258934598693e+00
5.655086607198826823e+04 2.752987754973237333e+00
5.655086607198873389e+04 -4.077770702358469279e+00
5.655086607198887214e+04 -3.277627153013553674e-01
5.655086607199146965e+04 -3.105055726169426045e+00
5.655086607199153514e+04 -9.045516776072068055e+00
5.655086607199178252e+04 -2.384930712645446871e+00
5.655086607199218270e+04 -1.276279532961910945e+01
5.655086607199399441e+04 -1.232883921916201553e+00
5.655086607199525315e+04 -1.085859725462087200e+00
5.655086607199526770e+04 -1.134443666222820468e+01
5.655086607199590071e+04 -6.242329463258101008e+00
5.655086607199592254e+04 -3.786752493720504376e+00
5.655086607199644641e+04 -1.467482165476569733e+00
5.655086607199988794e+04 -7.791054922094705404e+00
5.655086607200142316e+04 -3.424636864945850068e+00
5.655086607200410072e+04 -6.073482774971257214e+00
5.655086607200588332e+04 -2.055604776727149474e+00
5.655086607200619619e+04 -4.433662401509824491e+00
5.655086607200685830e+04 -3.927036251868888606e+00
5.655086607200738945e+04 -4.346183047662016463e+00
5.655086607200805156e+04 1.990072729544074548e-01
5.655086607200811704e+04 -9.577483552630045027e-01
5.655086607200888830e+04 3.610043451552564370e-02
5.655086607201138395e+04 -2.792886486985893146e+00
5.655086607201213337e+04 -5.873266792704742834e+00
5.655086607201342849e+04 -2.669070747329032489e+00
5.655086607201390143e+04 -4.377027224481214951e+00
5.655086607201452716e+04 -3.267988390042429359e+00
5.655086607201457809e+04 -2.732256976146480554e+00
5.655086607201574952e+04 -2.965684466693337296e+00
5.655086607201619336e+04 -1.042825943737506256e+00
5.655086607201671723e+04 -3.247922027729967187e+00
5.655086607201695733e+04 1.557855531651167746e+00
5.655086607201754668e+04 -2.786783076055161512e+00
5.655086607201834704e+04 -1.147114922764195244e-01
5.655477292877680156e+04 8.372709966163682793e-01
5.655477292877755099e+04 1.570170991553473616e+00
5.655477292877756554e+04 -1.264437266112230063e+00
5.655477292877776927e+04 -1.591431196195818021e-01
5.655477292878022126e+04 5.170786558986352199e-01
5.655477292878038133e+04 7.318860084441276559e-01
5.655477292878262961e+04 3.956113982224486403e+00
5.655477292878315347e+04 -7.037670913321264488e-01
5.655477292878340813e+04 4.528240840902437309e-02
5.655477292878387379e+04 -1.022435731436684536e+00
5.655477292878642038e+04 2.610712166225210851e+00
5.655477292878861044e+04 1.185363414663478165e+00
5.655477292878989829e+04 -1.498742821419536186e+00
5.655477292879157903e+04 6.090679605259704393e-02
5.655477292879181914e+04 -1.074293203152872911e+00
5.655477292879237211e+04 1.354227319906630589e+00
5.655477292879246670e+04 9.798261925935369127e-03
5.655477292879429297e+04 9.074903519930196394e-01
5.655477292879480956e+04 1.324287033281646542e+00
5.655477292879601009e+04 -2.629156506834468221e+00
5.655477292879683955e+04 2.283727736333494907e+00
5.655477292879844026e+04 -1.466452420289486192e+00
5.655477292879877496e+04 4.938013312770261343e-01
5.655477292879913875e+04 -4.393550166022707870e+00
5.655477292880008463e+04 -5.023459221396673335e-01
5.655477292880013556e+04 1.831194769326574345e+01
5.655477292880057939e+04 5.345452578428826484e-01
5.655477292880255118e+04 6.025694513191973689e-01
5.655477292880330788e+04 -2.022628969532429988e+00
5.655477292880468303e+04 4.335842557070566095e+00
5.655477292880483583e+04 1.360580376700545990e+00
5.655477292880588357e+04 1.034232974183829867e+00
5.655477292880596360e+04 -2.341633340280568909e+00
5.655477292880645837e+04 -1.020077008453577738e+00
5.655477292880728055e+04 -2.797134630553276824e-01
5.655477292880744790e+04 -6.823319810111919681e-01
5.655477292881072208e+04 2.052795812704247269e-01
5.655477292881096946e+04 1.008493624842627501e+00
5.655477292881109315e+04 2.364862641865546067e+00
5.655477292881192261e+04 3.255314110186707799e-01
5.655477292881460016e+04 7.294325922025749476e-01
5.655477292881471658e+04 -9.520097725870603211e-01
5.655477292881524772e+04 -4.040378745931681337e+00
5.655477292881639733e+04 5.626691556013133644e-01
5.655477292881703033e+04 -4.430851593086181373e-01
5.655477292881740868e+04 -3.552700748171113143e-01
5.655477292881817266e+04 -5.398100185720795530e-01
5.655477292882085021e+04 -8.984908646090485895e-01
5.655477292882141046e+04 9.561024274879259544e-01
5.655477292882200709e+04 -8.580482347746108962e-01
5.655477292882344773e+04 6.725133353985515150e-01
5.655477292882416805e+04 -1.189845695604817843e-01
5.655477292882574693e+04 1.703463773819300087e-01
5.655477292882669281e+04 -2.162292917262084391e+00
5.655477292882683832e+04 -4.938579627916989123e-01
5.655477292882713664e+04 -1.662795479151860656e-01
5.655477292882766051e+04 7.367842324491926664e-01
5.655479411187455116e+04 -1.248339412176437069e+00
5.655479411187533697e+04 3.233104236842149204e-01
5.655479411187539517e+04 1.585347738338950041e+00
5.655479411187557707e+04 1.774741971994950596e-01
5.655479411187802179e+04 5.656993398715861598e-01
5.655479411187816004e+04 -8.787257990279846442e-01
5.655479411187981896e+04 6.662205379509247294e-01
5.655479411188097583e+04 8.840925086788494758e-01
5.655479411188121594e+04 9.193011838646416578e-01
5.655479411188168160e+04 -1.082660643808281753e+00
5.655479411188421363e+04 -1.295780734657830724e+00
5.655479411188641825e+04 2.242811640206844093e+00
5.655479411188770609e+04 -7.426688035973135760e-01
5.655479411188962695e+04 -3.199839233289569762e-01
5.655479411189017992e+04 1.548787532100793785e+00
5.655479411189024540e+04 -4.096928729893823395e-01
5.655479411189108214e+04 -7.173943120703000220e-01
5.655479411189208622e+04 4.751639763192693766e-01
5.655479411189263919e+04 -1.364459172465226633e+00
5.655479411189382517e+04 -1.482963481171244879e+00
5.655479411189462553e+04 1.052155825464233363e+00
5.655479411189624079e+04 -1.164699439534589542e+00
5.655479411189655366e+04 -1.883515964397383557e+00
5.655479411189722305e+04 -2.198070643712399241e-01
5.655479411189757957e+04 3.925898224302234230e+00
5.655479411189787061e+04 -1.521968495172913327e+00
5.655479411189838720e+04 1.291015265654984701e+00
5.655479411190032988e+04 -1.115183473845426709e+00
5.655479411190115206e+04 1.931890630338766179e+00
5.655479411190225073e+04 -6.865673522071407131e-01
5.655479411190258543e+04 -2.142321248208056694e+00
5.655479411190366955e+04 1.321582770802822056e-02
5.655479411190376413e+04 -2.328849750390390216e+00
5.655479411190425162e+04 -4.172769421430945203e-01
5.655479411190507381e+04 -6.793620560872121183e-01
5.655479411190525570e+04 -1.400064729354714987e-01
5.655479411190851533e+04 -3.968576322309432247e-01
5.655479411190875544e+04 -2.405104540587289230e-01
5.655479411190920655e+04 2.242966592811574067e+00
5.655479411190941028e+04 5.949337312972463598e-01
5.655479411191237887e+04 -1.403274799950003260e+00
5.655479411191253166e+04 -7.872951537594520266e-01
5.655479411191308463e+04 -5.085526348068973856e-01
5.655479411191417603e+04 -1.039110353401210274e+00
5.655479411191482359e+04 -2.995818303728867704e-01
5.655479411191518739e+04 -4.873671703491384011e-01
5.655479411191595864e+04 -1.802759831899115595e+00
5.655479411191864347e+04 -1.221653130250775376e+00
5.655479411191919644e+04 6.142081136300063804e-01
5.655479411191973486e+04 3.600600164392629421e-01
5.655479411191983672e+04 -6.552883580754700787e+00
5.655479411192197585e+04 8.174714971231417104e-01
5.655479411192446423e+04 1.366606311328931067e+00
5.655479411192465341e+04 4.633789698817756264e-01
5.655479411192468979e+04 1.364772705506297035e+00
5.655479411192517000e+04 -1.287559638129118778e+00
5.655479411192544649e+04 -7.913841808287066515e-01
5.655481524634665402e+04 4.221306756741297406e+00
5.655481524634721427e+04 7.602939859779073162e-01
5.655481524634740344e+04 1.008450582452439459e+00
5.655481524634763628e+04 2.836769907855893891e-01
5.655481524634999369e+04 -1.332521718934847943e+00
5.655481524635010283e+04 2.165851846524468272e+00
5.655481524635203823e+04 2.063927466524521748e+00
5.655481524635294772e+04 -1.548706427966829224e+00
5.655481524635326787e+04 2.601069779106017221e-01
5.655481524635374808e+04 -5.271039049842562996e-01
5.655481524635587994e+04 2.519461407281735621e-01
5.655481524635846290e+04 9.011631206332388899e-01
5.655481524635975074e+04 6.937848846367259403e-01
5.655481524636167160e+04 -2.046818792826365918e+00
5.655481524636222457e+04 8.211301002903754753e-01
5.655481524636229733e+04 -1.247142833728811517e+00
5.655481524636379618e+04 1.145893542847637780e+00
5.655481524636410177e+04 -2.297687059883666727e+00
5.655481524636466202e+04 9.510148169659831119e-01
5.655481524636593531e+04 9.290804149186973060e-01
5.655481524636654649e+04 8.712228340082546207e-01
5.655481524636829272e+04 -1.666470407561362110e+00
5.655481524636862014e+04 -2.202081302765473758e+00
5.655481524636930408e+04 1.407178068333987397e+00
5.655481524636987888e+04 -6.256252644433958565e+00
5.655481524636995164e+04 2.532460209122944783e-01
5.655481524637043185e+04 8.199756725191120754e-02
5.655481524637225812e+04 8.398104976383385933e-01
5.655481524637316033e+04 -5.835066531058483719e-01
5.655481524637410621e+04 8.687780262447424295e-01
5.655481524637497932e+04 1.135906816606784414e-01
5.655481524637575785e+04 2.598823858051268587e+00
5.655481524637590337e+04 -2.321430134033296566e-01
5.655481524637632538e+04 -2.570310151323508194e-02
5.655481524637711846e+04 -1.921875342546025767e+00
5.655481524637729308e+04 -1.380961624868944249e+00
5.655481524638058181e+04 5.630134947229430420e-01
5.655481524638080737e+04 1.086899642835844393e+00
5.655481524638087285e+04 1.399532968157570600e+01
5.655481524638147675e+04 1.627908053771371710e+00
5.655481524638445262e+04 3.157952223548293191e-01
5.655481524638461269e+04 2.122524484832619129e-01
5.655481524638530391e+04 -2.518392111600761263e-01
5.655481524638623523e+04 -8.599162745094197646e-01
5.655481524638688279e+04 -8.217290659216019977e-01
5.655481524638724659e+04 -1.617806681198212138e+00
5.655481524638806150e+04 -1.104775823894426745e+00
5.655481524639070994e+04 -4.516419864809174123e-01
5.655481524639148847e+04 2.538745289806367822e+00
5.655481524639196141e+04 1.912943370171560353e+00
5.655481524639208510e+04 -3.251687204813910270e+00
5.655481524639402051e+04 -4.666723891396933332e-01
5.655481524639638519e+04 -1.883447096573072965e+00
5.655481524639658164e+04 1.391406444849893898e-01
5.655481524639673444e+04 -1.090279146874163940e+00
5.655481524639682902e+04 1.300226337158367773e+00
5.655481524639752024e+04 7.041322752414502784e-01
5.655483481355469848e+04 -2.330641205536685967e-01
5.655483481355546974e+04 -3.044714458999154827e-01
5.655483481355546974e+04 -3.888268139329600914e-02
5.655483481355569529e+04 -7.593606425179235675e-01
5.655483481355816912e+04 2.201654506695072566e+00
5.655483481355830008e+04 6.504756316147934925e-01
5.655483481356007542e+04 -1.034909416117443248e+00
5.655483481356097764e+04 -8.883156435651541338e-01
5.655483481356133416e+04 -1.823343594607894080e-01
5.655483481356182165e+04 -2.221227449641472174e-01
5.655483481356444099e+04 -6.439209519943345228e-01
5.655483481356652192e+04 5.561258205766864832e-02
5.655483481356783159e+04 8.340935765055967899e-02
5.655483481356975972e+04 -7.513387413582498821e-03
5.655483481357031269e+04 2.273733293328481508e+00
5.655483481357039273e+04 4.980453109510210030e-01
5.655483481357220444e+04 -8.264723373219429181e-01
5.655483481357224809e+04 2.637028283595185485e+00
5.655483481357273558e+04 1.485256964161659310e+00
5.655483481357397977e+04 9.831588739693513102e-01
5.655483481357472920e+04 -1.085191536352214436e+00
5.655483481357638811e+04 3.999689206351933479e-01
5.655483481357684650e+04 1.265852684342515966e+00
5.655483481357710116e+04 4.419438595608473075e-01
5.655483481357739220e+04 1.494881242610978545e+00
5.655483481357799610e+04 -1.990837860128773285e+00
5.655483481357850542e+04 1.445553771724875369e-01
5.655483481358040444e+04 6.055393762431952043e-01
5.655483481358123390e+04 -1.182054131264326680e+00
5.655483481358275458e+04 -8.091787966523374120e-02
5.655483481358276185e+04 -3.324919527504772709e+00
5.655483481358382414e+04 1.961383276105669760e+00
5.655483481358389690e+04 -1.602182293554649917e+00
5.655483481358439167e+04 -2.406826236195430402e-01
5.655483481358520658e+04 1.414218911657323940e-01
5.655483481358537392e+04 -4.025478362157431378e-01
5.655483481358865538e+04 3.655350084730489835e-01
5.655483481358890276e+04 1.534178944866025907e+00
5.655483481358911376e+04 -1.788142636186310641e+00
5.655483481358952122e+04 -5.604187150011344931e-01
5.655483481359255529e+04 2.953364026150765209e+00
5.655483481359266443e+04 -1.667236562106981124e+00
5.655483481359394500e+04 -1.343084321490594757e+00
5.655483481359431607e+04 -3.690092057698145522e-01
5.655483481359497091e+04 -1.439749813121606048e-01
5.655483481359534198e+04 6.871133141553151802e-01
5.655483481359614234e+04 7.888396991603301434e-01
5.655483481359877624e+04 -8.061132867560750759e-01
5.655483481359931466e+04 -6.857667637493805035e-01
5.655483481360002042e+04 -2.924823293614776887e+00
5.655483481360087171e+04 1.279798418768184343e+00
5.655483481360208680e+04 -4.401324513407237071e-01
5.655483481360461883e+04 -2.418360705055917048e+00
5.655483481360469887e+04 9.052263222683780697e-01
5.655483481360481528e+04 -8.889354539840726988e-01
5.655483481360557926e+04 1.106035397806131859e-01
5.655483481360559381e+04 2.770210047360319283e+00
5.658472928471234627e+04 -1.760707416689289539e+00
5.658472928471310297e+04 -2.050615131663414914e+00
5.658472928471320483e+04 2.317137239632773404e+00
5.658472928471340128e+04 8.263037956012692087e-01
5.658472928471587511e+04 2.716527578327565973e+00
5.658472928471596242e+04 -2.804279667355917272e-01
5.658472928471673367e+04 3.318372103581775701e+00
5.658472928471758496e+04 -4.684723327314232577e+00
5.658472928471874911e+04 -3.287645709337005950e-01
5.658472928471904015e+04 3.245527162402007892e+00
5.658472928471949126e+04 -1.986103197226971595e+00
5.658472928472427157e+04 4.096509650629942989e+00
5.658472928472546482e+04 -5.613741668980432920e+00
5.658472928472738568e+04 -1.788710795755442451e+00
5.658472928472789499e+04 2.345803471508054017e+00
5.658472928472799686e+04 -2.263339232525297007e+00
5.658472928472801868e+04 2.199381868515065008e+00
5.658472928472991771e+04 2.401044075094744379e+00
5.658472928473047796e+04 3.743432923793712064e+00
5.658472928473096545e+04 -9.369286107835604616e-02
5.658472928473238426e+04 1.310427383649933164e+00
5.658472928473409411e+04 7.689368979385448055e-01
5.658472928473437787e+04 -7.066337145269312447e-01
5.658472928473554202e+04 3.383580433025678014e-01
5.658472928473571665e+04 8.266739601570161078e-01
5.658472928473608044e+04 2.082547604547703823e+00
5.658472928473618958e+04 -3.795976337635907361e-01
5.658472928473813954e+04 6.251925316161899282e-01
5.658472928473883803e+04 -1.618133803380459756e+00
5.658472928473899083e+04 1.172528173917162686e+00
5.658472928474043874e+04 2.885064361406920685e+00
5.658472928474149376e+04 -5.097233878256769435e-01
5.658472928474151558e+04 4.328016558862637364e-01
5.658472928474210494e+04 -7.640780884920213012e-01
5.658472928474290529e+04 8.312364535185473580e-01
5.658472928474335640e+04 1.306725738092464395e+00
5.658472928474637592e+04 2.298852832274485891e+00
5.658472928474661603e+04 6.208969010739181504e-01
5.658472928474673972e+04 1.643188102310289223e+00
5.658472928474721994e+04 9.586935793880397849e-01
5.658472928475020308e+04 -2.587862529414606816e-01
5.658472928475034860e+04 -5.250981296062330328e-01
5.658472928475205845e+04 3.037486073594225289e+00
5.658472928475261870e+04 -1.206200912180476204e+00
5.658472928475295339e+04 -3.415481608240286127e-01
5.658472928475354274e+04 -1.743946709944192763e+00
5.658472928475389926e+04 1.708793313457891649e+00
5.658472928475647495e+04 -8.214105522425831918e-01
5.658472928475696972e+04 -1.673271105230662359e+00
5.658472928475700610e+04 2.043387637940901058e+00
5.658472928475754452e+04 -5.476462269666587446e+00
5.658472928475977824e+04 1.101731158797231852e-01
5.658472928476149536e+04 2.754336013881990564e+00
5.658472928476232482e+04 -1.318808413429890747e+00
5.658472928476252127e+04 2.101296869720184812e+00
5.658472928476316156e+04 9.901563662524178258e-03
5.658472928476325615e+04 -1.050800666591115373e+00
5.658474047179356421e+04 -2.451735774444382621e+00
5.658474047179429908e+04 -3.358785280150911934e+00
5.658474047179438639e+04 -1.070359128699419182e+00
5.658474047179461922e+04 1.360124127378466108e+00
5.658474047179710033e+04 3.577074085658649594e+00
5.658474047179718764e+04 6.146385375383861538e-01
5.658474047179787158e+04 -3.220808594115775136e+00
5.658474047179995250e+04 -2.022387932168213442e+00
5.658474047180072375e+04 -4.360012735995983518e-02
5.658474047180426714e+04 -1.845182411701949077e+00
5.658474047180543130e+04 -4.973013540130570842e-01
5.658474047180637717e+04 2.629909072282808236e+00
5.658474047180668276e+04 -3.333743217530733549e+00
5.658474047180710477e+04 -2.895451166570355284e+00
5.658474047180863272e+04 -6.077825611864376976e-01
5.658474047180920024e+04 1.473549434041740325e+00
5.658474047180928756e+04 1.597649253475389663e+00
5.658474047181109199e+04 -1.373981040906092632e-01
5.658474047181133210e+04 -1.378172477998045542e+00
5.658474047181171773e+04 5.645260934918793438e+00
5.658474047181530477e+04 3.837849819229469661e-01
5.658474047181561764e+04 1.038657731907408621e+00
5.658474047181685455e+04 -8.121727052858085827e+00
5.658474047181703645e+04 2.928502741599925407e+00
5.658474047181742935e+04 2.092085798216724246e+00
5.658474047181812057e+04 7.312834149888542967e-01
5.658474047181924834e+04 2.494437453357493784e+00
5.658474047181955393e+04 -2.106002079376803504e+00
5.658474047182010690e+04 -1.172059688271362310e+00
5.658474047182156937e+04 -3.946064260560386394e+00
5.658474047182271170e+04 5.609465682851769164e-02
5.658474047182279173e+04 -8.140933459080551549e-01
5.658474047182328650e+04 1.127238970945439345e+00
5.658474047182410868e+04 2.962453687278318593e-01
5.658474047182423965e+04 4.335317439954935459e+00
5.658474047182756476e+04 5.355266243450429453e-01
5.658474047182780487e+04 4.039409615786493823e+00
5.658474047182784125e+04 1.324485028290278699e+00
5.658474047182841605e+04 -1.242890245589624465e+00
5.658474047183137736e+04 -3.255879533653281310e+00
5.658474047183155926e+04 -8.441025003576737573e-01
5.658474047183302173e+04 3.324578816249079249e+00
5.658474047183384391e+04 4.085085308556218320e-01
5.658474047183419316e+04 -3.709202878986422314e-01
5.658474047183506627e+04 2.006904908004740307e+00
5.658474047183583025e+04 -4.275519323653143466e+00
5.658474047183768562e+04 -1.470007721735432593e+00
5.658474047183815128e+04 -4.284110584737687688e+00
5.658474047183888615e+04 -2.841682612728611890e+00
5.658474047183924995e+04 4.047389674930152559e+00
5.658474047184101801e+04 2.377517104609725429e+00
5.658474047184217488e+04 -1.059486620934110057e+00
5.658474047184359370e+04 -4.466835031341824247e-01
5.658474047184360097e+04 4.073309802310475014e+00
5.658474047184373194e+04 1.973064980827043735e+00
5.658474047184444498e+04 -3.151501737410703718e+00
5.658576831738457258e+04 2.276792575232982507e+00
5.658576831738457986e+04 2.724806330335648452e-01
5.658576831738469627e+04 -6.047519605273889098e+00
5.658576831738500186e+04 -3.621710752771202468e+00
5.658576831738870533e+04 3.864138399012764791e-01
5.658576831738974579e+04 4.003165319368906516e-01
5.658576831738976034e+04 -3.516652886763378394e+00
5.658576831739022600e+04 -1.187017950930587817e+00
5.658576831739256158e+04 -6.022843475866680729e-02
5.658576831739344198e+04 -2.729639998855044603e+00
5.658576831739480986e+04 -1.124847522521172483e+00
5.658576831739491899e+04 -4.258563225782599493e-01
5.658576831739592308e+04 5.978983199253845582e-01
5.658576831739729096e+04 -6.327002453340917931e+00
5.658576831739803310e+04 2.363187260848725213e+00
5.658576831739910995e+04 9.790903360424331181e-01
5.658576831740113994e+04 9.927175567807472456e-01
5.658576831740195485e+04 -4.952305986554991435e+00
5.658576831740331545e+04 -1.312311616377665746e-01
5.658576831740353373e+04 9.391383894558785750e-01
5.658576831740462512e+04 6.020217809068454384e-01
5.658576831740527268e+04 1.816858810478309660e+00
5.658576831740632042e+04 5.431483995869904602e-01
5.658576831740680063e+04 -1.845635388862955084e+00
5.658576831740703346e+04 3.361486633786232581e+00
5.658576831740952912e+04 -1.273094122858827282e+00
5.658576831740976922e+04 -9.873787366903838958e-01
5.658576831740985654e+04 -6.132370640886096735e-01
5.658576831741041678e+04 -2.536810090744977320e+00
5.658576831741172646e+04 -1.191190330346029724e-01
5.658576831741206843e+04 -1.457987014215435417e+00
5.658576831741333444e+04 2.954055976601349887e+00
5.658576831741342176e+04 -5.171598356161949184e+00
5.658576831741404021e+04 5.950316967378554978e-01
5.658576831741410570e+04 2.151091578883732591e+00
5.658576831741457136e+04 -1.505015129751386294e+00
5.658576831741811475e+04 -5.902868616322953788e-01
5.658576831741948263e+04 -1.291550699777933797e+00
5.658576831742227660e+04 2.262562761031824632e+00
5.658576831742408103e+04 7.723491274187110900e-01
5.658576831742435024e+04 1.081755045154962680e+00
5.658576831742500508e+04 3.394115497994475428e-01
5.658576831742553622e+04 -5.175377478021784938e+00
5.658576831742614013e+04 -3.030945338755065332e+00
5.658576831742614741e+04 1.317257178912422999e+00
5.658576831742620561e+04 6.862299131002684849e-01
5.658576831742704235e+04 1.446410174955964800e+00
5.658576831742948707e+04 -2.716994144613361861e+00
5.658576831743033108e+04 -1.856723108579283910e+00
5.658576831743153889e+04 2.552436042093891189e+00
5.658576831743174262e+04 -1.757501790683005494e+00
5.658576831743268121e+04 1.387924175147938310e+00
5.658576831743386720e+04 1.417867194207505233e-01
5.658576831743428920e+04 1.256343588296939151e+00
5.658576831743479852e+04 -1.111131484568189248e-01
5.658576831743502407e+04 2.492486601018957693e+00
5.658576831743574439e+04 8.423274454109760390e-01
5.658576831743644289e+04 -3.096343946429716443e+00
5.660670459332840255e+04 -1.967810181405569514e+00
5.660670459332914470e+04 -3.349978807140749026e+00
5.660670459332927567e+04 1.168102524499309985e-01
5.660670459332946484e+04 -8.719251013915837456e-01
5.660670459333197505e+04 2.764907224936850039e+00
5.660670459333199688e+04 -2.102360693181557494e+00
5.660670459333478357e+04 -1.222798057852076070e+00
5.660670459333558392e+04 -1.065185433405078985e+00
5.660670459333972394e+04 -1.619442292054918076e+00
5.660670459334034240e+04 1.390959695730529688e+00
5.660670459334151383e+04 -3.143444201988509157e+00
5.660670459334343468e+04 -5.244601522160175833e+00
5.660670459334400221e+04 -4.340573592239052481e+00
5.660670459334414045e+04 2.468431241215478966e+00
5.660670459334564657e+04 1.008269804431646266e+00
5.660670459334597399e+04 5.422661709411317338e-02
5.660670459334599582e+04 3.679540799804103202e+00
5.660670459334788757e+04 7.718414876066892027e+00
5.660670459334924089e+04 -3.409394522577592568e+00
5.660670459335021587e+04 1.794396019107476370e+00
5.660670459335051419e+04 -2.622467719443978496e+00
5.660670459335175110e+04 -4.283792071082659803e+00
5.660670459335185296e+04 9.159094435330811246e-01
5.660670459335228952e+04 6.421245162131380968e-02
5.660670459335240594e+04 1.708013474531749409e+01
5.660670459335364285e+04 -2.967392217578353808e+00
5.660670459335411579e+04 2.101210784955716004e+00
5.660670459335493797e+04 -4.206246900892122831e+00
5.660670459335530177e+04 -3.196308865636388052e+00
5.660670459335604392e+04 2.335215043535797896e+00
5.660670459335648047e+04 1.647802246552562799e+00
5.660670459335764463e+04 -1.471307601930720965e+00
5.660670459335813939e+04 4.750004152450099104e-01
5.660670459335895430e+04 -1.964633653008554859e+00
5.660670459335920168e+04 -1.033179112049792625e+00
5.660670459336196654e+04 -7.194008591430555377e+00
5.660670459336237400e+04 -2.299339887708630847e+00
5.660670459336246859e+04 1.616252174533433061e+00
5.660670459336307977e+04 6.944907798484881711e-01
5.660670459336627391e+04 -1.374238403543898146e+00
5.660670459336643398e+04 8.427976395334991766e-01
5.660670459336767090e+04 4.121585255479713883e-01
5.660670459336770728e+04 -4.107920864711359421e+00
5.660670459336833301e+04 -2.353281502825427252e-01
5.660670459336865315e+04 -3.381442794379471373e+00
5.660670459336900240e+04 -2.871838111326692644e+00
5.660670459337258944e+04 -3.300386256862163914e-01
5.660670459337305510e+04 1.155361976999088464e-01
5.660670459337368084e+04 1.188083693745583425e+00
5.660670459337521606e+04 1.911385235680456152e+00
5.660670459337584907e+04 -5.027935630067875694e-01
5.660670459337813372e+04 -3.546072220143462461e-01
5.660670459337843204e+04 3.147708134736430519e-01
5.660670459337862121e+04 2.756526888826407468e-03
5.660670459337935608e+04 -4.178795356134192840e-01
5.660670459337961074e+04 9.570407516114989299e-01
5.660671569964859373e+04 -4.426176297875692889e+00
5.660671569964940136e+04 -1.007775493351719787e+00
5.660671569964946684e+04 1.743321027178236504e-01
5.660671569964969240e+04 -2.991264727559305239e-02
5.660671569965215895e+04 -9.719651164162798618e-02
5.660671569965223171e+04 -7.705000131161746646e-01
5.660671569965432718e+04 2.152138541044447795e+00
5.660671569965504023e+04 -6.703145456786215872e-01
5.660671569965578237e+04 -2.523323877849358965e+00
5.660671569965878734e+04 -9.550768841586432245e+00
5.660671569965955860e+04 5.554148803378947008e+00
5.660671569966053357e+04 -8.956242414376073269e-01
5.660671569966177049e+04 4.263366888809898003e-01
5.660671569966368406e+04 4.125274897296166143e-03
5.660671569966425886e+04 -1.060003129624587537e+00
5.660671569966428797e+04 -2.322599995374584836e+00
5.660671569966546667e+04 -3.937705428412806796e+00
5.660671569966562674e+04 -4.568620784014994385e+00
5.660671569966620154e+04 2.997077877694276360e+00
5.660671569966680545e+04 3.098253320106508557e+00
5.660671569966983225e+04 -1.016074066182945268e+00
5.660671569967038522e+04 -1.866075187920699818e+00
5.660671569967059622e+04 -5.865488000844979233e+00
5.660671569967189134e+04 2.904260375745722489e-01
5.660671569967200776e+04 -6.285720356593146319e-01
5.660671569967249525e+04 -6.518149263691782602e-01
5.660671569967422693e+04 6.652305629881847260e-01
5.660671569967431424e+04 7.372481985627678258e-02
5.660671569967523101e+04 2.711835957816004949e+00
5.660671569967629330e+04 -1.672487733741657490e+00
5.660671569967630057e+04 2.918792378392239151e+00
5.660671569967669348e+04 2.404788763060665691e+00
5.660671569967785035e+04 -2.533413014113047979e+00
5.660671569967833057e+04 -1.523888185803262685e+00
5.660671569967923278e+04 3.012134105787443339e+00
5.660671569967945106e+04 1.771953716855403815e+00
5.660671569968260155e+04 -4.730813118779638948e+00
5.660671569968268886e+04 2.087101489447032776e+00
5.660671569968292897e+04 -3.620732658476551347e+00
5.660671569968335825e+04 5.430703228275448602e+00
5.660671569968648691e+04 -1.624340516060077011e+00
5.660671569968664699e+04 1.614685431530033632e+00
5.660671569968785479e+04 -1.080558364318764575e+01
5.660671569968795666e+04 -1.000200032675912398e+00
5.660671569968890981e+04 -3.056508073969422257e-01
5.660671569968922267e+04 -4.257390760645711203e-01
5.660671569968929543e+04 2.759182587039801238e+00
5.660671569969280245e+04 -6.170280666067490261e-01
5.660671569969327538e+04 2.396618425686218856e-01
5.660671569969379925e+04 -7.113553755662291422e+00
5.660671569969390112e+04 1.447732608408887067e+00
5.660671569969606935e+04 -4.645719205061247803e-01
5.660671569969866687e+04 1.386870668661207118e+00
5.660671569969887787e+04 3.576161587013468424e+00
5.660671569969948177e+04 -1.394984835621966957e+00
5.660671569969955453e+04 -1.478366553924092663e+00
5.660671569969979464e+04 -2.308662869426707065e+00
5.661467908631421597e+04 1.758209249605055868e+00
5.661467908631433238e+04 5.185711947861721960e-01
5.661467908631455794e+04 1.835590858713033180e+00
5.661467908631468890e+04 -3.414306691372422708e+00
5.661467908631807950e+04 3.706006533487187227e+00
5.661467908631842874e+04 -3.594677399325238443e-01
5.661467908631957107e+04 4.064102003024804510e+00
5.661467908631992759e+04 -1.498541554279787524e+00
5.661467908632277249e+04 8.574783667710379476e-01
5.661467908632320177e+04 1.120226333529707796e+00
5.661467908632459148e+04 2.705262352776155232e+00
5.661467908632459876e+04 -2.278788178455973590e+00
5.661467908632556646e+04 -3.485429936944801188e+00
5.661467908632707258e+04 -4.050438784669017522e+00
5.661467908632769104e+04 -3.007581929382812991e+00
5.661467908632889157e+04 4.196190490081518121e+00
5.661467908633084880e+04 1.635684781651574937e+00
5.661467908633177285e+04 -3.032761727651901218e+00
5.661467908633301704e+04 2.619610728705314973e-01
5.661467908633330080e+04 -1.219512223111865051e-01
5.661467908633430488e+04 2.322047344315735007e+00
5.661467908633486513e+04 1.087990315701496957e-01
5.661467908633605839e+04 1.847987067091661162e+00
5.661467908633648040e+04 7.270368314543629307e-02
5.661467908633666957e+04 5.653640256286545096e+00
5.661467908633922343e+04 2.612678171448277187e+00
5.661467908633949264e+04 -4.124265092346179884e+00
5.661467908633952902e+04 -3.804365439875210253e+00
5.661467908634024934e+04 3.437000203192918768e+00
5.661467908634182822e+04 4.170563050954313233e+00
5.661467908634297783e+04 2.177545431924311714e+00
5.661467908634319610e+04 3.796820100772941298e-01
5.661467908634371270e+04 2.361528557044711985e-01
5.661467908634385822e+04 2.553193588186944307e+00
5.661467908634431660e+04 -3.506210802935084470e+00
5.661467908634788182e+04 -2.468725637946285190e+00
5.661467908634920605e+04 2.663110867153548056e-02
5.661467908635200001e+04 3.944254771741985355e+00
5.661467908635378990e+04 1.511498877436236121e+00
5.661467908635408094e+04 1.655561757447583160e+00
5.661467908635472850e+04 -9.603050732621914998e-01
5.661467908635539789e+04 -1.326139564558410200e+00
5.661467908635589265e+04 3.237269028126537607e-01
5.661467908635592903e+04 -7.940495368618838423e-01
5.661467908635675849e+04 -4.322509733145780686e+00
5.661467908635921049e+04 -4.106187288460680485e+00
5.661467908636011271e+04 -4.582597680189869571e+00
5.661467908636112406e+04 -3.598493687531537422e+00
5.661467908636122593e+04 4.508359729271926852e+00
5.661467908636166976e+04 -4.269550376239308775e+00
5.661467908636225911e+04 3.130633078201951580e+00
5.661467908636353241e+04 -3.256100081940182633e+00
5.661467908636394714e+04 -1.925203551411690750e+00
5.661467908636448556e+04 3.159178791384958718e+00
5.661467908636467473e+04 8.711744553338137687e-01
5.661467908636557695e+04 3.224474097323773769e+00
5.661467908636628999e+04 2.677784090870196643e+00
5.661469039778750448e+04 -4.660320895985230472e-01
5.661469039778762817e+04 -1.153694532446833954e+00
5.661469039778776641e+04 -7.238872706822783165e+00
5.661469039778803563e+04 -6.826902649272114099e-01
5.661469039779132436e+04 -2.329276902164769680e+00
5.661469039779174636e+04 -2.489607073238804258e-01
5.661469039779282321e+04 -1.533646927729824805e+00
5.661469039779328887e+04 2.743888593744849391e+00
5.661469039779603918e+04 -3.557672284662485751e+00
5.661469039779650484e+04 -3.423943955435267139e-02
5.661469039779790182e+04 -3.014554796595803055e+00
5.661469039779796003e+04 6.499543742479281683e+00
5.661469039779891318e+04 -9.684573019667512828e-01
5.661469039780044113e+04 1.783038832708744581e-01
5.661469039780107414e+04 2.994929030368149281e+00
5.661469039780219464e+04 2.778520500902641466e+00
5.661469039780415187e+04 3.328088471456082109e-01
5.661469039780512685e+04 4.082105063042215654e-01
5.661469039780634193e+04 1.430191802341698848e+00
5.661469039780659659e+04 -1.701099042577792320e+00
5.661469039780759340e+04 8.113138314729552436e-02
5.661469039780818275e+04 7.043249339486996607e-01
5.661469039780935418e+04 1.632993060459100587e-01
5.661469039780982712e+04 2.738783766266705832e+00
5.661469039780998719e+04 5.812328940489088325e+00
5.661469039781250467e+04 -4.893266311766950039e-01
5.661469039781281754e+04 -6.091242065303045905e+00
5.661469039781283209e+04 -1.978748284824939141e+00
5.661469039781352330e+04 -4.066136417272527004e-02
5.661469039781508036e+04 -1.072731796473919363e+00
5.661469039781628817e+04 2.088912542017129503e+00
5.661469039781652100e+04 1.551097876423526145e+00
5.661469039781704487e+04 1.736438408640097242e+00
5.661469039781716128e+04 1.739115645310759239e+00
5.661469039781765605e+04 -1.494581654381065050e+00
5.661469039782119944e+04 -1.713039001620262569e+00
5.661469039782245090e+04 -9.620439858264194788e-01
5.661469039782528853e+04 1.587193224848239659e+00
5.661469039782716573e+04 -4.159996152258936819e-01
5.661469039782742766e+04 4.101290628160704443e+00
5.661469039782803156e+04 -1.454612490838030237e+00
5.661469039782873006e+04 7.300728917684750074e-01
5.661469039782918117e+04 -5.995868737089976364e+00
5.661469039782921755e+04 1.064254009308990057e+00
5.661469039783011976e+04 5.523120515705009365e-03
5.661469039783260087e+04 1.980041120236220253e+00
5.661469039783351036e+04 2.961898300125929584e+00
5.661469039783413609e+04 -1.824234712472164510e+00
5.661469039783455082e+04 5.498489656558779970e+00
5.661469039783494372e+04 2.298686667347509260e-01
5.661469039783576591e+04 1.040635515713061032e+01
5.661469039783681364e+04 -6.402963663635338420e+00
5.661469039783737389e+04 2.377623678546593400e+00
5.661469039783781045e+04 4.086587347667165027e+00
5.661469039783797780e+04 -6.545147162999547241e-01
5.661469039783882181e+04 -2.921075333551690356e+00
5.661469039783958578e+04 6.788180135140642335e-01
5.664154563386396330e+04 8.868160599420145118e-01
5.664154563386418886e+04 -7.514547875233998919e-01
5.664154563386440714e+04 -7.627921531031252034e-01
5.664154563386453083e+04 1.141885264290732893e+00
5.664154563386795780e+04 -2.533854650391560992e-01
5.664154563386827795e+04 -2.942730032986634950e-02
5.664154563386931841e+04 1.470551079844459597e-01
5.664154563386976952e+04 1.273396983319938558e+00
5.664154563387267262e+04 9.809755927522163521e-01
5.664154563387300732e+04 -8.043108426938733180e-01
5.664154563387414964e+04 -1.394501483631685268e+01
5.664154563387452799e+04 -1.651746637985689992e+00
5.664154563387540838e+04 -8.261908614393081995e-02
5.664154563387704547e+04 -3.246363893306239312e+00
5.664154563387758390e+04 2.025502492788005426e+00
5.664154563387870439e+04 -8.997013878639087414e-01
5.664154563388064707e+04 -2.575089260206963049e-01
5.664154563388168754e+04 -3.245701040497098067e+00
5.664154563388285897e+04 3.668241140356591767e+00
5.664154563388317911e+04 -1.167872695790715065e+00
5.664154563388410315e+04 4.635334780415441003e+00
5.664154563388466340e+04 8.162007145733835012e-01
5.664154563388469251e+04 4.639243029445961675e+00
5.664154563388590032e+04 1.874940211854523087e+00
5.664154563388621318e+04 -2.304028236092712678e+00
5.664154563388640236e+04 -2.959486362596788211e+00
5.664154563388898532e+04 2.915567471337832561e+00
5.664154563388934184e+04 8.298365437900008246e-01
5.664154563388948736e+04 3.528321670715793279e-01
5.664154563389006216e+04 -1.582000748899179188e+00
5.664154563389163377e+04 3.697604658953739243e+00
5.664154563389274699e+04 3.514261293640914108e+00
5.664154563389297982e+04 -3.305237274627227606e+00
5.664154563389348914e+04 -9.967964116860211776e-01
5.664154563389367831e+04 -1.108654975348094984e+00
5.664154563389420946e+04 -3.419402910404234053e+00
5.664154563389781833e+04 2.564602554048934779e-01
5.664154563390063413e+04 -2.110165310614037892e+00
5.664154563390180556e+04 2.988834227943028221e+00
5.664154563390371186e+04 5.417466661289796370e+00
5.664154563390390103e+04 -1.051474731766880166e-01
5.664154563390457770e+04 5.160219511996757547e+00
5.664154563390530529e+04 -3.759136496284158913e+00
5.664154563390568364e+04 -3.095730012114167873e-01
5.664154563390584372e+04 1.634617330389684486e+00
5.664154563390673138e+04 1.399227106842220625e+00
5.664154563390908879e+04 -2.476223622342709429e+00
5.664154563391012198e+04 2.432537159990855624e+00
5.664154563391100965e+04 5.387500549229793378e+00
5.664154563391136617e+04 -4.290931103297969673e-01
5.664154563391199190e+04 1.001429336577142282e+00
5.664154563391210831e+04 -2.678218827135671609e-01
5.664154563391344709e+04 4.533117712159056012e+00
5.664154563391381816e+04 3.837475210160555594e+00
5.664154563391420379e+04 -4.170412410726856978e-01
5.664154563391448028e+04 2.457166015665566139e+00
5.664154563391546981e+04 6.827031695510171749e-02
5.664154563391617557e+04 1.459193764874389787e+00
5.664155638483585062e+04 -7.572913356350607916e-01
5.664155638483614894e+04 3.739106131588419757e+00
5.664155638483628718e+04 -2.873565143271636479e+00
5.664155638483643997e+04 1.576424018833924690e+00
5.664155638483980874e+04 -4.974851590639190135e+00
5.664155638484017254e+04 -9.994736483567117080e-01
5.664155638484109659e+04 -5.350318968866451641e+00
5.664155638484170777e+04 4.269965146930048583e+00
5.664155638484457450e+04 7.571895976037453790e-01
5.664155638484496012e+04 3.538072343901762729e+00
5.664155638484640076e+04 -4.014257351501136384e+00
5.664155638484731753e+04 4.017283223432892014e-01
5.664155638484888914e+04 -1.369750114325373858e+00
5.664155638484947849e+04 1.126019839261554134e+00
5.664155638485069358e+04 6.366095115951167394e+00
5.664155638485257077e+04 1.091990525566296499e+00
5.664155638485359668e+04 -2.842522971456534098e+00
5.664155638485465170e+04 -3.107007118347618890e-01
5.664155638485509553e+04 -2.752509992627731883e-01
5.664155638485597592e+04 1.533037289508324186e+00
5.664155638485647796e+04 -5.394437418825519082e+00
5.664155638485661621e+04 2.319327065276385547e+00
5.664155638485777308e+04 -8.665415304507744221e-01
5.664155638485812960e+04 -1.347170076424371921e+00
5.664155638485827512e+04 -1.245073526860557944e+00
5.664155638486087992e+04 2.024822423022790474e+00
5.664155638486118551e+04 -4.491666326687477451e+00
5.664155638486125827e+04 -2.551031296517216607e+00
5.664155638486195676e+04 -2.567146367409582464e+00
5.664155638486350654e+04 7.002445153638945374e-01
5.664155638486464886e+04 3.645041292036666380e+00
5.664155638486491080e+04 -9.098766089081302688e-01
5.664155638486539829e+04 -6.112915480631985199e-01
5.664155638486554381e+04 3.223940371715157571e+00
5.664155638486621319e+04 4.863235628067432259e+00
5.664155638486970565e+04 -1.433538936607655634e+00
5.664155638487282704e+04 1.233129255479372965e-01
5.664155638487370743e+04 2.603424057578661355e+00
5.664155638487557735e+04 1.925093204920194534e+00
5.664155638487571559e+04 -7.785244199661049080e+00
5.664155638487640681e+04 1.088765078735261516e-01
5.664155638487720717e+04 -3.697422317209722031e+00
5.664155638487760007e+04 7.080524049468944758e-01
5.664155638487770921e+04 -1.756950848122236675e+00
5.664155638487861870e+04 2.771033857467178896e-01
5.664155638488100521e+04 -1.528206369622264749e+00
5.664155638488196564e+04 -3.270424589430269702e+00
5.664155638488285331e+04 1.318393498039172496e+00
5.664155638488288969e+04 2.901966076033389186e+00
5.664155638488297700e+04 4.856093323727836419e-01
5.664155638488403201e+04 1.688644138573712095e+00
5.664155638488528348e+04 -1.530324055220300128e+00
5.664155638488569093e+04 1.020023649145260558e+00
5.664155638488610566e+04 -6.127635978081742429e-01
5.664155638488634577e+04 -6.133747997490706094e-01
5.664155638488733530e+04 -3.065155430547542803e+00
5.664155638488804107e+04 -1.919375611795933301e+00
5.664357331704753597e+04 1.731175356398677589e+00
5.664357331704821991e+04 -5.022115407262446318e+00
5.664357331704835815e+04 -2.601980433454079145e-01
5.664357331704858370e+04 -2.541746020888771440e+00
5.664357331705108663e+04 -2.011360471839017006e+00
5.664357331705111574e+04 1.901993386162267097e+00
5.664357331705272372e+04 -7.179382787330784055e+00
5.664357331705285469e+04 -4.731252151219903723e+00
5.664357331705396064e+04 2.828532486171585703e+00
5.664357331705438992e+04 -1.096788048020241463e-01
5.664357331705473916e+04 1.222818902655329332e+00
5.664357331705949036e+04 -5.556840520958595819e-01
5.664357331706070545e+04 2.352199570740012735e+00
5.664357331706254627e+04 -8.544929333700599372e-01
5.664357331706318655e+04 7.497141664890564217e-01
5.664357331706320838e+04 2.360171021405793379e+00
5.664357331706502737e+04 -3.629978163938432090e+00
5.664357331706579134e+04 2.386693742249497596e+00
5.664357331706689001e+04 3.438400112972044287e+00
5.664357331706710829e+04 -3.790767316784489971e+00
5.664357331706775585e+04 4.336280697869709377e-01
5.664357331706937111e+04 -7.481446873678512799e-02
5.664357331706953846e+04 2.709708772060595017e-01
5.664357331707022240e+04 1.171830887219672546e+00
5.664357331707046978e+04 1.974812501909392282e+00
5.664357331707093545e+04 -8.066728378534172572e-01
5.664357331707146659e+04 2.260286850698393746e+00
5.664357331707282719e+04 3.124551328846735254e-01
5.664357331707318372e+04 -4.356860832747481815e+00
5.664357331707405683e+04 2.064004942890118599e+00
5.664357331707556295e+04 1.080959793020990212e+00
5.664357331707623962e+04 -7.546431965748234827e-01
5.664357331707667618e+04 -7.438411891578448731e+00
5.664357331707718549e+04 -2.802479603788514684e+00
5.664357331707810226e+04 -7.603592259939145892e-01
5.664357331707846606e+04 3.827417235635785620e+00
5.664357331708155834e+04 -1.223986027837267176e+00
5.664357331708160200e+04 -1.011115582844370753e+00
5.664357331708198035e+04 7.800246176707122947e-01
5.664357331708233687e+04 -2.111709500360619440e+00
5.664357331708537822e+04 -3.000543466551235383e+00
5.664357331708553829e+04 1.755692301858875259e+00
5.664357331708715355e+04 -2.893083835167931994e+00
5.664357331708729907e+04 -1.630796874611341263e+00
5.664357331708779384e+04 1.718598369981068963e+00
5.664357331708809943e+04 -4.680703168164328076e+00
5.664357331708919810e+04 1.500209890564019988e+00
5.664357331709178106e+04 1.489001652154898769e+00
5.664357331709216669e+04 2.508787786302160150e+00
5.664357331709276332e+04 2.121346015119885742e+00
5.664357331709497521e+04 -4.074804941454509555e-01
5.664357331709589198e+04 2.492431678024640718e+00
5.664357331709758728e+04 7.543283107189250325e-01
5.664357331709772552e+04 -1.308133900686084594e+00
5.664357331709782011e+04 -1.414887636870042487e+00
5.664357331709835853e+04 1.963259924378638832e+00
5.664357331709843129e+04 -5.930215147308372181e+00
5.664358423396936269e+04 -4.923599984563552745e+00
5.664358423397022125e+04 9.745676129147496924e-01
5.664358423397030128e+04 5.022635543776524436e+00
5.664358423397046136e+04 -4.575903556495648949e+00
5.664358423397296428e+04 -2.828967890720066158e+00
5.664358423397298611e+04 -1.840981474455515077e+00
5.664358423397476872e+04 1.477991408740721324e+00
5.664358423397482693e+04 1.038479625604442802e+01
5.664358423397578736e+04 -3.189998851273168512e+00
5.664358423397629667e+04 5.072391655138515087e-01
5.664358423397660954e+04 -1.494739879176506747e+00
5.664358423398141167e+04 1.692669634122186517e+00
5.664358423398261220e+04 1.362095468877433824e+00
5.664358423398450395e+04 3.394462441051815382e+00
5.664358423398508603e+04 -7.039831950185511389e-02
5.664358423398510786e+04 2.494153373632810311e+00
5.664358423398585728e+04 1.104417895682173745e+00
5.664358423398694868e+04 -5.911595901019975896e-01
5.664358423398768355e+04 1.618834717966246783e+00
5.664358423398876766e+04 3.030952238822962830e+00
5.664358423398962623e+04 -2.059128916487422245e+00
5.664358423399124877e+04 -1.556126936085449941e+00
5.664358423399142339e+04 -1.729140127749444034e+00
5.664358423399152525e+04 1.040407063837777812e+01
5.664358423399212188e+04 9.890040305891709682e-01
5.664358423399280582e+04 -3.676438119924642312e+00
5.664358423399335879e+04 1.358875898090174728e+00
5.664358423399430467e+04 2.998489668131106622e+00
5.664358423399514868e+04 1.378529053457320686e+00
5.664358423399596359e+04 6.772910407318105674e-01
5.664358423399739695e+04 -6.502205470729336412e+00
5.664358423399846652e+04 1.729195406449300032e+00
5.664358423399867024e+04 5.903540209977735653e-01
5.664358423399909225e+04 -2.167122273509255681e+00
5.664358423400000902e+04 -1.991897594702607688e-01
5.664358423400031461e+04 -5.523878967200668288e-02
5.664358423400352331e+04 1.096919911308637197e+00
5.664358423400390166e+04 2.757168203213366198e+00
5.664358423400396714e+04 1.363653603402818604e+00
5.664358423400426545e+04 2.743970514662988358e-01
5.664358423400729225e+04 -2.126705469107700974e+00
5.664358423400745232e+04 3.821021136451485667e+00
5.664358423400921311e+04 -7.651885821748061201e-01
5.664358423400966421e+04 -2.853226581839039877e+00
5.664358423400972970e+04 2.439102156561895551e+00
5.664358423401004984e+04 2.230699511672173507e+00
5.664358423401105392e+04 -2.034809966022163241e+00
5.664358423401365872e+04 -4.239494043513340055e-02
5.664358423401405889e+04 1.182892781502104640e+00
5.664358423401480832e+04 9.193700517171414788e-01
5.664358423401488108e+04 -6.602984923152979135e+00
5.664358423401689652e+04 1.750923205024278673e+00
5.664358423401947221e+04 -4.884604470752560990e-01
5.664358423401961045e+04 1.143319607948547922e+00
5.664358423402037442e+04 -2.424472724538965451e+00
5.664358423402123299e+04 3.179473418747049696e-01
5.664358423402148037e+04 2.106823512665064513e+00
5.667241380112610932e+04 1.145747198767454567e+00
5.667241380112688057e+04 2.040469363946883607e+00
5.667241380112694605e+04 -1.436701520239730634e+00
5.667241380112971819e+04 1.533843214284693390e+00
5.667241380112976913e+04 -8.849239032530960003e-01
5.667241380113048945e+04 -3.970202433106441386e+00
5.667241380113150080e+04 5.372569284474665308e-01
5.667241380113258492e+04 3.937123679826929568e+00
5.667241380113334890e+04 -2.049186124370689477e+00
5.667241380113737978e+04 -2.754280735265494329e+00
5.667241380113818013e+04 4.860709180163616527e-01
5.667241380113936611e+04 5.235230517524210647e+00
5.667241380114118510e+04 6.875006956950402426e-01
5.667241380114170897e+04 -2.913322367070852792e+00
5.667241380114181811e+04 -5.474457386162637773e-01
5.667241380114277854e+04 -7.751744167098474358e-01
5.667241380114367348e+04 -7.483934415246528138e-01
5.667241380114445928e+04 -8.788032753660264262e-01
5.667241380114548519e+04 1.030341942151344226e+00
5.667241380114646017e+04 1.711883757126286154e+00
5.667241380114806816e+04 5.555327273282663070e-01
5.667241380114816275e+04 -7.679088612433401240e-01
5.667241380114959611e+04 -7.111359485637005484e-01
5.667241380114965432e+04 -2.456883644387024557e+00
5.667241380115010543e+04 5.833286112084538899e-02
5.667241380115187349e+04 -2.174999030938230327e+00
5.667241380115188076e+04 -1.442865190517004681e+00
5.667241380115270294e+04 1.558506503871830207e+00
5.667241380115300854e+04 -3.588373389602967034e+00
5.667241380115384527e+04 2.758174503457754279e-01
5.667241380115422362e+04 2.626164384414606978e+00
5.667241380115534412e+04 -3.720375791881904703e+00
5.667241380115591892e+04 3.533515186880015424e+00
5.667241380115673383e+04 -6.773390637751842691e-01
5.667241380115675565e+04 -5.721520705936049556e-01
5.667241380115977518e+04 1.866423154916261762e+00
5.667241380116030632e+04 1.771411382779009003e+00
5.667241380116070650e+04 1.772874824045959530e+00
5.667241380116102664e+04 -2.806173532609783083e-01
5.667241380116408254e+04 1.663400808800019393e+00
5.667241380116410437e+04 3.336319888683620949e-01
5.667241380116515211e+04 5.250414981074500442e-01
5.667241380116598884e+04 -1.289040296404422525e+00
5.667241380116641812e+04 -7.406285943317740816e-01
5.667241380116673827e+04 -1.260709795171868652e+00
5.667241380116774235e+04 2.210874186766211391e+00
5.667241380117039080e+04 -3.102708883970332732e+00
5.667241380117076187e+04 -1.930777400632141816e-01
5.667241380117114750e+04 7.914816102370640649e-02
5.667241380117135850e+04 1.678190174074260632e+00
5.667241380117361405e+04 -7.771888005714145953e-01
5.667241380117624794e+04 8.148717367879814155e-01
5.667241380117653171e+04 -1.471436729134703469e+00
5.667241380117717199e+04 1.158367227575392677e+00
5.667241380117717199e+04 4.054697381195511707e-01
5.667241380117805966e+04 -1.482085416471278894e+00
5.667241380117933295e+04 -5.195714867198766296e-01
5.667243364218714851e+04 -1.256371122239270832e+00
5.667243364218797069e+04 2.571423072552634359e+00
5.667243364218803617e+04 3.991511152375439853e-01
5.667243364219070645e+04 -2.218351326352144604e+00
5.667243364219082287e+04 8.801489340581902798e-02
5.667243364219237992e+04 -4.186920867785761224e+00
5.667243364219360228e+04 1.573812377828535336e+00
5.667243364219438081e+04 -2.868515238868063921e+00
5.667243364219866635e+04 -3.348765011812984582e+00
5.667243364219918294e+04 -2.894736662980601061e+00
5.667243364220033254e+04 1.571815210923049877e+00
5.667243364220217336e+04 -2.452596622322680275e+00
5.667243364220275544e+04 -5.203857595711648187e+00
5.667243364220287185e+04 3.293019244137989632e-01
5.667243364220479998e+04 1.216216200010151294e+00
5.667243364220504009e+04 1.474152027549203714e+00
5.667243364220550575e+04 -4.783713108162021554e-01
5.667243364220644435e+04 -6.444125269826334046e-02
5.667243364220693184e+04 -5.485372044604686081e+00
5.667243364220752119e+04 -8.211436894481813908e-01
5.667243364220910735e+04 1.087863792420548315e+00
5.667243364220914373e+04 -2.452734357971334767e+00
5.667243364221062075e+04 -2.269821416558599037e+00
5.667243364221083175e+04 -1.123103273688322412e+00
5.667243364221112279e+04 -2.217722907455160097e+00
5.667243364221296360e+04 -3.056214494071531451e+00
5.667243364221297816e+04 -1.919723223113826593e+00
5.667243364221369120e+04 -5.900577049186507272e-01
5.667243364221475349e+04 -6.037451850036587020e-01
5.667243364221521915e+04 -1.092216054477625153e+00
5.667243364221647062e+04 3.668986805809455021e+00
5.667243364221692173e+04 -1.160713714248951201e+00
5.667243364221741649e+04 1.044993571776938523e+00
5.667243364221779484e+04 -7.108346518322744556e-01
5.667243364222080709e+04 1.241034442202024080e+00
5.667243364222133096e+04 1.115849062817635545e-01
5.667243364222173841e+04 6.036110771866156632e-01
5.667243364222208038e+04 -1.093911924651679524e+00
5.667243364222508535e+04 -1.373739111848703898e+00
5.667243364222518721e+04 5.895620410238905373e-01
5.667243364222577657e+04 6.763941264980776857e+00
5.667243364222704258e+04 -3.757238186566833615e-01
5.667243364222746459e+04 1.452234842457109210e+00
5.667243364222787204e+04 4.568150945657986739e+00
5.667243364222894161e+04 2.821446817058281265e-01
5.667243364223145181e+04 -2.718323122488734089e+00
5.667243364223180834e+04 1.117270353408213124e+00
5.667243364223239041e+04 3.803846331084135834e-01
5.667243364223366370e+04 -3.537996576107729663e+00
5.667243364223463141e+04 -2.595342405196643831e+00
5.667243364223729441e+04 1.018901274835014359e+00
5.667243364223743265e+04 -7.759922221237368634e-01
5.667243364223752724e+04 -5.074713208142283882e+00
5.667243364223818207e+04 -1.150805356023892001e+00
5.667243364223908429e+04 -1.026541975503709514e+00
5.667243364223981916e+04 -2.017291713229222960e+00
5.667245338798711600e+04 1.025667538575157467e+00
5.667245338798789453e+04 9.461854608236609510e-01
5.667245338798796729e+04 2.136109554981150183e+00
5.667245338799067395e+04 -3.874313487922902977e-01
5.667245338799073943e+04 -1.562540252241415573e+00
5.667245338799148158e+04 -2.699728809920439954e+00
5.667245338799250021e+04 3.890103281053834960e-01
5.667245338799354067e+04 1.652011792351950392e+00
5.667245338799433375e+04 -1.450216830763940701e+00
5.667245338799866295e+04 -2.299357104716893030e+00
5.667245338799915044e+04 4.542014405951783768e-02
5.667245338800022728e+04 -4.900271900835644900e-01
5.667245338800216268e+04 4.852100702122797427e-01
5.667245338800243189e+04 2.042354620637865548e+00
5.667245338800273748e+04 -6.652441521277493441e-01
5.667245338800281024e+04 7.936948808074140160e-01
5.667245338800467289e+04 1.501518379241189027e+00
5.667245338800544414e+04 -3.106178992334683864e-01
5.667245338800598256e+04 -6.967425732793496307e-01
5.667245338800713216e+04 -3.034650256579134009e+00
5.667245338800898753e+04 -3.701962257352501506e+00
5.667245338800916215e+04 7.770288673202595531e-01
5.667245338801053003e+04 -4.773907159959653868e+00
5.667245338801069011e+04 -1.639172923761379019e+00
5.667245338801105390e+04 -2.574957529195844419e+00
5.667245338801292382e+04 -9.751751870337523886e-01
5.667245338801292382e+04 -1.053159389606134866e+00
5.667245338801362232e+04 -1.743808974348342922e+00
5.667245338801412436e+04 9.179496528495563190e-01
5.667245338801494654e+04 -2.014882231091620068e-01
5.667245338801515754e+04 7.408646510704992583e-01
5.667245338801635808e+04 -3.848832392921881507e-01
5.667245338801684557e+04 8.302034361788097616e-01
5.667245338801752223e+04 -1.995210967054365181e+00
5.667245338801772596e+04 -1.472857128011469730e+00
5.667245338802080369e+04 -3.969410453126734240e+00
5.667245338802112383e+04 -1.692786525000014253e+00
5.667245338802172046e+04 -1.264549176378120698e+00
5.667245338802216429e+04 -1.009325019421945413e+00
5.667245338802499464e+04 8.998029811393695176e-01
5.667245338802503829e+04 -1.184594524048207115e-01
5.667245338802508195e+04 -1.095857440688927209e+00
5.667245338802689366e+04 -9.154323494300066200e-01
5.667245338802741026e+04 2.592203938543349295e+00
5.667245338802775950e+04 -3.456974472500770612e-01
5.667245338802802871e+04 -1.512663622186356249e-01
5.667245338803140476e+04 -1.382261505109189992e+00
5.667245338803171035e+04 -2.341116831693228928e+00
5.667245338803205232e+04 -2.076750471057632996e+00
5.667245338803227060e+04 -3.776399766972038829e+00
5.667245338803457707e+04 -1.677265439092297639e+00
5.667245338803712366e+04 -2.210939426758957271e+00
5.667245338803719642e+04 -1.362246793664131150e+00
5.667245338803754566e+04 2.143039379804063227e+00
5.667245338803814229e+04 1.118501365768067357e+00
5.667245338803862251e+04 -1.084881631186798145e+00
5.667245338804029598e+04 -1.606107759606337559e+00
5.667247123421923607e+04 -1.766569790288455399e+00
5.667247123421938159e+04 8.536873642743507684e-01
5.667247123422018922e+04 5.882879862738471521e-01
5.667247123422026198e+04 3.337525075609411029e-01
5.667247123422300501e+04 2.875242088049643652e+00
5.667247123422304139e+04 -3.411177369323280528e-01
5.667247123422376899e+04 -2.507182981579967773e+00
5.667247123422468576e+04 -1.377440757406302563e+00
5.667247123422582081e+04 1.441534504252307114e+00
5.667247123422663572e+04 -5.683126893873813312e-01
5.667247123423090670e+04 9.312497514227302542e-01
5.667247123423140874e+04 -2.648310370582246609e+00
5.667247123423249286e+04 1.110908688136013067e+00
5.667247123423442099e+04 3.392782587493581303e-02
5.667247123423505400e+04 -3.016391674654434141e+00
5.667247123423505400e+04 3.337216062113770754e+00
5.667247123423542507e+04 -7.958261555299473988e-01
5.667247123423693847e+04 4.917180796111922381e-01
5.667247123423772427e+04 -5.982701929696633281e-01
5.667247123423844459e+04 6.512590031429253967e-01
5.667247123423952144e+04 7.120253579197055593e-02
5.667247123424131132e+04 -5.432361928542814855e-01
5.667247123424143501e+04 1.187291713792791192e+00
5.667247123424292658e+04 -3.094557546979507245e-01
5.667247123424299207e+04 -2.632462162508976355e+00
5.667247123424336314e+04 -6.300699108526948145e-01
5.667247123424516758e+04 -2.161311550853265651e+00
5.667247123424538586e+04 3.831058621885256255e+00
5.667247123424594611e+04 1.589462590906885797e+00
5.667247123424683377e+04 -1.541922947333504101e+00
5.667247123424743040e+04 -1.346347826436455342e-01
5.667247123424863821e+04 -2.527361254107803656e+00
5.667247123424871097e+04 -5.676807379277971854e+00
5.667247123424911842e+04 -1.021006724123433518e+00
5.667247123424970050e+04 -2.794516761628648371e+00
5.667247123425002792e+04 -2.826317371225511299e-01
5.667247123425300379e+04 1.350430089431783054e-01
5.667247123425352038e+04 -2.497963301598179253e+00
5.667247123425392783e+04 -1.404832934532400657e+00
5.667247123425393511e+04 -1.647084115080962974e+00
5.667247123425730388e+04 -1.523285592374986841e+00
5.667247123425744212e+04 1.446312209564998730e+00
5.667247123425905738e+04 -2.199593452701083862e+00
5.667247123425967584e+04 1.855231241749315807e-01
5.667247123426001053e+04 -5.869586528239395529e-01
5.667247123426027974e+04 -5.568548051149625477e-01
5.667247123426087637e+04 -1.955267628944668212e+00
5.667247123426369944e+04 -7.884314728928266680e-01
5.667247123426401231e+04 -1.191291028250191841e+00
5.667247123426425242e+04 -4.360692497232964149e-01
5.667247123426463804e+04 2.634617909850808903e+00
5.667247123426687176e+04 -1.730767130116412034e+00
5.667247123426916369e+04 -4.471053185717117628e-01
5.667247123426949111e+04 -1.122715892176497032e+00
5.667247123426989128e+04 -1.381082143617597291e+00
5.667247123427042243e+04 5.191360821714129381e-01
5.667247123427146289e+04 -2.570645573411208251e-01
5.667552537176319311e+04 4.184784256765459176e+00
5.667552537176347687e+04 6.903189401909530787e-01
5.667552537176376063e+04 1.429718336079480290e+00
5.667552537176377518e+04 2.024168178715422428e+00
5.667552537176734768e+04 8.039078079405586053e-01
5.667552537176758051e+04 1.126811819254518676e+00
5.667552537176857732e+04 2.101816650644292572e+00
5.667552537176906480e+04 4.345805838520394815e+00
5.667552537177206250e+04 4.266125765773873368e+00
5.667552537177230988e+04 1.976425559500620599e+00
5.667552537177351041e+04 1.196342496390825128e+00
5.667552537177396152e+04 3.339827703139481407e+00
5.667552537177471095e+04 2.165200874459400460e+00
5.667552537177634804e+04 1.179822827030348131e+00
5.667552537177690829e+04 5.622813296540837058e+00
5.667552537177807972e+04 4.880091028128523689e+00
5.667552537177993509e+04 1.916923759281956574e+00
5.667552537178109196e+04 -4.623104946603792675e-02
5.667552537178211787e+04 4.593988260439388682e+00
5.667552537178254715e+04 8.000426013001968872e-01
5.667552537178334751e+04 7.408185816788273925e+00
5.667552537178385683e+04 2.251512207731673487e-01
5.667552537178403145e+04 3.403082799783975876e+00
5.667552537178518105e+04 1.322086535134173957e+00
5.667552537178545754e+04 1.836115975912077980e+00
5.667552537178565399e+04 4.564943255529410493e+00
5.667552537178815692e+04 1.176784034281912250e+00
5.667552537178852072e+04 -2.717355700775252902e+00
5.667552537178883358e+04 -1.576353587322906424e+00
5.667552537178941566e+04 7.591006797377016779e-01
5.667552537179088540e+04 3.989414847627354543e+00
5.667552537179196952e+04 6.583114847436762673e+00
5.667552537179232604e+04 4.037915012909754964e+00
5.667552537179276260e+04 2.573156648817399805e+00
5.667552537179303181e+04 3.210295934058139178e+00
5.667552537179367209e+04 6.996356227311871123e+00
5.667552537179712817e+04 -4.616248220947968051e+00
5.667552537179807405e+04 9.113443463251873211e-02
5.667552537180104264e+04 1.706670291611144474e+00
5.667552537180302897e+04 7.239350469406469202e-01
5.667552537180325453e+04 6.291519870757536381e+00
5.667552537180387299e+04 -6.479034051782909254e-01
5.667552537180470972e+04 -2.951024228717298747e+00
5.667552537180500076e+04 5.958199601014094071e+00
5.667552537180521176e+04 4.654316474549978544e+00
5.667552537180604850e+04 -1.429768423242551600e+00
5.667552537180846412e+04 3.551467135774877715e+00
5.667552537180951185e+04 2.508558629598526046e+00
5.667552537181013031e+04 -6.214925945488259940e-01
5.667552537181020307e+04 4.000201270612595117e+00
5.667552537181125081e+04 1.881706475616656382e+00
5.667552537181129446e+04 5.540553412816310308e-01
5.667552537181266234e+04 8.867730175622109412e-01
5.667552537181309890e+04 6.789924923891216935e+00
5.667552537181340449e+04 2.183591315989014403e-01
5.667552537181371008e+04 3.553188831383056634e+00
5.667552537181485241e+04 -8.227474702326401101e-02
5.667552537181549997e+04 -1.191253322163482231e+00
5.667652554661528120e+04 1.602082619717065892e+00
5.667652554661604518e+04 6.884390198024737950e-01
5.667652554661613249e+04 1.806663100358999019e+00
5.667652554661885370e+04 1.113491231549837090e+00
5.667652554661888280e+04 -3.175708777761548252e+00
5.667652554661954491e+04 -1.140100624410277952e+01
5.667652554662156763e+04 -1.054195761192355896e+01
5.667652554662166949e+04 -1.591481955417109795e+00
5.667652554662249167e+04 -2.320284314837547157e+00
5.667652554662730836e+04 -6.152805455793143308e-01
5.667652554662760667e+04 -5.781589773999722404e+00
5.667652554662837792e+04 -2.191243229004490978e+00
5.667652554662847251e+04 2.339803362387873342e+00
5.667652554663034971e+04 1.386001212412493633e+00
5.667652554663088085e+04 -3.453926179565319998e+00
5.667652554663096817e+04 7.016951842716247223e-02
5.667652554663281626e+04 -1.093214637931911870e+00
5.667652554663293267e+04 -4.972410946825254752e-01
5.667652554663360206e+04 -1.301281552180408418e+00
5.667652554663509363e+04 1.271250200127327590e+00
5.667652554663716728e+04 -2.777497800545704276e+00
5.667652554663735646e+04 3.256356627880288901e+00
5.667652554663872434e+04 -2.263210105426395558e+00
5.667652554663891351e+04 1.714268305546044369e+00
5.667652554663924093e+04 -9.466466908075882314e-01
5.667652554664055060e+04 -2.842156970824717965e-01
5.667652554664124182e+04 -1.929381935478424959e+00
5.667652554664180207e+04 -7.169380627642748527e-01
5.667652554664295167e+04 -3.024054111828885505e-01
5.667652554664328636e+04 -2.330469036073760658e-01
5.667652554664331547e+04 -3.097259717374847732e+00
5.667652554664451600e+04 -9.251341041833849310e-01
5.667652554664496711e+04 -4.882108012176238354e-01
5.667652554664591298e+04 7.004134127573624635e-01
5.667652554664608761e+04 -1.682172271577966782e+00
5.667652554664904892e+04 4.916053977209277726e+00
5.667652554664940544e+04 -2.189289104489207549e+00
5.667652554665016214e+04 -3.495728948931918989e+00
5.667652554665031494e+04 -2.179923080380710587e+00
5.667652554665319622e+04 -2.893205245607241016e-01
5.667652554665329080e+04 1.554770424404292362e+00
5.667652554665437492e+04 -3.386125806515210002e+00
5.667652554665553907e+04 1.019899858289197603e+00
5.667652554665586649e+04 8.003406258561026609e-01
5.667652554665626667e+04 6.799941028443532431e-01
5.667652554665804200e+04 1.722704614026123959e+00
5.667652554665954813e+04 -3.023777748817745525e+00
5.667652554665989010e+04 -2.395032621380493165e-01
5.667652554666049400e+04 1.329830893195636410e+00
5.667652554666053766e+04 -1.518964136400587694e+00
5.667652554666272044e+04 -3.248570935899706136e+00
5.667652554666503420e+04 5.987472870943609804e-01
5.667652554666539800e+04 1.168688792748072913e+00
5.667652554666567448e+04 -2.078127827547095574e+00
5.667652554666616925e+04 -3.764124077291026715e+00
5.667652554666628566e+04 -1.016048240773305134e+00
5.667652554666849755e+04 -2.176281694169411196e+00
5.670352893528137065e+04 -3.233442567836184001e+00
5.670352893528138520e+04 7.146040443556019639e+00
5.670352893528273853e+04 -2.555567964499379396e+00
5.670352893528310233e+04 -2.205056564104881822e+00
5.670352893528353161e+04 4.784235625189404040e+00
5.670352893528380082e+04 3.253381366684263032e+00
5.670352893528671120e+04 8.913699448446643636e-01
5.670352893528730783e+04 -1.269926202991493502e+00
5.670352893529119319e+04 6.286736289461827276e-01
5.670352893529212452e+04 -8.475856618230767081e-01
5.670352893529270659e+04 8.371190429869953320e+00
5.670352893529592257e+04 2.468115999786258730e+00
5.670352893529617722e+04 -7.365707290066256796e-01
5.670352893529830908e+04 6.403335392092610157e+00
5.670352893530057190e+04 9.621855945097346208e+00
5.670352893530346046e+04 -4.394597128393488816e+00
5.670352893530560686e+04 -3.649903518502612965e+00
5.670352893530685833e+04 2.695569206584977007e+00
5.670352893530738220e+04 -3.216406389793089016e+00
5.670352893530738947e+04 1.960852822743595070e+00
5.670352893530872825e+04 -5.089740338680495135e+00
5.670352893530896108e+04 -3.494537706819043965e+00
5.670352893530930305e+04 1.074360089318305356e+01
5.670352893531168957e+04 -1.340291902498446985e+00
5.670352893531214067e+04 8.500062078577655944e-01
5.670352893531448353e+04 4.428963736438245924e+00
5.670352893531544396e+04 -2.921063992728956116e-01
5.670352893531595328e+04 5.751871599385525613e+00
5.670352893531629525e+04 -1.901779882721230663e+00
5.670352893532181042e+04 3.862508664385818413e+00
5.670352893532465532e+04 2.532980881825027453e+00
5.670352893532680173e+04 6.449980357461397584e-02
5.670352893532748567e+04 -9.370966164931648912e-01
5.670352893532841699e+04 -8.557717368356689391e+00
5.670352893533369934e+04 1.085752111444208273e-01
5.670352893533371389e+04 -1.192122778457135324e+00
5.670646067857507296e+04 -1.019973706770493260e+00
5.670646067857589514e+04 1.320516519969028968e+00
5.670646067857595335e+04 -2.120636492134959639e+00
5.670646067857620801e+04 -2.567511195720615813e+00
5.670646067857866001e+04 -1.043819190944026198e+00
5.670646067857879098e+04 -4.670683791540050644e-01
5.670646067858044989e+04 2.639378398238382939e+00
5.670646067858151946e+04 -1.622472476381105366e+00
5.670646067858234892e+04 -6.096419924688253333e-01
5.670646067858236347e+04 -1.068181183800018363e+00
5.670646067858718743e+04 -2.086418683635869464e-01
5.670646067858821334e+04 8.689501958510352786e-01
5.670646067859013419e+04 -1.221610087924522636e+00
5.670646067859076720e+04 6.922095331915391059e-01
5.670646067859079631e+04 -1.808846025968465554e+00
5.670646067859177128e+04 3.219813638629946517e+00
5.670646067859264440e+04 -1.695945836460926115e+00
5.670646067859317554e+04 -2.214744374079025135e+00
5.670646067859349569e+04 -1.802570445476586292e+00
5.670646067859541654e+04 -3.179823630297952342e+00
5.670646067859704635e+04 -2.553815107157405784e+00
5.670646067859712639e+04 -9.586555176845455994e-01
5.670646067859863251e+04 -2.081743388345782098e+00
5.670646067859873438e+04 1.972953070695404376e+00
5.670646067859910545e+04 -4.910343820201117926e-01
5.670646067860100447e+04 -1.793118336587582906e+00
5.670646067860165931e+04 8.199851727539034796e-01
5.670646067860259791e+04 -6.884095665438528799e-01
5.670646067860309995e+04 -1.009591882253063400e+00
5.670646067860326002e+04 -2.396891160948261046e+00
5.670646067860438052e+04 1.064448732161841216e+00
5.670646067860483163e+04 8.852030023924180036e-01
5.670646067860574112e+04 -1.998619924382015300e+00
5.670646067860611947e+04 -3.366920292040755491e+00
5.670646067860837502e+04 -4.239647795835978172e+00
5.670646067860866606e+04 -1.730396965580954349e+00
5.670646067860929179e+04 2.848900145277956319e+00
5.670646067860929907e+04 -1.699898019595570409e-01
5.670646067860990297e+04 -1.735915000005226805e+00
5.670646067861304618e+04 -9.077966294183966722e-01
5.670646067861311167e+04 -1.396879592552841554e-01
5.670646067861491611e+04 -1.661882088852741912e+00
5.670646067861535994e+04 9.777183158989011247e-01
5.670646067861573829e+04 1.008932657275518618e+00
5.670646067861693882e+04 -9.217854062349999378e-01
5.670646067861944903e+04 -1.354705766916216580e+00
5.670646067861973279e+04 1.230222193797120500e+00
5.670646067862011841e+04 -1.749223707056592136e+00
5.670646067862030031e+04 3.146434971808576453e+00
5.670646067862258496e+04 -2.059877854121676233e+00
5.670646067862490600e+04 -1.878127057242325648e+00
5.670646067862523341e+04 -1.007620540781677398e+00
5.670646067862561904e+04 1.762157268905765184e+00
5.670646067862615746e+04 -6.643931131836062522e-03
5.670646067862663040e+04 -2.216595196857837458e+00
5.670942124548905849e+04 -2.220112792203067453e+00
5.670942124548958964e+04 -1.697681476851138127e+00
5.670942124548972788e+04 -1.205566488725331731e-01
5.670942124548975698e+04 3.840548436911094488e+00
5.670942124549346045e+04 4.013535803144897329e+00
5.670942124549355503e+04 -2.362695013996074511e+00
5.670942124549454456e+04 1.891046674313151099e+00
5.670942124549504661e+04 4.355653937450137292e+00
5.670942124549807340e+04 7.712730676965502408e-01
5.670942124549828441e+04 1.492330529322629662e-01
5.670942124549941218e+04 -2.235048501604194549e+00
5.670942124549999426e+04 -4.583232704243012448e-03
5.670942124550060544e+04 -1.086901351364472967e+00
5.670942124550238077e+04 1.011966113722782001e+00
5.670942124550286098e+04 8.975336151238298976e-01
5.670942124550409062e+04 3.294271637385608020e+00
5.670942124550584413e+04 -5.195693486419417972e+00
5.670942124550714652e+04 -1.348857338151963292e+00
5.670942124550802691e+04 3.124460799548932410e+00
5.670942124550862354e+04 2.844383966485146686e+00
5.670942124550927838e+04 5.509258862767850040e+00
5.670942124550979497e+04 3.843182631191639054e+00
5.670942124550983135e+04 1.886785477682858536e+00
5.670942124551119923e+04 2.216507403609064397e+00
5.670942124551141751e+04 2.866800443303898938e+00
5.670942124551170127e+04 8.006879639192053588e+00
5.670942124551405141e+04 -2.725017246263530257e+00
5.670942124551445158e+04 -1.646452424029174466e+00
5.670942124551493180e+04 1.354290851501005477e+00
5.670942124551541929e+04 -1.774107544899095501e+00
5.670942124551684537e+04 1.898579092599022244e+00
5.670942124551783490e+04 6.319448506030395096e-01
5.670942124551824963e+04 -1.985247685810589857e+00
5.670942124551874440e+04 3.724067120538385733e+00
5.670942124551902816e+04 9.119355988864152884e-01
5.670942124551963934e+04 6.055254314952246419e-01
5.670942124552320456e+04 -2.970040356744382493e+00
5.670942124552420137e+04 4.513740028194976439e+00
5.670942124552701716e+04 6.778624724737091212e-01
5.670942124552901078e+04 1.110137197302293544e+00
5.670942124552917085e+04 -1.578316320334695932e+00
5.670942124552978203e+04 -4.590758517522588456e+00
5.670942124553078611e+04 -3.403416966762214724e+00
5.670942124553090980e+04 6.179818992205450279e-01
5.670942124553123722e+04 2.963034619324186547e+00
5.670942124553210306e+04 -2.252239632252062584e+00
5.670942124553448230e+04 3.149838592813786864e+00
5.670942124553556641e+04 3.088944951586048426e-01
5.670942124553611211e+04 2.503832575183368547e+00
5.670942124553613394e+04 5.724892629216744133e+00
5.670942124553716712e+04 -6.256504894498978731e-01
5.670942124553734175e+04 4.927274096328313924e+00
5.670942124553864414e+04 4.962435351990508031e-02
5.670942124553897884e+04 2.568327292666506168e+00
5.670942124553934991e+04 9.066957681937119762e-02
5.670942124553967005e+04 3.444937220059109517e+00
5.670942124554092152e+04 -7.008369366599517258e-01
5.670942124554159091e+04 2.248703111482387662e+00
5.673347958682390890e+04 -6.596142075029040042e-01
5.673347958682466560e+04 -1.190903646763429524e+00
5.673347958682477474e+04 -1.680020152100768271e+00
5.673347958682478929e+04 3.274666860737652119e+00
5.673347958682752505e+04 2.446514056230934653e+00
5.673347958682761964e+04 -2.549985226166778807e-01
5.673347958682937315e+04 9.408137705459653777e-01
5.673347958683033357e+04 -2.532448864683294332e+00
5.673347958683119214e+04 -5.019241067466406747e-01
5.673347958683517936e+04 1.337938879162357299e-02
5.673347958683601610e+04 -3.799591898608049578e-01
5.673347958683691832e+04 -3.462336662679339927e+00
5.673347958683902834e+04 2.362435051203834124e+00
5.673347958683958859e+04 -1.410686699629908336e+00
5.673347958683965408e+04 5.312740362202489353e-01
5.673347958684121113e+04 4.695255124030593308e+00
5.673347958684155310e+04 3.853991607467330827e+00
5.673347958684196783e+04 5.214974768803924299e+00
5.673347958684237528e+04 3.718563030925266411e+00
5.673347958684460173e+04 -1.259891989784539534e+00
5.673347958684588957e+04 -8.833485517902326389e-01
5.673347958684665355e+04 -1.217366108261669133e+00
5.673347958684754849e+04 2.647203504802327245e+00
5.673347958684754849e+04 8.872717088453248024e+00
5.673347958684793412e+04 -2.925228783976884794e-01
5.673347958684983314e+04 -7.031903233467846626e-01
5.673347958685060439e+04 4.831259268227302422e-02
5.673347958685176854e+04 1.339653166666635586e+00
5.673347958685194317e+04 2.138527336981578195e-02
5.673347958685328922e+04 7.913138649693562066e+00
5.673347958685363847e+04 -8.864829295110125684e-02
5.673347958685444610e+04 2.162253502836864794e+00
5.673347958685479534e+04 -1.731593544044800037e+00
5.673347958685753838e+04 -3.944989092721669088e-01
5.673347958685788763e+04 -3.411727420275907807e+00
5.673347958685806952e+04 -5.018069422738990149e+00
5.673347958685814228e+04 1.145187647718934443e+00
5.673347958685855701e+04 -7.284045555290695750e-01
5.673347958685878257e+04 -1.915315682397249697e+00
5.673347958686185302e+04 -2.618834941825400442e+00
5.673347958686191851e+04 -1.204651386195013441e+00
5.673347958686387574e+04 1.690896287698246958e+00
5.673347958686420316e+04 -3.064686128242168350e-01
5.673347958686453785e+04 -1.614699020725152590e+00
5.673347958686472703e+04 -3.862269335511225865e+00
5.673347958686825586e+04 -2.870452146487744827e+00
5.673347958686856873e+04 2.095546406496637371e+00
5.673347958686885977e+04 7.685581249442168250e-01
5.673347958686926722e+04 1.218509587757300849e+01
5.673347958687141363e+04 -2.252983233558098597e+00
5.673347958687378559e+04 -4.685721911007521001e+00
5.673347958687408391e+04 9.370776910761423606e-01
5.673347958687437495e+04 -3.396189117411782199e+00
5.673347958687500068e+04 1.227605216484108919e+00
5.673347958687601204e+04 6.640598100037058416e-01
5.676227792223359575e+04 -2.260059402530320671e+00
5.676227792223362485e+04 -1.267321106346577464e+00
5.676227792223438883e+04 3.419468869526321592e-02
5.676227792223453434e+04 -8.786827567007083895e-01
5.676227792223477445e+04 -2.554150837850212241e+00
5.676227792223716096e+04 -7.583585265569208644e+00
5.676227792223728466e+04 -1.965064077016107857e+00
5.676227792224004224e+04 -2.023007742711105283e+00
5.676227792224075529e+04 -5.329300337888695616e+00
5.676227792224087898e+04 -3.145088421463163808e+00
5.676227792224146833e+04 -1.001654865518571302e+00
5.676227792224563018e+04 -2.322298698767852887e+00
5.676227792224673613e+04 -5.331374981096613119e+00
5.676227792224870791e+04 -2.489656120365897785e+00
5.676227792224923905e+04 5.797828099874239305e-01
5.676227792224935547e+04 -4.216251152975911826e-02
5.676227792225120356e+04 -8.720284031748976039e-01
5.676227792225203302e+04 1.043693691625130038e+00
5.676227792225298617e+04 -1.861900076170936780e+00
5.676227792225336452e+04 -1.848100685870969428e+00
5.676227792225556186e+04 -3.099644265883920280e+00
5.676227792225567100e+04 3.710651839642409744e+00
5.676227792225584562e+04 1.612343925589538207e+00
5.676227792225710436e+04 -3.497751941375056628e+00
5.676227792225732264e+04 3.590761565963279445e+00
5.676227792225774465e+04 1.167509431291025912e+00
5.676227792225944722e+04 -6.039362040635115392e+00
5.676227792225994926e+04 -6.227354875811634827e-01
5.676227792226005113e+04 -3.280990464298837672e+00
5.676227792226192832e+04 3.624214111631197888e+00
5.676227792226250313e+04 -3.628359770215421776e+00
5.676227792226261226e+04 -2.652537133382543377e+00
5.676227792226299789e+04 -9.949230356903900896e-01
5.676227792226331076e+04 -2.274711032156361945e+00
5.676227792226430029e+04 -6.583582614292839141e-02
5.676227792226462043e+04 -4.025468862253784863e+00
5.676227792226725433e+04 -4.160459298130928518e-01
5.676227792226781457e+04 -2.988078390470584100e+00
5.676227792226821475e+04 -2.500881575731560780e+00
5.676227792226854945e+04 -2.282372577612987730e+00
5.676227792227159080e+04 -2.530788320160355931e-01
5.676227792227161990e+04 -2.654129701820156839e+00
5.676227792227351893e+04 -2.941635651438566423e+00
5.676227792227395548e+04 -6.246982205745461592e-01
5.676227792227426107e+04 -6.778211385664980604e-01
5.676227792227441387e+04 -4.761373216079744175e+00
5.676227792227552709e+04 -3.443974779051977464e+00
5.676227792227794271e+04 -3.761343538995145064e+00
5.676227792227833561e+04 3.685824097257894283e-01
5.676227792227880855e+04 -5.096707869694797388e+00
5.676227792228073668e+04 -2.422355039040168023e+00
5.676227792228112958e+04 -2.285359719493267772e+00
5.676227792228225007e+04 -8.296144318661393680e-01
5.676227792228381441e+04 -1.354895153459221513e+00
5.676227792228425824e+04 -2.662815656163679545e+00
5.676227792228469480e+04 4.174355226093296456e-01
5.676335095369900955e+04 2.276603188855630844e+00
5.676335095369924238e+04 -2.169581026142809677e+00
5.676335095369964256e+04 1.648881578572601869e+00
5.676335095369964256e+04 3.361917057894329375e+00
5.676335095370317140e+04 -1.875825321466414231e+00
5.676335095370343333e+04 1.269023876528567740e+00
5.676335095370440831e+04 9.188912491606440192e-01
5.676335095370484487e+04 -9.894533799588227652e-01
5.676335095370787894e+04 7.789001792553708059e-01
5.676335095370813360e+04 -3.630547428598689813e-02
5.676335095370933414e+04 -1.300862340663365424e-01
5.676335095370992349e+04 1.249448197462979859e+00
5.676335095371050556e+04 1.639679115546606614e+00
5.676335095371214265e+04 -3.236670747168381546e+00
5.676335095371275384e+04 5.308646890599309387e+00
5.676335095371390344e+04 2.707715769156705754e+00
5.676335095371579519e+04 3.468274804092807528e+00
5.676335095371693023e+04 -1.755599317143634375e+00
5.676335095371794887e+04 3.903683014936419227e+00
5.676335095371842181e+04 2.735796624526955600e+00
5.676335095371912757e+04 2.507138230797778977e+00
5.676335095371968782e+04 -5.966054845506846283e-01
5.676335095371970965e+04 6.029753270672794763e+00
5.676335095372098294e+04 -2.680244552022204019e+00
5.676335095372123760e+04 -3.179966702311289417e+00
5.676335095372144860e+04 4.593448658896319703e-01
5.676335095372400247e+04 1.895695252490575688e+00
5.676335095372440992e+04 1.113701107231996446e+00
5.676335095372470823e+04 3.595812138706791505e-01
5.676335095372529759e+04 -1.135117436893217535e+00
5.676335095372678188e+04 4.623721943732800987e+00
5.676335095372775686e+04 2.078005600446169776e+00
5.676335095372813521e+04 1.005518363688793215e+00
5.676335095372863725e+04 5.442827237826802111e+00
5.676335095372884098e+04 3.532821172445392399e+00
5.676335095372940850e+04 -2.783649590252565531e+00
5.676335095373302465e+04 -7.203265309581736719e-01
5.676335095373405784e+04 2.885713269613681131e+00
5.676335095373685181e+04 -1.228011523435328156e+00
5.676335095373880904e+04 -8.788344371299726676e-01
5.676335095373899821e+04 -2.943491810520743712e+00
5.676335095373969671e+04 -2.561154866800856578e+00
5.676335095374057710e+04 -1.607602362660086603e+00
5.676335095374077355e+04 3.495695539088151116e-01
5.676335095374106459e+04 4.677834836699505061e+00
5.676335095374195225e+04 2.666257338910499985e+00
5.676335095374428784e+04 1.402248682693492565e+00
5.676335095374532830e+04 -1.139301157221219052e+00
5.676335095374599769e+04 -1.790168232522652558e-01
5.676335095374600496e+04 2.841818640081828384e+00
5.676335095374708180e+04 9.924765194564425519e-01
5.676335095374715456e+04 2.209121329491011476e+00
5.676335095374851517e+04 1.185590507353687206e+00
5.676335095374891534e+04 4.497831560858941202e+00
5.676335095374922821e+04 -1.035500129000964442e+00
5.676335095374949742e+04 -1.594483042125365291e+00
5.676335095375069795e+04 -8.024083690805927649e-01
5.676335095375135279e+04 -9.321639585949319518e-01
5.679024231222789240e+04 -1.180708537071143382e+01
5.679024231222805247e+04 -2.069080317207323994e+00
5.679024231222865637e+04 -1.431906508857809079e+01
5.679024231222889648e+04 1.257458526641333507e-01
5.679024231222923117e+04 5.783246229842179176e+00
5.679024231223169772e+04 3.248677865595319236e+00
5.679024231223174138e+04 9.408000861709149731e+00
5.679024231223325478e+04 -8.309985859717944123e+00
5.679024231223444076e+04 -2.336614597772842750e+00
5.679024231223486277e+04 -7.216950185866184420e+00
5.679024231223517563e+04 -8.354310913152266593e+00
5.679024231224005052e+04 4.705670490838645970e-01
5.679024231224134564e+04 4.389051560195833979e+00
5.679024231224312098e+04 -4.591580795614477739e-02
5.679024231224369578e+04 -2.845349824575739817e+00
5.679024231224373943e+04 1.581706352256343484e+00
5.679024231224556570e+04 -2.917101489049438445e+00
5.679024231224572577e+04 6.490690955270916440e+00
5.679024231224634423e+04 1.915964946119478762e+00
5.679024231224740652e+04 2.134250123811088695e+00
5.679024231224776304e+04 1.022671788258506798e+00
5.679024231224990217e+04 -1.875510079972101618e+00
5.679024231224998948e+04 -7.963356882909553569e+00
5.679024231225154654e+04 4.418742200960055655e+00
5.679024231225199765e+04 2.652630378582769310e+01
5.679024231225201220e+04 2.177068693588194215e+00
5.679024231225383119e+04 2.674664549805732872e+00
5.679024231225454423e+04 -2.611319740546710122e+00
5.679024231225553376e+04 5.454703665398424661e+00
5.679024231225605035e+04 -1.973199088784042488e+00
5.679024231225679978e+04 -9.051313554716985621e+00
5.679024231225722178e+04 -7.383352066403267244e+00
5.679024231225794938e+04 3.656969370613080361e+00
5.679024231225866242e+04 -6.029196628500815142e-02
5.679024231225866970e+04 1.163793240503276571e+01
5.679024231225890981e+04 -5.209143201440569193e+00
5.679024231226171105e+04 4.220204871895040455e+00
5.679024231226207485e+04 -7.599881114574465357e+00
5.679024231226261327e+04 7.364675296885397238e+00
5.679024231226278789e+04 -1.013125573346802710e+01
5.679024231226584379e+04 -9.856946580684056158e+00
5.679024231226624397e+04 1.681294480495564159e+01
5.679024231226796110e+04 7.907887478243442736e+00
5.679024231226831034e+04 -6.197542824701111286e+00
5.679024231226850679e+04 -4.283835113744242307e+00
5.679024231226975826e+04 1.999751262894824411e+00
5.679024231227221753e+04 -8.441334017671117351e+00
5.679024231227261771e+04 -5.784749085667783675e+00
5.679024231227281416e+04 -3.334767626654104866e+00
5.679024231227325799e+04 -1.277349983276849121e+00
5.679024231227549171e+04 -2.572073689156717524e+00
5.679024231227819837e+04 5.920861359809370228e+00
5.679024231227835844e+04 -2.903112712232430503e+00
5.679024231227902055e+04 -2.257554335442135240e+00
5.679024231228014833e+04 4.890039156761619488e+00
5.679025816990454769e+04 -3.946486076264324794e+00
5.679025816990486055e+04 1.395814877433910528e+00
5.679025816990539897e+04 -1.644131407179781457e+00
5.679025816990550811e+04 -1.688069079102247905e+00
5.679025816990821477e+04 -1.404479986989823459e+00
5.679025816990822932e+04 -1.911966984476744624e+00
5.679025816991081956e+04 -2.024902379576135303e+01
5.679025816991101601e+04 -2.988982280693771365e+00
5.679025816991151078e+04 -1.627973293896382234e+00
5.679025816991184547e+04 -2.013237120153839932e+00
5.679025816991663305e+04 -4.909655142099842440e-01
5.679025816991784814e+04 3.708835450811544643e+00
5.679025816991969623e+04 3.696929033966684375e-01
5.679025816992023465e+04 -1.302598649371800255e+00
5.679025816992033651e+04 1.485515218623585598e+00
5.679025816992217733e+04 -1.234720800016657405e+00
5.679025816992295586e+04 3.739206161341023904e+00
5.679025816992346518e+04 9.518670563693495401e-01
5.679025816992350883e+04 -1.326685170931177327e+00
5.679025816992407636e+04 -1.043578153589062252e+00
5.679025816992649925e+04 -1.047538053488030751e+00
5.679025816992670298e+04 -1.168556037791720792e+00
5.679025816992811451e+04 -1.507256606324135273e+00
5.679025816992835462e+04 6.388818226130970501e+00
5.679025816992858745e+04 3.789384088129554851e-01
5.679025816993037006e+04 -1.712078124359253994e+00
5.679025816993117041e+04 1.133299339566431030e+00
5.679025816993266199e+04 -8.008793321725070635e-01
5.679025816993272747e+04 -3.191058585947567638e-01
5.679025816993351327e+04 -3.108675451092942632e-01
5.679025816993386252e+04 1.824189961721876418e+00
5.679025816993435001e+04 -1.438543734598992874e+00
5.679025816993509216e+04 9.859188412806442869e+00
5.679025816993524495e+04 -6.418290918826381475e-01
5.679025816993559420e+04 2.140370751698418950e+00
5.679025816993581248e+04 -1.382637606484413340e+01
5.679025816993830813e+04 4.293153114816493421e+00
5.679025816993877379e+04 1.178950098619103271e+00
5.679025816993911576e+04 -5.889299943192453091e-01
5.679025816993950866e+04 3.252817651819339684e-01
5.679025816994254274e+04 -9.432635589745438365e-01
5.679025816994263732e+04 1.402408971613497091e+00
5.679025816994445631e+04 -7.744168706737487584e-01
5.679025816994493653e+04 -5.831623140316175569e-01
5.679025816994529305e+04 6.979686050211467707e-01
5.679025816994647175e+04 -1.771838178921511409e+00
5.679025816994888737e+04 -1.844769204886859360e+00
5.679025816994930210e+04 1.154949661840138475e+00
5.679025816994943307e+04 -9.505893737876353056e-01
5.679025816994984780e+04 -1.896824671602211021e+00
5.679025816995211062e+04 -4.913098533316336836e-01
5.679025816995470086e+04 -1.793712321624291173e+00
5.679025816995500645e+04 1.662996210399739772e+00
5.679025816995564674e+04 8.481693298846254558e-01
5.679025816995605419e+04 -1.503400008161661860e+00
5.679025816995656351e+04 -1.448305748697753970e+00
5.679215707790992019e+04 3.781700881130843683e+00
5.679215707791014574e+04 8.043037979628180345e-01
5.679215707791033492e+04 -2.105516732581463657e+00
5.679215707791048044e+04 3.263220857184924828e+00
5.679215707791419845e+04 -1.135315431899452054e+00
5.679215707791526802e+04 2.099931394037872323e+00
5.679215707791555906e+04 -3.603710425444965448e+00
5.679215707791571913e+04 2.897894266070728975e+00
5.679215707791862224e+04 9.564242134295920517e-01
5.679215707791897876e+04 2.518819935524671205e+00
5.679215707792031026e+04 6.655994222798923055e+00
5.679215707792047033e+04 -2.078133163932275540e+00
5.679215707792135800e+04 2.318999943231379479e+00
5.679215707792242756e+04 7.281408760973140382e+00
5.679215707792349713e+04 1.693682830749878576e-01
5.679215707792469766e+04 3.873613601177176236e+00
5.679215707792660396e+04 1.577801375402467343e+00
5.679215707792764442e+04 -2.389157475562321498e+00
5.679215707792879402e+04 4.375961337273809093e+00
5.679215707792913599e+04 1.213588010389854560e-01
5.679215707793000911e+04 3.107648442023613011e+00
5.679215707793059846e+04 3.392666541491069498e+00
5.679215707793061301e+04 8.110164158959516811e+00
5.679215707793189358e+04 6.352717541405993984e+00
5.679215707793219917e+04 3.588010125202915734e+00
5.679215707793243928e+04 7.472430888708283092e+00
5.679215707793486217e+04 -7.502323836806077395e-01
5.679215707793530601e+04 4.639415199247955535e+00
5.679215707793540787e+04 -2.019802116724824792e+00
5.679215707793604815e+04 2.411609949999052649e+00
5.679215707793756883e+04 4.491323551504482481e+00
5.679215707793868205e+04 5.270037866637124147e+00
5.679215707793896581e+04 1.674879182273544709e+00
5.679215707793947513e+04 3.723783040869372396e+00
5.679215707793960610e+04 -1.505514421584990492e+00
5.679215707794023911e+04 3.726227848633084871e+00
5.679215707794378250e+04 1.936490829946866166e+00
5.679215707794496120e+04 3.957081404265051283e+00
5.679215707794773334e+04 2.681976419840316428e+00
5.679215707794959599e+04 6.067243192602352231e+00
5.679215707794990885e+04 6.260150577028526619e+00
5.679215707795051276e+04 -4.418853087213877040e-01
5.679215707795129128e+04 -9.442846956862677166e-01
5.679215707795163325e+04 1.451566653405705676e+00
5.679215707795180060e+04 3.137554294738885474e+00
5.679215707795268827e+04 2.480434731938776505e+00
5.679215707795508206e+04 1.887439722067873582e+00
5.679215707795605704e+04 1.173357860068871217e+00
5.679215707795690105e+04 4.005598786505487396e+00
5.679215707795690832e+04 3.221340611514286412e+00
5.679215707795799244e+04 3.696399472220184279e+00
5.679215707795807248e+04 3.108560940695984876e+00
5.679215707795933122e+04 8.668960418006831370e-01
5.679215707795970229e+04 3.866924813739131661e+00
5.679215707796016795e+04 3.410081492568500572e+00
5.679215707796036440e+04 -8.371521864630204757e-01
5.679215707796144125e+04 2.060736993516100846e+00
5.679215707796213974e+04 3.099315435279691666e+00
5.679216995146178670e+04 7.241846928329890298e-01
5.679216995146207046e+04 2.214295024815772006e+00
5.679216995146223780e+04 -2.431485362091115210e+00
5.679216995146234694e+04 -1.346573359075296517e-01
5.679216995146609406e+04 -2.016565328981327010e+00
5.679216995146647969e+04 -3.840951471783550009e+00
5.679216995146713452e+04 -1.368562144426889615e+00
5.679216995146765839e+04 4.295337064373825342e-01
5.679216995147049602e+04 -1.411793921150003239e+00
5.679216995147086709e+04 8.498082128888230224e-01
5.679216995147224225e+04 9.340901047559736270e+00
5.679216995147235866e+04 -3.830767642260761718e+00
5.679216995147320267e+04 -3.261962455685743834e+00
5.679216995147481794e+04 -2.654513811183594196e+00
5.679216995147539274e+04 -1.020521377219504755e+00
5.679216995147647685e+04 -6.971613897997848142e+00
5.679216995147844864e+04 -3.070733724477610060e+00
5.679216995147950365e+04 -6.606287306883650956e+00
5.679216995148067508e+04 1.833309612144556677e+00
5.679216995148099522e+04 -4.163407842252365931e+00
5.679216995148186106e+04 -1.950280048063768978e+00
5.679216995148245041e+04 2.059884754190027145e+00
5.679216995148245769e+04 -6.713528993887172280e-01
5.679216995148371643e+04 -4.980986703306952146e-01
5.679216995148406568e+04 2.064880403888210147e-01
5.679216995148416026e+04 -4.807795466029482157e+00
5.679216995148679416e+04 1.270186021076758376e+00
5.679216995148716524e+04 6.339936683949042306e-01
5.679216995148728893e+04 -3.984050202263103913e+00
5.679216995148793649e+04 -6.070228770777515770e+00
5.679216995148941351e+04 -7.559225876658715038e-01
5.679216995149052673e+04 -2.364353717891252982e-01
5.679216995149085415e+04 -7.098042383646789577e-02
5.679216995149132708e+04 4.245560111905105849e+00
5.679216995149149443e+04 -2.908489738834335814e+00
5.679216995149200375e+04 -8.113933108636443237e+00
5.679216995149565628e+04 -1.129332539660794499e+00
5.679216995149677678e+04 -6.454989073966066471e-02
5.679216995149955619e+04 -3.855077984249227097e+00
5.679216995150138973e+04 -2.300868924771361623e+00
5.679216995150175353e+04 1.321578634982968792e+00
5.679216995150239381e+04 -2.671911545304943125e+00
5.679216995150315051e+04 -4.925309799770466235e+00
5.679216995150354342e+04 1.894317896022833736e+00
5.679216995150360890e+04 -5.110417903091277303e+00
5.679216995150451112e+04 -4.650337794177137773e+00
5.679216995150689763e+04 -5.828933131281522684e+00
5.679216995150793082e+04 -1.968366460428417009e+00
5.679216995150873845e+04 -2.882474918193704827e+00
5.679216995150875300e+04 -4.657738352858342146e-01
5.679216995150984440e+04 -7.334888938903967315e-01
5.679216995150996809e+04 2.561001477926764469e+00
5.679216995151119772e+04 -2.618917754483061522e+00
5.679216995151160518e+04 -6.684432338107776372e-01
5.679216995151204901e+04 1.480138192024591959e+00
5.679216995151226729e+04 -1.220212242342178621e+00
5.679216995151329320e+04 -2.649469243051426837e+00
5.679216995151394804e+04 -5.185208360313581899e+00
5.682815631368922186e+04 1.033389343433368301e+00
5.682815631368936738e+04 -4.162611417735867514e-01
5.682815631369015318e+04 -4.606636715108607949e-01
5.682815631369036419e+04 8.436498789240124418e-01
5.682815631369291077e+04 1.250399574663883517e-01
5.682815631369296170e+04 -1.225389209835987314e+00
5.682815631369505718e+04 1.981259360374346135e-01
5.682815631369576295e+04 -1.294902670019874025e+00
5.682815631369577750e+04 5.441600361516767820e-02
5.682815631369644689e+04 -1.173325134641913348e+00
5.682815631369654875e+04 -7.210787407396853643e-01
5.682815631370129995e+04 4.049962718490733304e-01
5.682815631370260235e+04 -2.743417727839202458e-01
5.682815631370442134e+04 2.719694606761194899e-01
5.682815631370501069e+04 -1.101521819299027927e+00
5.682815631370503979e+04 1.756931922808684821e+00
5.682815631370753545e+04 4.647132840219058147e-01
5.682815631370758638e+04 -9.523110694083394279e-01
5.682815631370798656e+04 1.358161394499311836e+00
5.682815631370915798e+04 4.740010601520995515e+00
5.682815631370934716e+04 -1.258428548558681692e+00
5.682815631371118070e+04 1.666491252506280496e+00
5.682815631371144991e+04 -2.603546284909545427e+00
5.682815631371267955e+04 2.262447578830775630e+00
5.682815631371292693e+04 -8.664251757036400825e-02
5.682815631371318887e+04 3.013623372718819748e+00
5.682815631371324707e+04 -4.574699261575206344e-01
5.682815631371593918e+04 2.119521017910271254e+00
5.682815631371673953e+04 5.544652760810021563e-01
5.682815631371744530e+04 -1.041133345838970214e+00
5.682815631371820928e+04 2.462042858983643223e-01
5.682815631371863856e+04 1.486436325793441648e+00
5.682815631371916970e+04 1.000857904915113394e+00
5.682815631371948257e+04 4.120148531675676296e+00
5.682815631371995551e+04 9.434910072475689580e-01
5.682815631372018106e+04 2.994210054361473583e-02
5.682815631372308417e+04 2.919343321209974196e+00
5.682815631372338248e+04 -2.595307971423975069e+00
5.682815631372372445e+04 1.266989003563393057e+00
5.682815631372427015e+04 3.393179778039903560e+00
5.682815631372726057e+04 8.013478178288273579e-01
5.682815631372734060e+04 -2.184554441681045400e+00
5.682815631372910866e+04 5.012132309172222522e-01
5.682815631372968346e+04 5.123086673986884665e-02
5.682815631372990174e+04 -3.014454767257219281e+00
5.682815631373093493e+04 2.682902863326304566e+00
5.682815631373215729e+04 5.186360187964900170e+00
5.682815631373357610e+04 1.307896491215879697e+00
5.682815631373396172e+04 2.241683929795043717e+00
5.682815631373463111e+04 -1.148955425020688065e-01
5.682815631373679935e+04 -1.272494801678244691e+00
5.682815631373938959e+04 -7.322955876275620835e-01
5.682815631373943324e+04 1.536305239086971586e+00
5.682815631373960787e+04 1.883364639801965890e+00
5.682815631374005170e+04 2.573997007625208333e+00
5.682815631374021905e+04 -7.149495043742454259e-01
5.682815631374127406e+04 2.894602555319139459e+00
5.682915285555864830e+04 -1.362932199805315658e+00
5.682915285555885202e+04 2.715850780967280276e+00
5.682915285555896116e+04 -4.116781592799290679e-01
5.682915285555918672e+04 1.743725412534386301e-02
5.682915285556284653e+04 -2.182166621088540648e+00
5.682915285556395975e+04 -2.021265558017645958e+00
5.682915285556441813e+04 -1.332845569050793211e+00
5.682915285556716844e+04 -3.933122446221326562e+00
5.682915285556719755e+04 -3.008267875414500914e-01
5.682915285556766321e+04 1.927899568886325410e+00
5.682915285556794697e+04 -2.317250858513423051e+00
5.682915285556903109e+04 1.911993833900171302e-01
5.682915285557004972e+04 -1.195497301901035314e+00
5.682915285557151219e+04 -4.268482925278243911e+00
5.682915285557219613e+04 2.339315951438580399e+00
5.682915285557331663e+04 2.930434313104040900e+00
5.682915285557528114e+04 -1.622905504219857853e-01
5.682915285557622701e+04 -6.333378603666801610e-01
5.682915285557751486e+04 4.061269814050054272e+00
5.682915285557776224e+04 2.731371866875836218e+00
5.682915285557875177e+04 1.039194729809396422e+00
5.682915285557925381e+04 -3.637292098330293655e+00
5.682915285557938478e+04 5.905924545527675013e-02
5.682915285558049800e+04 1.101029427580421771e+00
5.682915285558095638e+04 1.449130454138539026e+00
5.682915285558108735e+04 2.235187801050396494e+00
5.682915285558365576e+04 -5.446274941505564460e-01
5.682915285558397591e+04 -1.964311867296066660e+00
5.682915285558402684e+04 1.931687299224519982e+00
5.682915285558465985e+04 1.508787206965102490e+00
5.682915285558624601e+04 1.247270252546895497e+00
5.682915285558741016e+04 -3.228042319810195959e-01
5.682915285558762844e+04 -1.047732776321242731e+00
5.682915285558818869e+04 -1.626609882211901725e+00
5.682915285558825417e+04 -9.316388414555808462e-01
5.682915285558878531e+04 -8.479730433716888838e-01
5.682915285559228505e+04 -4.216031468572291274e+00
5.682915285559366748e+04 2.331490844898992165e+00
5.682915285559640324e+04 -4.920958287079685994e-02
5.682915285559818585e+04 -2.287422482100141430e+00
5.682915285559851327e+04 5.007430368009223587e-01
5.682915285559916811e+04 -9.436046259330589381e-01
5.682915285559980839e+04 -2.123052202378582276e+00
5.682915285560033226e+04 -3.203106291358664759e+00
5.682915285560038319e+04 3.233073967125782211e+00
5.682915285560121265e+04 -2.204875786161625051e+00
5.682915285560372286e+04 1.889316370304989556e+00
5.682915285560458142e+04 -4.401722215968014162e-01
5.682915285560560733e+04 -1.440184681748400974e+00
5.682915285560562916e+04 -5.183113767781459824e-01
5.682915285560671327e+04 -3.553230310256499269e+00
5.682915285560674965e+04 1.901712578684535027e+00
5.682915285560804477e+04 1.814112706135745601e+00
5.682915285560844495e+04 1.760103114904308486e+00
5.682915285560892517e+04 9.052554199640135968e-01
5.682915285560915072e+04 1.886957647321659159e+00
5.682915285560994380e+04 -1.800948779505345598e+00
5.682915285561068595e+04 -7.874554427409901081e-01
5.685004279237754963e+04 1.613798758427379409e+00
5.685004279237755691e+04 -1.116121798065585979e+00
5.685004279237837181e+04 -6.316280454168076153e-01
5.685004279237856827e+04 -9.627961956699748747e-01
5.685004279238102754e+04 -6.635999328626164262e-01
5.685004279238115851e+04 7.175184586675988907e-01
5.685004279238286108e+04 9.871704248368270429e-01
5.685004279238452000e+04 -3.970986696565454444e-01
5.685004279238470190e+04 1.659302281640458177e-01
5.685004279238658637e+04 -1.295858211092252965e+00
5.685004279238941672e+04 6.243230753912591968e-01
5.685004279239071184e+04 -8.442402360836317454e-01
5.685004279239259631e+04 -1.082953332172020833e+00
5.685004279239316384e+04 4.249076815619216019e-01
5.685004279239325115e+04 2.882361299566116752e+00
5.685004279239438620e+04 1.224385645746010276e+00
5.685004279239457537e+04 -4.007917067363117591e-01
5.685004279239508469e+04 1.340591490827047538e+00
5.685004279239571042e+04 2.054363447630825679e+00
5.685004279239682364e+04 -6.707621865930721849e-01
5.685004279239697644e+04 3.280813314190969443e+00
5.685004279239959578e+04 -7.656103976533632505e-01
5.685004279240082542e+04 -2.928241751409069171e-01
5.685004279240094183e+04 5.905597327990048939e-02
5.685004279240140022e+04 1.502775217127272800e+00
5.685004279240289907e+04 1.806990222632775200e+00
5.685004279240385222e+04 5.453402893612927516e-01
5.685004279240404139e+04 -1.474923162831689671e+00
5.685004279240454343e+04 2.550926286493665707e+00
5.685004279240505275e+04 2.689230094707010466e+00
5.685004279240560572e+04 1.935720511550237111e-01
5.685004279240617325e+04 3.080992430179854136e-01
5.685004279240677715e+04 4.585668307038473501e-01
5.685004279240721371e+04 -1.292939937036213793e+00
5.685004279240810138e+04 1.820763787499036335e+00
5.685004279240832693e+04 3.830060038667258304e+00
5.685004279241157201e+04 2.923131051570249550e+00
5.685004279241180484e+04 6.569785651649393543e+00
5.685004279241182667e+04 2.308330766808599055e+00
5.685004279241245240e+04 2.092610915568824836e+00
5.685004279241538461e+04 -2.642784619555806347e-01
5.685004279241554468e+04 1.225978214183671700e+00
5.685004279241720360e+04 -7.831114335115563208e-01
5.685004279241784388e+04 1.669366484184701793e+00
5.685004279241799668e+04 6.167820486269811608e-01
5.685004279241815675e+04 5.643038747726945165e-02
5.685004279241904442e+04 1.866096032865118381e+00
5.685004279242165649e+04 -1.419760035542313670e+00
5.685004279242218763e+04 5.495498351235438284e-01
5.685004279242295161e+04 4.983234540138892221e+00
5.685004279242374469e+04 9.463059795742384539e-01
5.685004279242497432e+04 1.063949440488191733e+00
5.685004279242755729e+04 2.439635882374275422e+00
5.685004279242768825e+04 2.578859906024220106e-01
5.685004279242853227e+04 -1.625562920078379880e+00
5.685004279242899793e+04 3.063810799723024836e+00
5.685004279243024212e+04 -7.462585390162662646e-01
5.685105198323496734e+04 2.919053905155438500e+00
5.685105198323499644e+04 4.377089047986189030e+00
5.685105198323512013e+04 -4.626750564438168567e+00
5.685105198323546938e+04 1.775848021255362674e+00
5.685105198323910008e+04 4.018946158893876852e-02
5.685105198323912191e+04 3.808183292097377382e-01
5.685105198324022058e+04 -1.502673623861927155e+00
5.685105198324070807e+04 2.244588259088518001e+00
5.685105198324338562e+04 -8.351205856622638812e-01
5.685105198324386583e+04 -8.441508791277095858e-01
5.685105198324537196e+04 5.291300807506551962e+00
5.685105198324616504e+04 6.208054800483395752e-01
5.685105198324630328e+04 -1.616632656174195271e+00
5.685105198324772937e+04 -2.960872327775464719e+00
5.685105198324839148e+04 -9.206113810915685924e-01
5.685105198324954836e+04 4.384845286701505529e+00
5.685105198325149104e+04 -3.238908951557125881e+00
5.685105198325240053e+04 -1.501408177589839132e+00
5.685105198325373203e+04 1.279285182392350118e+00
5.685105198325394304e+04 9.505532314247884251e-01
5.685105198325502715e+04 8.192739412931907550e-01
5.685105198325558740e+04 1.534543773276424217e+00
5.685105198325559468e+04 -1.055348546961552419e-01
5.685105198325670790e+04 -8.157859439812430447e-01
5.685105198325720994e+04 -1.306133461698353093e+00
5.685105198325738456e+04 -1.179537183621286012e+00
5.685105198325991660e+04 -2.547940853084810442e+00
5.685105198326012760e+04 -4.907791547056284287e+00
5.685105198326025129e+04 -1.162001713850921103e+00
5.685105198326082609e+04 -2.577390456464495383e+00
5.685105198326246318e+04 -1.693230893786716873e+00
5.685105198326375830e+04 4.558521331187077585e+00
5.685105198326386017e+04 -1.879613051861419804e+00
5.685105198326443497e+04 -4.006173990910513183e+00
5.685105198326448590e+04 4.499200309003678733e+00
5.685105198326500977e+04 1.688153455447455542e+00
5.685105198326848040e+04 -4.009669032995328841e+00
5.685105198326986283e+04 2.595964738647773759e-02
5.685105198327264952e+04 -1.000512541837731001e-01
5.685105198327431572e+04 -4.988254991309402087e+00
5.685105198327475955e+04 1.436011133614374158e+00
5.685105198327538528e+04 -1.900652172194641221e+00
5.685105198327596008e+04 -3.963062732879101269e+00
5.685105198327653488e+04 -3.239253290678782538e+00
5.685105198327662947e+04 2.370573335224644751e+00
5.685105198327740800e+04 -1.936351530632394180e+00
5.685105198327986727e+04 -7.527030168937448584e-01
5.685105198328077677e+04 1.764329877635947730e+00
5.685105198328189726e+04 -8.654654707582561946e-01
5.685105198328190454e+04 3.024209196865600968e-01
5.685105198328302504e+04 1.610625502206461057e+00
5.685105198328309780e+04 -1.837514861804631361e-01
5.685105198328426923e+04 4.430834508833013663e-01
5.685105198328467668e+04 1.365785902186763545e-01
5.685105198328520055e+04 -5.603610595801189476e-02
5.685105198328539700e+04 1.281594986941712588e-01
5.685105198328612460e+04 -1.455731593102084442e+00
5.685105198328686674e+04 -1.276115698767934736e+00
5.688593561710010545e+04 1.481569931861650424e-01
5.688593561710019276e+04 -1.806638983526086983e+00
5.688593561710031645e+04 -1.720493943764597633e+00
5.688593561710069480e+04 8.416473757329653305e-01
5.688593561710374343e+04 -1.624053164265450322e+00
5.688593561710431823e+04 1.900739820703114979e+00
5.688593561710547510e+04 9.927805486641513855e-02
5.688593561710586800e+04 6.436609892560495316e-01
5.688593561710856011e+04 1.631113679964670826e+00
5.688593561710909853e+04 1.380796355473355552e+00
5.688593561710992071e+04 -6.207953078725985119e-01
5.688593561711053917e+04 -3.304298950799508638e+00
5.688593561711155780e+04 5.280835630706035566e-01
5.688593561711288930e+04 -3.572840423304721291e+00
5.688593561711358052e+04 -2.044043590955122447e+00
5.688593561711466464e+04 -1.171471039710583861e+00
5.688593561711676011e+04 1.631260024091376604e+00
5.688593561711751681e+04 -2.922736770087181579e+00
5.688593561711893562e+04 -6.857376662178245041e-01
5.688593561711906659e+04 -1.234149368330890173e+00
5.688593561712028168e+04 9.509836553383093083e-01
5.688593561712080555e+04 -2.917339254355148626e+00
5.688593561712083465e+04 3.846970361764054935e+00
5.688593561712191877e+04 9.120905515467224722e-01
5.688593561712249357e+04 8.900528477604315869e-01
5.688593561712262454e+04 4.190741323874109803e+00
5.688593561712520750e+04 -7.979550535328146232e-02
5.688593561712532392e+04 -2.642579728269695005e-01
5.688593561712552037e+04 8.862479004660798187e-01
5.688593561712602241e+04 1.736897390573130251e-01
5.688593561712770315e+04 -6.096876387647748308e-02
5.688593561712899100e+04 2.167086131307740082e+00
5.688593561712907103e+04 -1.814799820709447786e+00
5.688593561712967494e+04 2.471028397953945743e-01
5.688593561712967494e+04 7.038428592443150000e-01
5.688593561713014060e+04 -9.993100873582277943e-01
5.688593561713367671e+04 6.320137184658731755e-01
5.688593561713515373e+04 1.870575713645629357e+00
5.688593561713787494e+04 4.977903288424950778e-01
5.688593561713959934e+04 3.560775633229947834e-01
5.688593561713995587e+04 1.712136675291455967e+00
5.688593561714026146e+04 9.750357429863159009e-01
5.688593561714113457e+04 9.718161721987874646e-01
5.688593561714172392e+04 -1.169181184551539632e+00
5.688593561714184762e+04 1.574495719885594447e+00
5.688593561714257521e+04 3.006045308234406299e-01
5.688593561714507814e+04 -2.743775120082024621e+00
5.688593561714587850e+04 -1.810225986435137768e-01
5.688593561714711541e+04 -3.666268235489336558e+00
5.688593561714721000e+04 4.307696106546199388e+00
5.688593561714827956e+04 9.829383258284312141e-01
5.688593561714830139e+04 -8.210198986403094423e-01
5.688593561714948737e+04 8.203413925802035545e-01
5.688593561714988755e+04 -1.094924452965389206e+00
5.688593561715045507e+04 -5.035478369470977045e-01
5.688593561715065152e+04 8.950371565464716461e-01
5.688593561715126998e+04 2.131940447898477697e-01
5.688593561715201940e+04 -1.429639296175765351e+00
5.689395498885891720e+04 3.314828683158637102e+00
5.689395498885902634e+04 1.945237043705115632e+00
5.689395498885946290e+04 -7.081283176057777684e-01
5.689395498885986308e+04 5.830486953673218453e-01
5.689395498886154382e+04 -7.480113963722497816e-01
5.689395498886425776e+04 -2.983189880038263769e-02
5.689395498886467976e+04 2.577624449114958249e+00
5.689395498886486894e+04 3.670574038225431046e+00
5.689395498886731366e+04 -5.113901604443378268e-01
5.689395498886789574e+04 2.786664121397764315e+00
5.689395498886871792e+04 3.059848296002375401e-01
5.689395498886938003e+04 -2.698597827327597898e+00
5.689395498887034046e+04 6.266420281696992722e-01
5.689395498887181020e+04 2.666902974883808231e+00
5.689395498887212307e+04 1.306246935637409123e+00
5.689395498887236317e+04 -1.751269252767878593e+00
5.689395498887309805e+04 2.378441484189719901e+00
5.689395498887346912e+04 1.030818680698218026e+00
5.689395498887435679e+04 1.024215978040353914e+00
5.689395498887548456e+04 -3.524469385199176852e+00
5.689395498887787835e+04 1.958674877927965463e+00
5.689395498888128350e+04 7.227298600694100905e-01
5.689395498888142902e+04 2.223643832046680924e+00
5.689395498888473230e+04 -5.634786126215368007e+00
5.689395498888560542e+04 1.464452410993668963e+01
5.689395498888644215e+04 4.107500073658245099e-01
5.689395498888646398e+04 -3.277541068621274145e-01
5.689395498888647853e+04 -9.941536090141090964e-01
5.689395498888774455e+04 -1.251943092446177186e+00
5.689395498888790462e+04 2.506070779633646772e+00
5.689395498888842121e+04 -2.832941735643928816e+00
5.689395498888842849e+04 3.071475617402237734e+00
5.689395498888888687e+04 -3.265216460500046214e+00
5.689395498889138980e+04 -3.822012820227093766e+00
5.689395498889299051e+04 -1.042782901470789669e+00
5.689395498889667215e+04 1.714908605225571980e+00
5.689395498889840383e+04 -2.005150487169085505e+00
5.689395498889869486e+04 -2.080732924373839499e+00
5.689395498889937880e+04 3.745685741572162830e-01
5.689395498890051385e+04 -1.854345165365576349e-03
5.689395498890244926e+04 6.036510926207220962e+00
5.689395498890360614e+04 -5.552067260714174779e+00
5.689395498890468298e+04 2.693072748130100891e+00
5.689395498890700401e+04 -4.513979502162460022e+00
5.689395498890821182e+04 -4.398384859020611160e+00
5.689395498890874296e+04 4.600048629326987992e+00
5.689395498890920862e+04 -3.782439646670117117e+00
5.689395498891002353e+04 -1.144922493433705668e+00
5.689395498891076568e+04 -3.282571152231798628e+00
5.692182735472793865e+04 -7.663044122179023532e-01
5.692182735472800414e+04 2.221379802343125043e+00
5.692182735472809873e+04 1.664411273049889006e+00
5.692182735472845525e+04 -2.158785994797284502e+00
5.692182735473149660e+04 -4.484707944430093018e-01
5.692182735473202774e+04 -1.454698575772650937e+00
5.692182735473322100e+04 2.173137891397850296e+00
5.692182735473360663e+04 -1.060929573192570308e+00
5.692182735473627690e+04 -6.363594361795499310e-01
5.692182735473683715e+04 1.576435359898728794e-01
5.692182735473688081e+04 -1.055643967675011563e+00
5.692182735473808862e+04 -5.886512508728556359e-01
5.692182735473928915e+04 1.945150958943413277e+00
5.692182735474066430e+04 -6.282846837765042602e-01
5.692182735474137735e+04 2.150506202626413899e+00
5.692182735474243964e+04 1.408946078686580172e+00
5.692182735474451329e+04 1.614275496935456022e+00
5.692182735474524816e+04 -3.642104237671909939e+00
5.692182735474672518e+04 2.168463487821246982e+00
5.692182735474682704e+04 4.284059958331520868e-01
5.692182735474804940e+04 1.631113679984877551e+00
5.692182735474860237e+04 -2.869843548601372918e-01
5.692182735474861693e+04 2.072306788096278662e+00
5.692182735474965739e+04 -7.066191015210425419e-02
5.692182735475023219e+04 -1.128721337770379085e+00
5.692182735475041409e+04 3.794914895093996599e+00
5.692182735475294612e+04 -2.153638124928392017e+00
5.692182735475301160e+04 -3.910809271263240294e+00
5.692182735475325171e+04 1.558423691401383149e+00
5.692182735475376103e+04 -3.472781350636894859e-01
5.692182735475550726e+04 3.673087713848897984e+00
5.692182735475675872e+04 1.848030109677782695e+00
5.692182735475682421e+04 -2.018898226620853276e+00
5.692182735475739173e+04 -3.393112618795904201e+00
5.692182735475742084e+04 9.540052311427013043e-01
5.692182735475785012e+04 -3.416269424727879755e+00
5.692182735476141534e+04 1.096002076439331008e+00
5.692182735476298694e+04 2.375557644068656327e+00
5.692182735476563539e+04 8.666205705421504701e-01
5.692182735476730159e+04 9.269401761798274908e-01
5.692182735476773087e+04 3.714356757580455692e+00
5.692182735476835660e+04 1.160694788922154164e+00
5.692182735476882226e+04 -2.451061041266588525e+00
5.692182735476947710e+04 1.516950776631089681e-01
5.692182735476958624e+04 2.184968672661308231e-01
5.692182735477029928e+04 -1.028527261843888096e+00
5.692182735477285314e+04 1.557410623426734309e-01
5.692182735477361712e+04 3.960381183966363294e-01
5.692182735477493407e+04 1.041079986533753665e+00
5.692182735477496317e+04 3.401688226630538381e+00
5.692182735477604001e+04 1.096148420566038562e+00
5.692182735477610549e+04 3.051460905985004857e+00
5.692182735477720416e+04 -2.463741329421904158e+00
5.692182735477770620e+04 6.492823254252054754e-01
5.692182735477826645e+04 3.728199190271391128e+00
5.692182735477839014e+04 -6.740559615238324032e-01
5.692182735477897950e+04 -1.739957712638029008e+00
5.692182735477980168e+04 2.344988938542840629e+00
5.692292639429188421e+04 -2.131354939169063101e-01
5.692292639429267001e+04 -2.046827401564468740e+00
5.692292639429529663e+04 -1.149419391158687409e+00
5.692292639429547853e+04 -1.160214422622891206e+00
5.692292639429715928e+04 2.878212013222560373e+00
5.692292639429802512e+04 -5.731592625739475588e-01
5.692292639429884002e+04 1.704936715494711263e+00
5.692292639429900737e+04 1.012625694430759893e+00
5.692292639430367126e+04 -8.764789863707732609e-01
5.692292639430503186e+04 -5.399735797234647139e-01
5.692292639430693816e+04 -1.439869440283276791e+00
5.692292639430745476e+04 -9.774306083649658694e-01
5.692292639430758572e+04 2.545286841726738247e-01
5.692292639430765121e+04 -8.932655185519513541e-01
5.692292639430938289e+04 -2.434115111893183081e-01
5.692292639430949930e+04 -2.918883444137649885e+00
5.692292639430961572e+04 5.730165462788513464e-01
5.692292639430985582e+04 -1.550660552679052229e+00
5.692292639431406860e+04 -6.162791290844711334e-01
5.692292639431517455e+04 -4.760900641765299923e-01
5.692292639431517455e+04 -1.135378963472789327e+00
5.692292639431532007e+04 -6.443599844562675205e-01
5.692292639431565476e+04 -1.581349776897462478e+00
5.692292639431808493e+04 -1.872428244919090545e+00
5.692292639431841963e+04 -1.113057179910843297e+00
5.692292639431981661e+04 -3.648581085336399354e+00
5.692292639431989664e+04 -2.232279844015299108e+00
5.692292639432095893e+04 -4.003784998003959705e-01
5.692292639432113356e+04 3.107455783471162025e+00
5.692292639432130090e+04 1.628192133753581627e+00
5.692292639432156284e+04 -1.265478892115940335e+00
5.692292639432231954e+04 3.276921390484854313e-01
5.692292639432583383e+04 1.882555442927658751e+00
5.692292639432603028e+04 2.082572229850820911e-02
5.692292639432606666e+04 9.780626550936163399e-01
5.692292639432677242e+04 -3.070607869621374775e+00
5.692292639432968281e+04 -1.444500801469673634e+00
5.692292639432990836e+04 3.870890050115058489e+00
5.692292639433149452e+04 1.632694367769353949e+00
5.692292639433212753e+04 -2.040620688896453316e+00
5.692292639433251315e+04 -2.248007533397356816e+00
5.692292639433304430e+04 -5.680888690074276104e-01
5.692292639433594013e+04 -3.979423005146147108e-01
5.692292639433648583e+04 -1.729441424647619741e+00
5.692292639433722070e+04 2.422263973747638577e+00
5.692292639433732256e+04 -3.016822990531103921e-01
5.692292639433925069e+04 -1.754810609436302737e+00
5.692292639434114244e+04 -2.521137324702186877e+00
5.692292639434181183e+04 -5.460597736988969109e-01
5.692292639434213925e+04 1.474410282017907026e+00
5.692292639434229204e+04 2.720168964856279015e+00
5.692292639434272860e+04 -1.721685185932111173e+00
5.692292639434395096e+04 4.507641953898331444e+00
5.692292639434454031e+04 -9.341816146838177737e-01
5.694581375921181461e+04 3.540970129197569705e+00
5.694581375921263680e+04 2.470359540585739477e+00
5.694581375921281142e+04 1.614754299543353699e+00
5.694581375921525614e+04 1.683802901915811612e+00
5.694581375921544532e+04 5.169582264472250444e+00
5.694581375921740255e+04 2.858059566149683040e+00
5.694581375921844301e+04 1.192913050066036318e+00
5.694581375921876315e+04 5.769247953143087360e-01
5.694581375921892322e+04 2.200345126616014557e-01
5.694581375922364532e+04 2.830822341625751193e+00
5.694581375922491861e+04 2.362873192043269122e-01
5.694581375922686857e+04 9.085405864365913020e-01
5.694581375922739971e+04 1.561209566123993309e+00
5.694581375922748703e+04 5.266943259410020728e-01
5.694581375922806183e+04 3.865105152901616492e+00
5.694581375922936422e+04 3.080330469186320475e+00
5.694581375922957523e+04 2.524963116804228580e+00
5.694581375922985171e+04 3.011118305731069977e+00
5.694581375923105952e+04 -4.135580796853981500e-01
5.694581375923382438e+04 6.500624247565732761e-01
5.694581375923517771e+04 2.051135268433098346e+00
5.694581375923525775e+04 5.077549025728459675e+00
5.694581375923559972e+04 5.130929306351196262e-01
5.694581375923611631e+04 2.071494319001713880e+00
5.694581375923777523e+04 9.114072096244767440e-01
5.694581375923838641e+04 2.435486596038821450e+00
5.694581375923980522e+04 7.460727803556288507e-01
5.694581375923986343e+04 2.424140621979864019e+00
5.694581375923994347e+04 -1.228453828068595044e+00
5.694581375924091844e+04 2.138485495122206093e+00
5.694581375924106396e+04 4.892974648036417129e+00
5.694581375924151507e+04 1.743881470168820558e+00
5.694581375924231543e+04 9.487077449791533335e-01
5.694581375924243184e+04 1.646898356551053100e+00
5.694581375924575696e+04 1.249548227102366127e+00
5.694581375924582971e+04 -5.238489503364430533e+00
5.694581375924601889e+04 3.090092483285605596e+00
5.694581375924656459e+04 2.356099211538284610e+00
5.694581375924962049e+04 4.214901157934133336e-01
5.694581375924977328e+04 9.554223578516776172e-01
5.694581375925067550e+04 9.386376365373584107e+00
5.694581375925143220e+04 1.633296961245170653e+00
5.694581375925207976e+04 1.377840375357788583e+00
5.694581375925244356e+04 2.411503376214651606e+00
5.694581375925320026e+04 2.213904371245520419e+00
5.694581375925589236e+04 9.813597021913130769e-01
5.694581375925640168e+04 3.530812125108365951e+00
5.694581375925640896e+04 -1.324989300828194327e+00
5.694581375925717293e+04 3.986166179602012694e+00
5.694581375925921020e+04 1.824465433117153701e+00
5.694581375926177134e+04 2.653943943302986774e+00
5.694581375926188048e+04 1.106897137473392023e+00
5.694581375926189503e+04 1.514990647518117850e+00
5.694581375926268811e+04 1.216224808602954122e+00
5.694581375926281180e+04 -1.050327200429784336e+00
5.694581375926444889e+04 -7.033624929591545394e-01
5.694875516887513368e+04 2.584143799475547842e-01
5.694875516887521371e+04 3.967440135997371553e-01
5.694875516887532285e+04 -3.962098583472076108e+00
5.694875516887570120e+04 1.048612404829923017e+00
5.694875516887883714e+04 2.233397237709993988e+00
5.694875516887933190e+04 1.330187113096102269e+00
5.694875516888047423e+04 -7.364329934203028838e-01
5.694875516888086713e+04 -8.089766378777639710e-01
5.694875516888351558e+04 -5.306751462064679181e+00
5.694875516888404672e+04 -4.637924369092331744e+00
5.694875516888537823e+04 -2.390207710012545839e+00
5.694875516888558195e+04 1.074041848965124224e+00
5.694875516888652783e+04 -2.292897474229095067e+00
5.694875516888794664e+04 -1.399776485880083632e+00
5.694875516888861603e+04 -3.095643927662008466e-01
5.694875516888967832e+04 -2.243700022220742163e+00
5.694875516889174469e+04 -9.346518088086376297e-01
5.694875516889235587e+04 -1.269048138338728204e+00
5.694875516889393475e+04 1.522078697123782520e+00
5.694875516889410937e+04 -6.127033385268548793e-01
5.694875516889525898e+04 -5.703582350397004008e-01
5.694875516889579012e+04 -2.836720857557822217e+00
5.694875516889584105e+04 -2.614860429032698219e-01
5.694875516889693245e+04 2.262816638521274182e-02
5.694875516889745631e+04 -1.630036056539650113e+00
5.694875516889759456e+04 1.209659812034168835e+00
5.694875516890017025e+04 -2.480476210757880828e+00
5.694875516890034487e+04 -1.711566952072652636e+00
5.694875516890043218e+04 -3.400507301465266696e+00
5.694875516890102881e+04 -2.156547790526505359e+00
5.694875516890265862e+04 -1.297550809134818461e+00
5.694875516890398285e+04 1.644146915755181348e+00
5.694875516890409926e+04 -9.125538456755769579e-01
5.694875516890468862e+04 -4.133568125150565709e-01
5.694875516890469589e+04 1.788115102524681532e+00
5.694875516890513973e+04 -3.693858407692500734e+00
5.694875516890868312e+04 -1.945597036114486533e+00
5.694875516891012376e+04 1.706962980025513943e+00
5.694875516891285952e+04 -2.098130658535484638e+00
5.694875516891459120e+04 -3.888082889269483644e+00
5.694875516891463485e+04 -3.410518961427771778e+00
5.694875516891494044e+04 -1.829778572541366888e+00
5.694875516891561711e+04 -4.508612189085088595e-02
5.694875516891675943e+04 -8.811415093013897915e-01
5.694875516891683947e+04 3.008283512590429476e-01
5.694875516891759617e+04 -1.399337453499956530e+00
5.694875516892009909e+04 -3.037668560485378144e+00
5.694875516892089217e+04 -3.136029030589916999e+00
5.694875516892215092e+04 -5.510235933580275303e-01
5.694875516892215819e+04 -2.533596396318988364e-01
5.694875516892324958e+04 -1.048524756344331843e+00
5.694875516892332962e+04 1.773188001600362274e+00
5.694875516892447922e+04 -1.142778982422976597e+00
5.694875516892486485e+04 -4.168002037317392050e-01
5.694875516892543965e+04 -1.401567049312758551e+00
5.694875516892562882e+04 -1.000455014959442446e+00
5.694875516892627638e+04 -2.977762161793142237e+00
5.694875516892706946e+04 -2.835753975582888109e-01
5.697774556371590006e+04 1.642933120367740196e+00
5.697774556371600193e+04 1.777853796716756918e+00
5.697774556371615472e+04 -1.880430857357584307e+00
5.697774556371638755e+04 -5.739135364766678737e-01
5.697774556372012739e+04 3.477985167580601722e+00
5.697774556372122606e+04 3.066938949563042804e+00
5.697774556372155348e+04 -1.058450331537010403e+00
5.697774556372371444e+04 -1.117673928030280955e-01
5.697774556372440566e+04 3.238157200679026709e-02
5.697774556372483494e+04 -1.076485093034566187e+00
5.697774556372631196e+04 6.125806669109318037e+00
5.697774556372725783e+04 -1.298842080854071046e+00
5.697774556372872030e+04 -4.504010884720612395e+00
5.697774556372936786e+04 -1.627711767484676608e+00
5.697774556373026280e+04 -1.131768739018958803e+00
5.697774556373049563e+04 1.894373778355189913e-02
5.697774556373248197e+04 -1.429949201430573469e+00
5.697774556373342057e+04 -1.851334201576325000e+00
5.697774556373467203e+04 -4.453889593127032809e-01
5.697774556373493397e+04 -6.565807511120029805e-01
5.697774556373595988e+04 3.761094917375300550e-01
5.697774556373650557e+04 -3.483972372158251618e-01
5.697774556373650557e+04 -2.553984004781568729e+00
5.697774556373769883e+04 -4.376041627286595542e-02
5.697774556373817904e+04 1.803291849330254326e+00
5.697774556373831001e+04 2.527462847639979415e+00
5.697774556374090753e+04 3.034114822789687693e+00
5.697774556374116946e+04 -3.565454349258082800e+00
5.697774556374123495e+04 1.788666045137248473e+00
5.697774556374187523e+04 -2.734916996263967004e+00
5.697774556374347594e+04 2.786586645175980870e+00
5.697774556374464737e+04 1.389990210065746190e+00
5.697774556374486565e+04 1.111505945413753027e+00
5.697774556374538952e+04 7.543832338499838475e-01
5.697774556374548411e+04 5.984320456448677383e-01
5.697774556374598615e+04 -1.658332123879333153e+00
5.697774556374952954e+04 -1.225704451411000484e+00
5.697774556375080283e+04 -1.080617162494626582e+00
5.697774556375362590e+04 7.523085906419118007e-01
5.697774556375538668e+04 1.215918175582656469e+00
5.697774556375570683e+04 -1.275220417107391979e+00
5.697774556375639077e+04 -3.766416536709469298e-01
5.697774556375700195e+04 -3.640150113226717554e+00
5.697774556375754764e+04 -3.395213087503590632e+00
5.697774556375758402e+04 2.400461971089412394e+00
5.697774556375840621e+04 -3.619076558980409253e+00
5.697774556376094552e+04 2.965711856269602986e+00
5.697774556376181135e+04 1.377791996680525877e+00
5.697774556376282271e+04 -1.510705333940630446e+00
5.697774556376284454e+04 -5.908119788727069777e-01
5.697774556376371766e+04 1.918708446870831807e-01
5.697774556376395776e+04 1.554963083258660950e+00
5.697774556376527471e+04 3.499790442460462447e+00
5.697774556376555847e+04 -9.248037099381791748e-01
5.697774556376611872e+04 -8.335796681293021759e-01
5.697774556376635155e+04 9.777818475125455988e-01
5.697774556376715191e+04 -1.575630475331830871e+00
5.697774556376790861e+04 7.325004826677468106e-01
5.697870911256899853e+04 2.462172877996040565e+00
5.697870911256978434e+04 1.412927640157959630e-01
5.697870911257001717e+04 7.526840915001987709e-01
5.697870911257245461e+04 -1.404574680339637949e+00
5.697870911257259286e+04 3.998674298242001157e+00
5.697870911257422995e+04 2.577999950048399658e+00
5.697870911257567786e+04 -2.534093084203630664e+00
5.697870911257584521e+04 2.082143006362934479e+00
5.697870911257611442e+04 -4.694787530495975747e-01
5.697870911257650005e+04 -2.820436889307875727e+00
5.697870911258086562e+04 1.165486439038420308e+00
5.697870911258213891e+04 4.038479900707263148e+00
5.697870911258405249e+04 4.149296838539297205e+00
5.697870911258462002e+04 3.187574888665983597e+00
5.697870911258462002e+04 1.899651880354910949e+00
5.697870911258528213e+04 2.587770572625837318e+00
5.697870911258649721e+04 7.877033801742230334e-01
5.697870911258705019e+04 -3.206182790360733836e+00
5.697870911258805427e+04 -5.039729245630722998e-01
5.697870911258825072e+04 -5.388725862583430143e-02
5.697870911259099375e+04 1.142940835046957648e+00
5.697870911259234708e+04 -1.178163099362373512e+00
5.697870911259236163e+04 2.819579669335307681e+00
5.697870911259284185e+04 1.937270929397557628e+00
5.697870911259364220e+04 2.745469281873489820e+00
5.697870911259464629e+04 2.025877993881759043e+00
5.697870911259556306e+04 4.045916734021543504e-01
5.697870911259666173e+04 1.275666349495361285e+00
5.697870911259701825e+04 -9.894996945983824954e-01
5.697870911259735294e+04 8.648439519067527836e-01
5.697870911259823333e+04 4.030715053513564072e+00
5.697870911259865534e+04 -5.750961701443870755e-01
5.697870911259888089e+04 -3.907456128793355687e-01
5.697870911259949935e+04 -5.995872901732953730e-01
5.697870911259976128e+04 1.442679431984236649e+00
5.697870911260299181e+04 1.142226331369488701e+00
5.697870911260321736e+04 6.328369493737044493e+00
5.697870911260328285e+04 4.861311774140416597e-01
5.697870911260382854e+04 1.756682277036770712e+00
5.697870911260683351e+04 1.671974853105502534e+00
5.697870911260694993e+04 1.369421283848556659e+00
5.697870911260867433e+04 8.298332717107703704e-01
5.697870911260922730e+04 1.698600875688776268e+00
5.697870911260959110e+04 2.837881293652165127e+00
5.697870911261049332e+04 3.970248212034160340e-01
5.697870911261062429e+04 5.997709243673635449e+00
5.697870911261310539e+04 -1.597370154563690914e+00
5.697870911261362198e+04 -7.022692162558324958e-01
5.697870911261362198e+04 3.022335152653718104e+00
5.697870911261421134e+04 1.955271256982952011e+00
5.697870911261447327e+04 1.587095259613398479e+00
5.697870911261635774e+04 -2.375877866273470307e+00
5.697870911261895526e+04 -1.750946294543155035e-01
5.697870911261928995e+04 -1.021721227908823248e+00
5.697870911261986475e+04 -1.745659797311660766e+00
5.697870911262145819e+04 1.454764843441085920e-01
5.697870911262167647e+04 1.175610009215571905e+00
5.701156400238859351e+04 -7.906696772759972403e-01
5.701156400238948117e+04 -5.380711060927262368e-01
5.701156400238973583e+04 -6.385750872318288751e-01
5.701156400239223149e+04 2.518119376818225508e+00
5.701156400239224604e+04 4.310627433855638846e-01
5.701156400239400682e+04 2.728329802123214520e+00
5.701156400239529466e+04 9.920772573757411505e-01
5.701156400239552022e+04 -1.372740528556645190e+00
5.701156400239567301e+04 6.306917166528410945e+00
5.701156400239591312e+04 4.924679672775751804e+00
5.701156400240065705e+04 2.215910146679524129e+00
5.701156400240183575e+04 4.526408436167564275e+00
5.701156400240256335e+04 2.422797699460342624e+00
5.701156400240377843e+04 6.295244070303604111e+00
5.701156400240428047e+04 -7.987960805475443626e-01
5.701156400240433140e+04 1.919046781404838642e+00
5.701156400240623771e+04 2.805186294081236653e+00
5.701156400240663061e+04 3.029729835325977838e+00
5.701156400240692892e+04 2.049258620266514619e+00
5.701156400240793300e+04 2.454614634303179610e+00
5.701156400241072697e+04 1.645736212052772540e+00
5.701156400241210213e+04 1.977300352314329546e+00
5.701156400241222582e+04 -1.136420589350594090e+00
5.701156400241258234e+04 8.570963216788564099e-01
5.701156400241376832e+04 4.770157491923769477e+00
5.701156400241522351e+04 3.620495249428937967e+00
5.701156400241547817e+04 5.060942379987046769e-01
5.701156400241615484e+04 -8.734841277528410108e-02
5.701156400241672964e+04 6.599863674294034865e+00
5.701156400241679512e+04 -2.427261871732473431e+00
5.701156400241721713e+04 1.157661332511556118e+00
5.701156400241793017e+04 3.582953676688241718e+00
5.701156400241835945e+04 9.597179884162647667e-01
5.701156400241873052e+04 -2.058164767208262358e+00
5.701156400241929805e+04 4.553327147004564424e+00
5.701156400242265954e+04 1.220998298876168242e+01
5.701156400242274685e+04 -6.764360653739065476e-02
5.701156400242313248e+04 1.331793626342971049e+00
5.701156400242380187e+04 -8.248022927121035908e-01
5.701156400242655218e+04 1.070569360161722994e+00
5.701156400242671225e+04 5.559623796189707257e+00
5.701156400242845848e+04 3.579165054635977117e-01
5.701156400242894597e+04 4.167038911830692527e+00
5.701156400242925156e+04 5.690136040069018186e-01
5.701156400243030657e+04 -1.788435324721624031e+00
5.701156400243073585e+04 -2.570816851559083904e+00
5.701156400243287499e+04 -1.711260319076051806e+00
5.701156400243331154e+04 3.982309581529707376e+00
5.701156400243343523e+04 2.552776217701055450e-01
5.701156400243395183e+04 1.498152464502556347e+00
5.701156400243614189e+04 2.841152515340266138e+00
5.701156400243802636e+04 5.875718501409982863e+00
5.701156400243871030e+04 -1.883775110749422443e-01
5.701156400243904500e+04 5.362153918386720619e+00
5.701156400243966345e+04 3.104408382339400863e+00
5.701156400244017277e+04 -1.499422891421144932e+00
5.701156400244152610e+04 4.895755186554990424e+00
5.701157453045672446e+04 2.048759328540092017e+00
5.701157453045755392e+04 -6.220640263474800369e-01
5.701157453045783041e+04 2.337590983801692612e+00
5.701157453046030423e+04 4.196306845459313317e-01
5.701157453046034061e+04 5.632210483038971205e+00
5.701157453046209412e+04 -1.187933721953287058e+00
5.701157453046352748e+04 -2.158186673577026760e+00
5.701157453046392038e+04 1.400014923111147780e-01
5.701157453046399314e+04 1.963009387050962395e-01
5.701157453046466253e+04 -9.632696620159585388e-01
5.701157453046867886e+04 -9.583886549662051779e-01
5.701157453046982118e+04 3.157281654472720245e+00
5.701157453047024319e+04 4.385788947353256084e+00
5.701157453047179297e+04 2.449501198346303976e+00
5.701157453047236777e+04 -1.705158108518461946e-02
5.701157453047236777e+04 2.909357486866196219e+00
5.701157453047426679e+04 2.230363781311870852e+00
5.701157453047468880e+04 2.897512221080551509e+00
5.701157453047500167e+04 2.672822335709096997e+00
5.701157453047541640e+04 1.086202356285804971e+00
5.701157453047877061e+04 1.815331837956116301e+00
5.701157453048014577e+04 4.719271886504324276e-01
5.701157453048018215e+04 6.810056882642965270e+00
5.701157453048065508e+04 1.726526778475946156e+00
5.701157453048246680e+04 2.113348739288416933e+00
5.701157453048323077e+04 -1.348361318742008708e+00
5.701157453048324533e+04 2.375786800873572524e+00
5.701157453048363823e+04 -2.609451701011110014e+00
5.701157453048370371e+04 9.260107209668143824e+00
5.701157453048481693e+04 5.870097165248647109e+00
5.701157453048495518e+04 3.343973717767258158e+00
5.701157453048597381e+04 2.520426448933462016e+00
5.701157453048645402e+04 4.580857059782555751e+00
5.701157453048730531e+04 4.713848545337931961e-01
5.701157453048764000e+04 2.181338498863289121e+00
5.701157453049075411e+04 -4.526361765945759785e+00
5.701157453049083415e+04 2.240177446279629336e+00
5.701157453049120522e+04 2.681095083107356558e+00
5.701157453049164906e+04 6.904878376560587006e-01
5.701157453049461037e+04 5.852922359841239430e-01
5.701157453049477044e+04 5.228300693313342684e+00
5.701157453049654578e+04 2.244300907261695954e+00
5.701157453049696778e+04 4.928716157263585695e-01
5.701157453049729520e+04 -9.767247131954376327e-01
5.701157453049840115e+04 1.241439040815264905e+00
5.701157453049977630e+04 2.076280632840024509e+00
5.701157453050099139e+04 3.145169525867776539e+00
5.701157453050128970e+04 -1.440695854219355088e+00
5.701157453050190088e+04 1.714018659881075379e+00
5.701157453050192998e+04 1.407470756809258816e+00
5.701157453050418553e+04 1.721000135573050871e+00
5.701157453050680488e+04 2.817229554861855334e+00
5.701157453050703771e+04 -3.910038672250248926e-01
5.701157453050711047e+04 1.237746003735292755e+00
5.701157453050768527e+04 -5.221195962811000513e-01
5.701157453050938057e+04 2.012087212081627108e+00
5.701157453050951881e+04 6.791901602452612430e+00
5.701260017133769725e+04 -3.766763608310719658e+00
5.701260017133800284e+04 -1.848123239288969710e+00
5.701260017133822112e+04 -2.160017007224912522e+00
5.701260017133830115e+04 -1.081495227267900150e+00
5.701260017134178634e+04 -1.270124198121930670e+00
5.701260017134209193e+04 -5.490839533764803326e-02
5.701260017134313239e+04 -1.768598119137932301e+00
5.701260017134352529e+04 2.376249054820699647e-01
5.701260017134653026e+04 3.168768636357529811e+00
5.701260017134677764e+04 -4.228866709599709672e+00
5.701260017134746158e+04 -1.470477916069023783e+00
5.701260017134811642e+04 1.654399613139311054e+00
5.701260017134919326e+04 -8.530864793822673375e-01
5.701260017135080125e+04 -2.363443951832962409e+00
5.701260017135139060e+04 1.131425963616072616e+00
5.701260017135249655e+04 -3.073497046162689816e+00
5.701260017135441012e+04 -4.114683856851998556e+00
5.701260017135553790e+04 -2.304252056816884053e+00
5.701260017135660746e+04 -1.233297129058698482e+00
5.701260017135700764e+04 -1.497233065823237119e+00
5.701260017135785165e+04 1.065166508127597389e+00
5.701260017135839735e+04 9.130288756931650429e-01
5.701260017135845555e+04 1.976296432559937255e+00
5.701260017135972885e+04 2.782402924881143047e+00
5.701260017136003444e+04 8.019278580844522164e-01
5.701260017136025999e+04 3.758139477017913954e+00
5.701260017136274109e+04 4.587250555101329841e-01
5.701260017136315582e+04 2.650107834333281343e+00
5.701260017136367969e+04 -5.526241826815850189e+00
5.701260017136388342e+04 -2.292294880816689862e+00
5.701260017136538227e+04 -1.185726679399179861e+00
5.701260017136651732e+04 2.333117847396536160e+00
5.701260017136682291e+04 -1.511511798460479783e-01
5.701260017136728857e+04 -6.758551334557075796e-01
5.701260017136747047e+04 -3.276166444703052960e+00
5.701260017136803799e+04 -3.523608537539318686e+00
5.701260017137166869e+04 1.299205200652630454e+00
5.701260017137268733e+04 -4.882628966013477623e+00
5.701260017137558316e+04 -2.935735572058224552e+00
5.701260017137746763e+04 -1.960874352247463648e-01
5.701260017137770046e+04 -1.110643533917760939e+00
5.701260017137841351e+04 9.027159189989734100e-01
5.701260017137920659e+04 9.258296825414648046e-01
5.701260017137950490e+04 1.264271996758615346e+00
5.701260017137964314e+04 -4.287143373509084143e-01
5.701260017138052353e+04 -2.099387496375837436e+00
5.701260017138292460e+04 -7.968903347247686675e-01
5.701260017138347030e+04 -1.503749683700952744e+00
5.701260017138469266e+04 -2.542784374879786924e+00
5.701260017138472176e+04 1.526520671826942399e+00
5.701260017138579860e+04 -1.348383872000809447e+00
5.701260017138590047e+04 2.155872016948156000e-01
5.701260017138720286e+04 4.422914709281530743e-01
5.701260017138761759e+04 3.679432162280856566e+00
5.701260017138798867e+04 -6.585262671573703930e-01
5.701260017138824333e+04 -3.272634236271612651e-01
5.701260017138927651e+04 -2.535613512670887193e+00
5.701260017139002593e+04 2.897317498262415914e+00
5.704057196934099193e+04 3.696175652108030452e+00
5.704057196934131935e+04 2.627816107572910134e-02
5.704057196934152307e+04 -2.018794924967095561e+00
5.704057196934155218e+04 -3.343482010588698650e-01
5.704057196934515378e+04 1.036577752560467802e+00
5.704057196934531385e+04 -4.833199085143572660e+00
5.704057196934636886e+04 1.124487530325160911e+00
5.704057196934679087e+04 -1.766093052044791500e+00
5.704057196934981039e+04 -4.412052389939595809e-01
5.704057196935009415e+04 6.853604569257522039e-01
5.704057196935136017e+04 5.176928568586940393e+00
5.704057196935173852e+04 1.362460297317638069e+00
5.704057196935247339e+04 2.093914068066581535e+00
5.704057196935408865e+04 -3.803220512854869284e+00
5.704057196935466345e+04 1.614542359820919426e+00
5.704057196935579850e+04 -2.656071945936784751e+00
5.704057196935771208e+04 -1.213314119100908361e-01
5.704057196935889806e+04 2.190650268258566846e-01
5.704057196935988031e+04 1.329877207928746197e+00
5.704057196936036780e+04 2.133513067059686463e+00
5.704057196936108085e+04 1.663490165967614010e+00
5.704057196936163382e+04 -1.887989101119219137e+00
5.704057196936164837e+04 4.241385000418750550e+00
5.704057196936260880e+04 -1.643043466912738726e+00
5.704057196936319087e+04 -4.218106112088063853e+00
5.704057196936343098e+04 2.107231383597523600e+00
5.704057196936594119e+04 -2.567599884665099919e-01
5.704057196936631954e+04 -3.167338065327980345e+00
5.704057196936661785e+04 -2.714695681402664373e+00
5.704057196936719265e+04 -6.004769904266752611e+00
5.704057196936863329e+04 -7.347457317474134220e-01
5.704057196936968830e+04 -2.240994227752403367e-01
5.704057196937004483e+04 -3.318038081930871019e+00
5.704057196937051049e+04 -1.882290288655428911e+00
5.704057196937087429e+04 2.416706169206681132e+00
5.704057196937138360e+04 -4.266224771908465607e-01
5.704057196937494882e+04 -2.676947505188584930e+00
5.704057196937598201e+04 3.197176613926655087e+00
5.704057196937879053e+04 -3.363258417085388530e+00
5.704057196938072593e+04 -3.373588590735763670e+00
5.704057196938096604e+04 -1.737969154281645112e+00
5.704057196938164270e+04 -3.421400077780917037e+00
5.704057196938250854e+04 -2.896558388517520122e+00
5.704057196938273410e+04 4.394162392664021088e-01
5.704057196938293055e+04 -2.504080657627597351e+00
5.704057196938384004e+04 -2.859318112507917231e+00
5.704057196938623383e+04 1.080515424486730325e+00
5.704057196938725974e+04 -2.113668961467749963e+00
5.704057196938796551e+04 2.274890101943113585e+00
5.704057196938798006e+04 2.157306900367717439e+00
5.704057196938901325e+04 -1.145791949773885543e+00
5.704057196938911511e+04 -1.176687777466549401e+00
5.704057196939048299e+04 2.218797259021576096e+00
5.704057196939087589e+04 4.420277782609123740e+00
5.704057196939121786e+04 9.867260562193652662e-01
5.704057196939146525e+04 -4.834298237898682626e-01
5.704057196939216374e+04 -2.514539958448602341e+00
5.704057196939331334e+04 -2.817907101783227383e-02
5.704158307270934165e+04 5.127624542666511687e+00
5.704158307270988735e+04 6.346645292757507661e+00
5.704158307271033846e+04 6.352041916775998942e-01
5.704158307271284866e+04 7.869286171675389241e-01
5.704158307271294325e+04 2.132476777519590971e+00
5.704158307271479862e+04 9.574678214374177543e+00
5.704158307271621743e+04 -2.572288901330900046e+00
5.704158307271655212e+04 3.450486416615341501e+00
5.704158307271965896e+04 2.748241211862588962e+00
5.704158307272012462e+04 9.235356635019252580e-02
5.704158307272132515e+04 1.085315683058731384e+00
5.704158307272147067e+04 4.569140029501033151e-01
5.704158307272243837e+04 4.842899131427945036e+00
5.704158307272435195e+04 1.900280299293200859e+00
5.704158307272491948e+04 -3.119780388036767493e-01
5.704158307272497768e+04 1.574501056272420652e+00
5.704158307272683305e+04 1.701966790640053295e+00
5.704158307272743696e+04 6.032513320527528755e+00
5.704158307272744423e+04 6.726424626821810859e-01
5.704158307272842649e+04 3.762724523676083344e+00
5.704158307273127866e+04 -1.309209960621038782e+00
5.704158307273273385e+04 -6.679213888835631163e-01
5.704158307273278479e+04 -5.081566449024126353e-01
5.704158307273326500e+04 1.760986516095884413e+00
5.704158307273512037e+04 1.285832962090626364e+00
5.704158307273555693e+04 2.523809580830066679e+00
5.704158307273587707e+04 5.563643955492918458e+00
5.704158307273622631e+04 3.977651503236425135e-01
5.704158307273701212e+04 2.900043113654905635e+00
5.704158307273733226e+04 2.250662572557966534e+00
5.704158307273856917e+04 2.781745408401984143e+00
5.704158307273902756e+04 6.390987563151758089e+00
5.704158307273907121e+04 2.044713343881580769e+00
5.704158307273993705e+04 3.277929474263804988e+00
5.704158307274018443e+04 -1.130102858193385434e-01
5.704158307274336403e+04 9.092052501428478095e+00
5.704158307274343679e+04 8.222664195298764467e-01
5.704158307274349499e+04 -1.231139673258300649e+00
5.704158307274465915e+04 1.210534604657406588e+00
5.704158307274703839e+04 1.880575493055103298e+00
5.704158307274720573e+04 9.091603968856463158e-01
5.704158307274728577e+04 1.331337377020544999e+00
5.704158307274775871e+04 9.505757847456234311e-01
5.704158307274954132e+04 1.627434587752570216e+00
5.704158307274989056e+04 1.584994791005597037e+00
5.704158307275247353e+04 8.206601666986257371e+00
5.704158307275359402e+04 1.607738389992514394e+00
5.704158307275389961e+04 1.479859448678866540e+00
5.704158307275459083e+04 6.198923809557090436e+00
5.704158307275673724e+04 -1.745074420842689378e+00
5.704158307275679545e+04 3.173982101906868358e+00
5.704158307275831612e+04 3.657064064188792152e+00
5.704158307275937113e+04 -5.817333067272357772e-01
5.704158307275972038e+04 2.725127448319866197e+00
5.704158307276033884e+04 4.004683016002081430e+00
5.704158307276136475e+04 3.702008036332150032e-01
5.704158307276202686e+04 2.310982178198137227e+00
5.707842047561646905e+04 1.333851052625763423e+00
5.707842047561660729e+04 4.764527547394317608e+00
5.707842047561731306e+04 7.460288462857346536e-02
5.707842047561761137e+04 -2.798442228007399724e+00
5.707842047562007065e+04 6.946199071321940144e-01
5.707842047562016523e+04 -9.021503596531632585e-02
5.707842047562219523e+04 7.277092642017696456e+00
5.707842047562346124e+04 -2.442507486401029659e+00
5.707842047562347580e+04 -2.300407339360220238e+00
5.707842047562376683e+04 1.362672237110686746e+00
5.707842047562648804e+04 4.195352196207291051e+00
5.707842047562856897e+04 6.025952768622324651e-01
5.707842047562971129e+04 3.182659447813652953e+00
5.707842047563155938e+04 7.375676040841899761e-01
5.707842047563217056e+04 3.352048470247893430e+00
5.707842047563225788e+04 5.553253522566853562e+00
5.707842047563391679e+04 -1.617118003247224767e+00
5.707842047563409142e+04 2.198219724354159688e+00
5.707842047563453525e+04 -7.578713759538728834e-01
5.707842047563571396e+04 1.434088170947880325e+00
5.707842047563589585e+04 4.802387633823437696e+00
5.707842047563880624e+04 4.290811609216047096e+00
5.707842047563999949e+04 1.415468032942835741e+00
5.707842047564011591e+04 8.572340573473082870e-01
5.707842047564050154e+04 1.457167500578728569e+00
5.707842047564238601e+04 5.898719463160208010e-01
5.707842047564305540e+04 3.223446416777083989e+00
5.707842047564448876e+04 1.324312858955125627e+00
5.707842047564477252e+04 1.015354582024450503e+00
5.707842047564493259e+04 3.199316852825100810e+00
5.707842047564509994e+04 2.137323350684402268e+00
5.707842047564576205e+04 9.737498076470209041e-01
5.707842047564579116e+04 -8.773312257439809247e-01
5.707842047564617678e+04 -4.589678013763611175e-01
5.707842047564715176e+04 1.500829701208218125e+00
5.707842047564726818e+04 1.485721822244347123e+00
5.707842047565009125e+04 6.530409581888905191e-01
5.707842047565068060e+04 3.660170833094654186e-01
5.707842047565109533e+04 -3.292208203259533450e-01
5.707842047565153189e+04 4.725617226644062363e+00
5.707842047565443499e+04 3.187823642925076140e-01
5.707842047565453686e+04 5.322029802356267325e+00
5.707842047565641406e+04 8.830767084296679004e-01
5.707842047565677785e+04 3.922721696614243747e+00
5.707842047565709072e+04 3.383469415101528543e+00
5.707842047565829125e+04 -9.335359788807984227e-01
5.707842047565972462e+04 3.102169286406262771e-01
5.707842047566083784e+04 4.733734129723923822e-01
5.707842047566105612e+04 3.100447590797844599e-01
5.707842047566140536e+04 1.359203020459723854e+00
5.707842047566174733e+04 5.157857517615534348e+00
5.707842047566401016e+04 2.847540006113061128e+00
5.707842047566499969e+04 1.728858784351356426e-01
5.707842047566662950e+04 1.098116489921121319e+00
5.707842047566696419e+04 6.007358456051407058e-01
5.707842047566753172e+04 1.597054068388614398e-02
5.707842047566924884e+04 4.888196942947008239e+00
5.708040082853189233e+04 -8.657409421241147873e-01
5.708040082853229251e+04 -2.613313635538199176e+00
5.708040082853244530e+04 -5.734678905778486602e+00
5.708040082853254717e+04 -1.236809388128735865e+00
5.708040082853576314e+04 3.731608147780116624e+00
5.708040082853633066e+04 -2.658120763747317650e+00
5.708040082853732747e+04 3.028255181784787475e-01
5.708040082853776403e+04 1.164999028006731274e+00
5.708040082854079083e+04 -3.653699857793958117e+00
5.708040082854107459e+04 -1.622189501774596102e-02
5.708040082854220964e+04 -3.534618781037620838e+00
5.708040082854277716e+04 2.133306463616006177e+00
5.708040082854357024e+04 4.709835282528151423e-01
5.708040082854513457e+04 -8.391149195399065785e-01
5.708040082854559296e+04 -3.572315306383966327e+00
5.708040082854685897e+04 -1.738752525807368166e+00
5.708040082854867069e+04 -2.250414635195528756e+00
5.708040082854993670e+04 1.291009929586957261e+00
5.708040082855086803e+04 2.570840968583663511e+00
5.708040082855139190e+04 3.272492188360920373e+00
5.708040082855206856e+04 4.191869034778911818e+00
5.708040082855259243e+04 -1.837397075691765691e+00
5.708040082855259971e+04 3.187078869227226718e+00
5.708040082855397486e+04 9.752423465247717083e-01
5.708040082855419314e+04 -3.708023731374867488e-02
5.708040082855434594e+04 1.022752536839108828e+00
5.708040082855690707e+04 7.184514465289975060e-01
5.708040082855729997e+04 -2.100102000102460842e+00
5.708040082855767105e+04 -4.754239392173632561e-01
5.708040082855780201e+04 -2.489144948258982026e+00
5.708040082855959190e+04 1.061921111930653527e+00
5.708040082856063236e+04 -8.422656225033143818e-01
5.708040082856106892e+04 4.153899770569481897e-01
5.708040082856148365e+04 1.331831332462584561e+00
5.708040082856181107e+04 1.100831432680934974e+00
5.708040082856236404e+04 -3.640296457482412151e+00
5.708040082856598019e+04 -1.693661317822860557e+00
5.708040082856695517e+04 2.444428200969722131e-01
5.708040082856981462e+04 9.816470541880923939e-01
5.708040082857166271e+04 -2.130111154557213560e+00
5.708040082857197558e+04 8.369670961688197020e-02
5.708040082857258676e+04 -3.776379278371892578e+00
5.708040082857351808e+04 -5.350172625550150940e+00
5.708040082857367815e+04 -5.598931815532647960e+00
5.708040082857395464e+04 -1.807276011022465934e+00
5.708040082857488596e+04 -2.875439059485810911e-01
5.708040082857723610e+04 1.105092629311773322e+00
5.708040082857834204e+04 1.705163808192277308e+00
5.708040082857888774e+04 -7.767895385151193377e-01
5.708040082857893867e+04 1.476359070311362709e+00
5.708040082858000096e+04 1.173547246702534297e+00
5.708040082858008827e+04 2.803057396203512130e-01
5.708040082858141977e+04 -1.706668728144470126e+00
5.708040082858179812e+04 -8.935952446340797439e-02
5.708040082858212554e+04 -2.577356022756357223e+00
5.708040082858241658e+04 -1.830122911746193237e+00
5.708040082858433016e+04 -5.054589191062420772e-01
5.708040082858467940e+04 4.248056570959683143e+00
5.710133072870161413e+04 -1.257639062069487323e+01
5.710133072870214528e+04 -6.085529309081985083e+00
5.710133072870249453e+04 -7.975038588467826095e+00
5.710133072870277829e+04 -6.642575314712108714e+00
5.710133072870517935e+04 -8.420863057793244622e+00
5.710133072870534670e+04 -2.294837654085133405e+00
5.710133072870713659e+04 -6.528030905883129620e+00
5.710133072870800970e+04 -6.599464056676971779e+00
5.710133072870855540e+04 -3.881474850513663366e+00
5.710133072870889009e+04 -5.989949377379883977e+00
5.710133072871061449e+04 2.026540846776748062e+00
5.710133072871367767e+04 -3.207861443714652872e+00
5.710133072871465993e+04 -9.759687996822117739e+00
5.710133072871469631e+04 -9.832842843224392837e+00
5.710133072871667537e+04 -6.918451210529206641e+00
5.710133072871714830e+04 -9.355502735786627611e+00
5.710133072871736658e+04 -3.665247099050691570e+00
5.710133072871915647e+04 -8.288430231592656128e+00
5.710133072871965123e+04 -8.820735471329612665e+00
5.710133072872002231e+04 -4.522685945961984366e+00
5.710133072872073535e+04 -3.750376338409610710e+00
5.710133072872377670e+04 -4.392827054696002875e+00
5.710133072872510820e+04 -7.465657725757141705e+00
5.710133072872523189e+04 -8.075258489834650888e+00
5.710133072872559569e+04 -4.186774524278863652e+00
5.710133072872564662e+04 -4.172389757470414295e+00
5.710133072872756748e+04 -5.093360064046679181e-01
5.710133072872822959e+04 -1.062026032974075740e+01
5.710133072872831690e+04 -3.265323034646069988e+00
5.710133072872836783e+04 -5.425964938447778607e+00
5.710133072872967750e+04 -8.040695450495379148e+00
5.710133072873087076e+04 -8.472918524514184924e+00
5.710133072873092897e+04 -7.109860719796631479e+00
5.710133072873138735e+04 -6.100008769148897336e+00
5.710133072873226774e+04 -7.377782381902773245e+00
5.710133072873267520e+04 -8.444726650639943211e-01
5.710133072873519995e+04 -8.997097360979342540e+00
5.710133072873581841e+04 -5.305015821955432642e+00
5.710133072873625497e+04 -3.531454133319442690e+00
5.710133072873650963e+04 -6.997210176136927196e+00
5.710133072873960191e+04 -3.508590015639466042e+00
5.710133072873963101e+04 -5.249560006407838486e+00
5.710133072874155187e+04 -4.328366771116309408e+00
5.710133072874189384e+04 -7.481368198184083163e+00
5.710133072874210484e+04 -7.206275673868821841e+00
5.710133072874347272e+04 -2.404053415006015992e+00
5.710133072874483332e+04 -2.634304377199666369e+00
5.710133072874598292e+04 -4.867928957842806881e+00
5.710133072874624486e+04 -8.893175814054387729e+00
5.710133072874664504e+04 -4.618739343956404397e+00
5.710133072874665959e+04 -1.513549403934786763e+00
5.710133072874683421e+04 -6.633398677119165754e+00
5.710133072874914069e+04 -5.063065938102487173e+00
5.710133072875178186e+04 -3.806606916980999067e+00
5.710133072875212383e+04 -2.723668987755328175e+00
5.710133072875271318e+04 -2.846555011807160529e+00
5.710133072875441576e+04 -1.064965828225473210e+01
5.710239060088931001e+04 -2.929812939256200011e+00
5.710239060088976112e+04 4.154912838575722134e+00
5.710239060088989208e+04 -4.111352375977202378e+00
5.710239060089024133e+04 1.271537552265383120e+00
5.710239060089364648e+04 6.267261180561686906e+00
5.710239060089374834e+04 -3.177521894919441259e+00
5.710239060089475242e+04 -1.573564440669498854e+00
5.710239060089525447e+04 3.065225862564598724e+00
5.710239060089829582e+04 5.087254052932189019e+00
5.710239060089856503e+04 5.656610182162809863e+00
5.710239060090020212e+04 4.087818360715103516e+00
5.710239060090087878e+04 2.586362054513196007e+00
5.710239060090231942e+04 1.875164032581854823e+00
5.710239060090305429e+04 -3.894252435797629919e-01
5.710239060090429120e+04 3.820051651213622002e+00
5.710239060090611019e+04 -1.369216388904632709e+00
5.710239060090741987e+04 8.280448463979976026e+00
5.710239060090827843e+04 1.864317350248729577e+00
5.710239060090881685e+04 4.561319086946238777e+00
5.710239060090949351e+04 2.903696380581451741e+00
5.710239060091001011e+04 9.463264687885480919e-01
5.710239060091001738e+04 -2.660703307180141586e+00
5.710239060091138526e+04 -9.691776818510534908e-02
5.710239060091163992e+04 2.647330028442057559e-01
5.710239060091186548e+04 2.137507400916773381e+00
5.710239060091435385e+04 7.457833643183181538e-01
5.710239060091477586e+04 1.513160313952815139e+00
5.710239060091514693e+04 5.563776354956123882e+00
5.710239060091567808e+04 9.336633975885263448e-01
5.710239060091709689e+04 2.802503721195825470e+00
5.710239060091805004e+04 -3.058587162288917138e+00
5.710239060091848660e+04 -3.204110751157419612e-01
5.710239060091895954e+04 1.316895623069540111e+00
5.710239060091925057e+04 3.247407083370895009e+00
5.710239060091986175e+04 5.059965177538532366e+00
5.710239060092341242e+04 4.648198579782011342e-01
5.710239060092440195e+04 1.134025724019870784e+00
5.710239060092722502e+04 -1.027933276923079342e+00
5.710239060092916043e+04 -2.149170324958729950e+00
5.710239060092939326e+04 -8.792190863104497323e-02
5.710239060093009175e+04 -3.264370097452560793e-01
5.710239060093099397e+04 1.687938243642851166e+00
5.710239060093114676e+04 7.592900663664720051e-01
5.710239060093142325e+04 4.340046767350480117e+00
5.710239060093231819e+04 1.979989469701274096e+00
5.710239060093470471e+04 5.410795091668844314e+00
5.710239060093570151e+04 -1.219118965761478046e+00
5.710239060093634907e+04 -6.898955611634214335e-01
5.710239060093636363e+04 2.323200880764272114e+00
5.710239060093741136e+04 -1.365488917912376143e+00
5.710239060093753505e+04 2.832676436733606806e+00
5.710239060093888838e+04 1.674922224843100604e+00
5.710239060093927401e+04 3.801569248857098238e+00
5.710239060093959415e+04 -8.023050674379863523e-01
5.710239060093987064e+04 -1.323703365495716877e+00
5.710239060094110755e+04 2.475355730159503498e+00
5.710239060094148590e+04 1.348643690089037506e+00
5.713125780607658089e+04 2.009318554410943758e+00
5.713125780607680645e+04 -1.562614456615436964e+00
5.713125780607682100e+04 2.807401945229788254e+00
5.713125780608044442e+04 6.200855381006224576e+00
5.713125780608062632e+04 1.074971564661343137e+00
5.713125780608160130e+04 -2.404058751333088662e+00
5.713125780608208879e+04 1.742240523150174747e+00
5.713125780608507921e+04 2.457665307807346267e+00
5.713125780608531204e+04 -2.162031391175263551e+00
5.713125780608662171e+04 4.702988810132975317e+00
5.713125780608673085e+04 6.474398379276722792e+00
5.713125780608768400e+04 -1.624931229163276036e+00
5.713125780608937930e+04 4.144516529576346975e-01
5.713125780608985224e+04 -3.358463494921128945e+00
5.713125780609137291e+04 4.629050592228099781e+00
5.713125780609293724e+04 -2.464369748497083457e+00
5.713125780609418143e+04 4.798035016197443881e+00
5.713125780609514186e+04 -1.237245688096337837e-01
5.713125780609560024e+04 2.367672278353677218e+00
5.713125780609634967e+04 2.108755084276960012e+00
5.713125780609690264e+04 3.075495776899543010e+00
5.713125780609690992e+04 -5.893657545929138486e-01
5.713125780609821959e+04 3.056577074596943389e-01
5.713125780609849608e+04 -9.616221705738788872e-01
5.713125780609875073e+04 3.298808305793519136e+00
5.713125780610152287e+04 -9.115983046703710624e-01
5.713125780610158108e+04 -8.677897599133669315e-01
5.713125780610163929e+04 1.946407796878189655e+00
5.713125780610243237e+04 -1.173244386286481200e+00
5.713125780610391666e+04 1.630579954464165482e+00
5.713125780610496440e+04 2.494357373657673793e-01
5.713125780610532820e+04 -5.470895189274299630e-01
5.713125780610580114e+04 6.057492520124876378e-01
5.713125780610607035e+04 2.833227379356534570e+00
5.713125780610669608e+04 5.630027202024706412e+00
5.713125780611022492e+04 1.284536354121848190e+00
5.713125780611123628e+04 -3.441016066912031546e-01
5.713125780611409573e+04 1.138484915657054897e+00
5.713125780611603113e+04 -3.963550684076533881e-01
5.713125780611624941e+04 1.692535170934230226e+00
5.713125780611695518e+04 2.393420236178043226e+00
5.713125780611775554e+04 -1.130692679323645367e+00
5.713125780611799564e+04 2.115228659764730956e+00
5.713125780611822847e+04 2.712329913731192477e+00
5.713125780611910159e+04 -3.618953308045314565e-01
5.713125780612149538e+04 2.482070343057121597e+00
5.713125780612258677e+04 6.282317408720024865e+00
5.713125780612320523e+04 5.610970764073430761e-01
5.713125780612322706e+04 7.649458364477947914e-01
5.713125780612426752e+04 -2.329621241701762990e+00
5.713125780612439848e+04 7.698096265416654038e-01
5.713125780612568633e+04 -1.817167152324734136e+00
5.713125780612607196e+04 6.752110613353932145e-01
5.713125780612644303e+04 -2.451990757072330052e+00
5.713125780612674134e+04 3.505681374061063171e-01
5.713125780612792732e+04 4.275509007510984283e+00
5.713125780612860399e+04 4.747072826187331174e+00
5.713125780612916424e+04 -3.883838909839573361e+00
5.713225540355967678e+04 -5.730662018811196745e+00
5.713225540356052079e+04 -3.744591441205248561e+00
5.713225540356082638e+04 -1.439060243451337762e+00
5.713225540356318379e+04 -8.881597411182484691e+00
5.713225540356332203e+04 -2.093855517257176224e+00
5.713225540356499550e+04 -8.873729262251865535e+00
5.713225540356658894e+04 -5.246194091549351235e+00
5.713225540356664715e+04 -1.220904192904593399e+00
5.713225540356674173e+04 -1.627413743015806435e+00
5.713225540356693091e+04 -1.628386501034580824e+00
5.713225540357171849e+04 -1.907628311769143714e+00
5.713225540357272985e+04 -5.705835168137341817e+00
5.713225540357473801e+04 -2.688692741498731387e+00
5.713225540357521822e+04 -5.874019003648815129e+00
5.713225540357534192e+04 -4.475976344153001385e+00
5.713225540357674618e+04 -4.073590255024027051e+00
5.713225540357721911e+04 -4.139410678135083899e+00
5.713225540357767750e+04 -3.490632730480779156e+00
5.713225540357799764e+04 -2.954901316477324791e+00
5.713225540357905265e+04 -4.442429105222346131e+00
5.713225540358188300e+04 -2.187515758356875395e+00
5.713225540358313447e+04 -3.547405643169429634e+00
5.713225540358323633e+04 -8.348767054279269573e+00
5.713225540358362923e+04 -3.837115363203370766e+00
5.713225540358579019e+04 -1.436305530477817172e+00
5.713225540358627768e+04 -6.744844033924962012e+00
5.713225540358631406e+04 -5.331099510480080461e+00
5.713225540358753642e+04 -2.769009841632940283e+00
5.713225540358772560e+04 -3.759931749076541152e+00
5.713225540358792932e+04 -6.070766661018310861e-01
5.713225540358889702e+04 -6.282706498704717646e+00
5.713225540358920261e+04 -2.229903904236923307e+00
5.713225540358938451e+04 -5.195894754348474365e+00
5.713225540359027946e+04 -4.529460818229511077e+00
5.713225540359065053e+04 -2.479102126604027401e+00
5.713225540359332808e+04 -2.989757044070402436e+00
5.713225540359382285e+04 -2.550440584140167832e+00
5.713225540359423030e+04 -1.295238400799437528e+00
5.713225540359443403e+04 -6.001510563454563574e+00
5.713225540359761362e+04 -1.988530788410225902e+00
5.713225540359765000e+04 -2.169007530566034347e+00
5.713225540359955630e+04 -1.002619015187215412e+00
5.713225540359994193e+04 -2.675470119225832555e+00
5.713225540360021114e+04 -6.070137350407394550e+00
5.713225540360095329e+04 -1.924216848956562975e+00
5.713225540360143350e+04 -2.030445467997949560e+00
5.713225540360398736e+04 -1.808777158409966779e+00
5.713225540360432933e+04 -4.701502143617744545e-01
5.713225540360454761e+04 -5.333708771040714947e-01
5.713225540360491141e+04 -6.319121252537274191e-01
5.713225540360715968e+04 -2.823931931542506657e+00
5.713225540360978630e+04 -2.090704814293712133e+00
5.713225540361009189e+04 -1.255596359414868024e+00
5.713225540361071762e+04 -6.237426795916305444e-01
5.713225540361111780e+04 -6.317872131507316524e+00
5.713225540361128515e+04 -1.322225979461896683e+00
5.713225540361234744e+04 -1.826553665567216544e+00
5.716118008032943180e+04 2.187703436425017856e+00
5.716118008032972284e+04 4.678024223858767705e+00
5.716118008032987564e+04 1.401172623130748418e+00
5.716118008032993384e+04 -2.305293682778176922e+00
5.716118008033088699e+04 1.807489930942249146e+01
5.716118008033371007e+04 -1.354185986270494801e+00
5.716118008033480146e+04 2.874143475521027113e+00
5.716118008033525257e+04 4.334675077140127897e+00
5.716118008033810474e+04 -2.834548788864878488e-01
5.716118008033848309e+04 1.442346973607249616e+00
5.716118008033980732e+04 4.423376834888375519e+00
5.716118008034093509e+04 5.156896640397929943e+00
5.716118008034247759e+04 1.432415522380655060e-01
5.716118008034304512e+04 3.000937748606619326e+00
5.716118008034422382e+04 5.635157854996085902e+00
5.716118008034519880e+04 -1.754402738936817308e+00
5.716118008034610102e+04 -9.183876614209271483e-02
5.716118008034719242e+04 1.822437104610586500e+00
5.716118008034830564e+04 3.502071689363266849e+00
5.716118008034865488e+04 1.587098531889158171e+00
5.716118008034949889e+04 1.441884848227226734e-01
5.716118008035008825e+04 3.746810720106927839e+00
5.716118008035011007e+04 1.851757580822788851e+00
5.716118008035136882e+04 3.524057742283397410e+00
5.716118008035169623e+04 8.789306942142887102e-01
5.716118008035189996e+04 5.681273471868888869e+00
5.716118008035440289e+04 1.026784037025702256e-01
5.716118008035475941e+04 -1.347919014255672954e+00
5.716118008035494859e+04 2.054022380905555778e+00
5.716118008035551611e+04 -7.050550910099773194e-01
5.716118008035705134e+04 1.291233750052053431e+00
5.716118008035813546e+04 -1.345818545613342465e+00
5.716118008035849925e+04 3.538451117570185822e+00
5.716118008035895764e+04 3.936449615335848584e-01
5.716118008035916137e+04 2.466118833270304123e+00
5.716118008035972889e+04 3.017328290799230484e+00
5.716118008036327228e+04 9.893430335853121704e-01
5.716118008036443644e+04 -4.374175086736978302e-01
5.716118008036726678e+04 4.582711154974004053e+00
5.716118008036914398e+04 4.383158025474574337e+00
5.716118008036936953e+04 2.200805540005455807e+00
5.716118008037006075e+04 2.772924990699220160e+00
5.716118008037076652e+04 -2.274768019640047267e+00
5.716118008037110849e+04 -2.279029216271004632e+00
5.716118008037128311e+04 1.540225368948629381e+00
5.716118008037214895e+04 -4.577765592438264863e-01
5.716118008037460095e+04 2.992587524905551799e+00
5.716118008037556137e+04 2.180687526820512812e+00
5.716118008037637628e+04 -3.737664220286527894e-01
5.716118008037643449e+04 3.766438050043457775e+00
5.716118008037748950e+04 1.247192776387453739e+00
5.716118008037757681e+04 1.617236813515382510e+00
5.716118008037882100e+04 -1.623949862683231604e+00
5.716118008037925756e+04 2.965169522340706187e+00
5.716118008037966501e+04 8.205221706970273754e-01
5.716118008037991240e+04 1.290235166599142280e+00
5.716118008038093103e+04 2.053884645256878194e+00
5.716118008038164407e+04 3.300521392958013944e+00
5.716218020500966668e+04 -4.405851682066325381e+00
5.716218020500973944e+04 -2.915087105562019776e+00
5.716218020501042338e+04 -5.111118462641170090e+00
5.716218020501080173e+04 -3.545916376504744782e+00
5.716218020501326828e+04 -5.212078693121742212e+00
5.716218020501329738e+04 -2.776559476904673307e+00
5.716218020501508727e+04 -3.220541731938394214e+00
5.716218020501639694e+04 -7.235225985676565053e+00
5.716218020501656429e+04 -3.861270752629811120e+00
5.716218020501689170e+04 -5.364707008812442446e+00
5.716218020501784486e+04 -5.761876360251914519e+00
5.716218020502167928e+04 -2.257769547683011968e+00
5.716218020502280706e+04 -5.426653616805126035e+00
5.716218020502477157e+04 -3.400897955403473727e+00
5.716218020502530999e+04 -6.968612812227231501e+00
5.716218020502540458e+04 5.715349963890568180e-02
5.716218020502666332e+04 -1.854272964882419661e+00
5.716218020502725994e+04 -3.703348222943071200e+00
5.716218020502764557e+04 -3.130333490532706264e+00
5.716218020502795116e+04 -1.181184675229844050e+00
5.716218020502900617e+04 -4.875581894924686743e+00
5.716218020503201842e+04 -4.201124857263379475e+00
5.716218020503317530e+04 -1.975351208547941440e+00
5.716218020503337175e+04 -9.153806987164906372e-01
5.716218020503356092e+04 -2.382894667742265771e-01
5.716218020503363368e+04 -2.611336957838028550e+00
5.716218020503622392e+04 -8.370770324241723515e+00
5.716218020503698062e+04 -2.686334018542900548e+00
5.716218020503711887e+04 -2.095284524633831857e+00
5.716218020503771550e+04 -4.367457869997485531e+00
5.716218020503788284e+04 -1.957454182697915046e+00
5.716218020503893058e+04 -4.882580587573110087e+00
5.716218020503919251e+04 -8.653223097288964993e+00
5.716218020503944717e+04 -5.191168699956896226e+00
5.716218020504018205e+04 -1.646094140384494864e+00
5.716218020504030574e+04 -2.895476992581567544e+00
5.716218020504329616e+04 -9.084172116566580968e+00
5.716218020504379092e+04 -3.890358799934880540e+00
5.716218020504430751e+04 -4.125853216974983972e-01
5.716218020504448941e+04 -6.571495111656012966e+00
5.716218020504757442e+04 -5.713143766054224137e+00
5.716218020504766173e+04 -7.567039771818586225e+00
5.716218020504948799e+04 -4.414167471855225955e+00
5.716218020504996821e+04 -3.984225644508563313e+00
5.716218020505032473e+04 -6.758221608872425179e+00
5.716218020505111053e+04 -2.649119567965862121e+00
5.716218020505144523e+04 -1.417367770513334735e-01
5.716218020505396271e+04 -1.740890700586750439e+00
5.716218020505431923e+04 -4.615450905441235818e+00
5.716218020505450113e+04 -1.051687340038913065e+00
5.716218020505485765e+04 -7.605347499107002029e+00
5.716218020505713503e+04 -5.559146702354791358e+00
5.716218020505978348e+04 -1.448193838669124878e+00
5.716218020506003086e+04 -1.702247242654683079e+00
5.716218020506067114e+04 -4.360726040168374951e+00
5.716218020506083849e+04 -3.666392026707302687e+00
5.716218020506236644e+04 -5.401654596570168110e+00
5.719216486514326243e+04 -4.111761351707865497e-02
5.719216486514339340e+04 -8.184631807484874511e-01
5.719216486514359713e+04 3.161012397837694721e+00
5.719216486514381540e+04 3.264865076941567690e+00
5.719216486514744611e+04 -2.272245735597943295e+00
5.719216486514857388e+04 -5.663725097539739073e-01
5.719216486514901771e+04 2.081767505658274064e+00
5.719216486515180441e+04 1.353059839366593353e+00
5.719216486515226279e+04 2.338179632630087212e+00
5.719216486515348515e+04 -6.151137124302112902e-01
5.719216486515461293e+04 -1.488374942010372681e+00
5.719216486515621364e+04 5.228562220156308449e+00
5.719216486515680299e+04 2.997985040670160028e+00
5.719216486515795259e+04 3.057917264801556012e+00
5.719216486515991710e+04 3.318117122112038242e+00
5.719216486516060104e+04 4.813113353194004418e+01
5.719216486516081204e+04 -1.274437045699907900e+00
5.719216486516208533e+04 1.796930184190357327e+00
5.719216486516232544e+04 2.406895236799025117e-01
5.719216486516340956e+04 5.879776367110036261e+00
5.719216486516395526e+04 3.144931760854436043e+00
5.719216486516404257e+04 7.067008740287960000e-01
5.719216486516504665e+04 -2.582994575973573070e+00
5.719216486516557779e+04 3.504559539554982450e+00
5.719216486516824079e+04 -1.240881198290516574e+00
5.719216486516855366e+04 -3.948385278283359945e+00
5.719216486516858276e+04 -9.443363466848956334e-01
5.719216486516923760e+04 -2.234451784557413001e-01
5.719216486517088197e+04 -8.745043728047052767e-01
5.719216486517202429e+04 9.542462686169066455e-01
5.719216486517224985e+04 9.080876093533981619e-01
5.719216486517274461e+04 6.611103743160878787e-01
5.719216486517289741e+04 3.331460263077804296e+00
5.719216486517341400e+04 2.499950152003427739e+00
5.719216486517695739e+04 2.679850126134124988e+00
5.719216486517830344e+04 3.789362427110729126e+00
5.719216486518098827e+04 -1.246700529447199113e+00
5.719216486518285819e+04 4.238466726584290356e+00
5.719216486518309830e+04 -1.654068194936797742e-01
5.719216486518372403e+04 -4.532246693033116891e+00
5.719216486518400052e+04 -2.735295769500240670e+00
5.719216486518451711e+04 2.450365318479032162e+00
5.719216486518499005e+04 4.575781330198858576e+00
5.719216486518502643e+04 5.367744093146313844e+00
5.719216486518577585e+04 -4.583536005209913888e+00
5.719216486518830789e+04 1.120665366133159147e+00
5.719216486518915917e+04 -1.741343677765214037e+00
5.719216486519021419e+04 -1.001789329140071905e+00
5.719216486519025784e+04 2.044200107481110251e+00
5.719216486519132013e+04 -5.198006435444287865e-01
5.719216486519262980e+04 1.022132726459507923e+00
5.719216486519309547e+04 3.800708401170651562e+00
5.719216486519351747e+04 5.658317393424751041e-01
5.719216486519372120e+04 -5.483119228209561991e-01
5.719216486519493628e+04 -1.179568885238068410e-01
5.719216486519530736e+04 2.124706594133913384e+00
5.719410679431881726e+04 -8.189406908935936258e+00
5.719410679431913013e+04 -4.572899198528338260e+00
5.719410679431999597e+04 4.153006201170239553e-01
5.719410679432015604e+04 -3.092309843053763885e+00
5.719410679432264442e+04 -1.183431488011935873e+00
5.719410679432272445e+04 -1.373300079715894295e+00
5.719410679432446341e+04 4.114432502775917655e+00
5.719410679432538018e+04 -5.139629741974039767e+00
5.719410679432570032e+04 -5.405331308467644646e-01
5.719410679432605684e+04 -1.995228184369692848e+00
5.719410679432629695e+04 -9.700445342960436479e-01
5.719410679433100449e+04 -2.979555997653942967e+00
5.719410679433226323e+04 -2.110237451016631738e+00
5.719410679433416226e+04 -4.173569119095837721e+00
5.719410679433474434e+04 -2.046965137404730406e+00
5.719410679433477344e+04 -1.857630271339403061e+00
5.719410679433548648e+04 -6.916729515142264084e+00
5.719410679433662153e+04 -5.060070187905850503e+00
5.719410679433724727e+04 -1.529991597044306095e+00
5.719410679433838959e+04 2.925532817291229382e+00
5.719410679433839687e+04 -7.618398843616974725e-01
5.719410679434113990e+04 -6.026389065125325573e+00
5.719410679434247868e+04 -2.184511399566765544e+00
5.719410679434281337e+04 -2.214210648813168092e+00
5.719410679434298072e+04 -1.746770291108918016e+00
5.719410679434446502e+04 7.695394915632466359e-01
5.719410679434485792e+04 -1.071004764777727658e+00
5.719410679434557096e+04 -1.856803857447329120e+00
5.719410679434608755e+04 -4.028757301465986984e+00
5.719410679434675694e+04 -9.991928409477304207e-01
5.719410679434719350e+04 -6.194615943030600924e+00
5.719410679434833582e+04 1.827779697319848351e+00
5.719410679434835038e+04 -2.270578963035036146e+00
5.719410679434839403e+04 -1.447574028266028323e+00
5.719410679434878693e+04 -2.243720511542637297e+00
5.719410679434970370e+04 6.982785103279652850e-01
5.719410679435270140e+04 2.039582691075932708e+00
5.719410679435313796e+04 -1.613166711890318350e+00
5.719410679435342172e+04 2.410650245381285028e-01
5.719410679435399652e+04 -4.425969695300048024e+00
5.719410679435700149e+04 1.232826275874191130e-03
5.719410679435704515e+04 -4.579699896181861796e+00
5.719410679435824568e+04 2.410900782958347310e+00
5.719410679435887141e+04 2.083847485170136071e+00
5.719410679435946076e+04 4.014952930517532437e+00
5.719410679435973725e+04 -2.078988675722590607e+00
5.719410679436068312e+04 1.748702218022035515e+00
5.719410679436325881e+04 -3.591050626920309519e+00
5.719410679436371720e+04 -5.485363437114336271e+00
5.719410679436473583e+04 -4.963706884698827260e+00
5.719410679436591454e+04 9.058977837554257340e-01
5.719410679436627106e+04 1.829639128577014384e+00
5.719410679436654027e+04 -2.406369095676414549e+00
5.719410679436912324e+04 -1.711630483739696285e+00
5.719410679436934151e+04 1.339386304060310007e+00
5.719410679436944338e+04 2.595432118275995848e+00
5.719410679437006911e+04 -3.343084308621785405e-01
5.719507069190318725e+04 2.969028852972667165e-01
5.719507069190320180e+04 -5.582567098995573573e+00
5.719507069190346374e+04 -9.739984295858221397e-02
5.719507069190363109e+04 -5.219048288219483744e+00
5.719507069190732000e+04 -5.214244757471803382e+00
5.719507069190851325e+04 1.679768798034573019e+00
5.719507069190894254e+04 3.437654448212665859e+00
5.719507069191170012e+04 8.618256483542449109e-01
5.719507069191226037e+04 1.026786196446848898e+01
5.719507069191343908e+04 -8.823022054598494535e+00
5.719507069191453047e+04 -3.520285665236857930e+00
5.719507069191601477e+04 -3.806345390587086541e+00
5.719507069191671326e+04 3.038272717911778553e+00
5.719507069191782648e+04 3.319219007304798463e+00
5.719507069191933988e+04 1.168528504050240668e+00
5.719507069191981282e+04 1.535198017789862313e+00
5.719507069192206836e+04 8.140483219752853827e+00
5.719507069192223571e+04 5.544685483270239690e-01
5.719507069192329072e+04 2.734376226057617654e+00
5.719507069192373456e+04 -6.651998326207697154e+00
5.719507069192380732e+04 -2.327529381588761659e+00
5.719507069192492054e+04 -5.914096805365961274e+00
5.719507069192543713e+04 -2.007018527112694795e+00
5.719507069192807103e+04 -8.787193568985864900e+00
5.719507069192847121e+04 -1.962633214325882225e+00
5.719507069192854397e+04 2.817844029157100305e+00
5.719507069192916970e+04 2.374128636937655301e+00
5.719507069193069037e+04 -4.386918366725217844e+00
5.719507069193189091e+04 -3.900745960800465983e+00
5.719507069193211646e+04 -2.375857377319011032e+00
5.719507069193268399e+04 1.683094402993217387e-01
5.719507069193278585e+04 1.364681284725242305e+00
5.719507069193322241e+04 -5.695079907010243581e+00
5.719507069193675852e+04 -5.910773932841579814e+00
5.719507069193793723e+04 -6.514848054035568659e+00
5.719507069194085489e+04 -5.076526325748873525e+00
5.719507069194275391e+04 3.733097414629152233e+00
5.719507069194297947e+04 -3.037677169221675744e+00
5.719507069194367796e+04 -5.264980394619671600e-01
5.719507069194423821e+04 -6.970598098558342670e+00
5.719507069194443466e+04 2.827313355003782558e+00
5.719507069194485666e+04 5.593409468990441225e-01
5.719507069194490759e+04 3.579487732439881498e+00
5.719507069194571523e+04 -1.509327977567160417e+00
5.719507069194820360e+04 2.119372070183996037e-01
5.719507069194906217e+04 -1.431782807360875376e+00
5.719507069195002987e+04 -1.646409381914949677e+00
5.719507069195013173e+04 -1.686938096538749710e+00
5.719507069195123768e+04 -3.090995349782276191e-01
5.719507069195241638e+04 -9.961717096140077388e+00
5.719507069195298391e+04 4.501214693399846922e+00
5.719507069195339864e+04 -2.988677712204116599e+00
5.719507069195360236e+04 -3.323599158923224994e+00
5.719507069195448275e+04 2.269139638732076136e+00
5.719507069195513031e+04 -4.678849074100389416e+00
5.722898619660679105e+04 -3.654546761005310618e+00
5.722898619660724216e+04 -2.477647293897609071e+00
5.722898619660807162e+04 -1.481414847182508654e-01
5.722898619660826807e+04 -1.649752743590530590e+00
5.722898619661072007e+04 -4.475443510377636325e-01
5.722898619661085104e+04 -3.416264088787826392e+00
5.722898619661385601e+04 -1.787798297480688969e+00
5.722898619661437988e+04 -2.467489289807412778e+00
5.722898619661646080e+04 1.179637885327203539e-01
5.722898619661913108e+04 2.537187155871421851e+00
5.722898619662046985e+04 -1.977632455274763057e+00
5.722898619662230340e+04 -2.868231159643696682e+00
5.722898619662295823e+04 -9.151491615442812477e-02
5.722898619662481360e+04 -1.008920421147828872e+00
5.722898619662513374e+04 4.531779235091961122e-01
5.722898619662532292e+04 2.316104222782930488e+00
5.722898619662934652e+04 -2.965730781953495487e+00
5.722898619663032150e+04 7.426715398879145391e-02
5.722898619663060526e+04 5.946496516602850502e-01
5.722898619663084537e+04 -2.737382293397101041e+00
5.722898619663110730e+04 1.878776321265855032e+00
5.722898619663379213e+04 -3.636977749034320251e-01
5.722898619663427235e+04 2.189025869918967082e+00
5.722898619663470890e+04 5.094085020830620980e-01
5.722898619663474528e+04 1.692557724249647233e+00
5.722898619663534191e+04 6.694917597621207195e-01
5.722898619663645513e+04 -3.894878250996919533e+00
5.722898619663697173e+04 4.440012859158493641e-01
5.722898619663778663e+04 -6.529770710449186444e-01
5.722898619663790305e+04 -5.759311925641930063e-01
5.722898619664117723e+04 1.419169678574687898e+00
5.722898619664126454e+04 3.045207879073829282e+00
5.722898619664134458e+04 4.577920677399971439e-01
5.722898619664511352e+04 -2.539903807101252298e+00
5.722898619664525904e+04 7.283393156609185848e-01
5.722898619664682337e+04 1.857427295720357696e+00
5.722898619664753642e+04 -2.036187322920114617e+00
5.722898619664783473e+04 -2.338999146544472829e+00
5.722898619664880243e+04 2.151940546511708074e+00
5.722898619665138540e+04 1.648103543637974955e+00
5.722898619665189472e+04 -1.349179124257232631e+00
5.722898619665191654e+04 -6.623300932667543606e+00
5.722898619665252045e+04 4.477545823423964566e-01
5.722898619665283331e+04 -2.582783527944971791e-01
5.722898619665725710e+04 2.357407700431033426e+00
5.722898619665738079e+04 2.868269221387478751e+00
5.722898619665813749e+04 -2.050150274305113207e+00
5.723000501993477519e+04 -5.357627567811259262e+00
5.723000501993492799e+04 3.363690404912594190e+00
5.723000501993511716e+04 8.445791502107812931e+00
5.723000501993543730e+04 6.704434129750204363e+00
5.723000501993836224e+04 -7.114962275415825488e+00
5.723000501993899525e+04 1.561264489321191329e+00
5.723000501994023216e+04 7.124200736060648076e+00
5.723000501994058141e+04 3.563923604182126059e+00
5.723000501994316437e+04 -5.353030640536541540e+00
5.723000501994374645e+04 -1.215262367652117925e+00
5.723000501994499791e+04 -3.905721661156090097e+00
5.723000501994530350e+04 4.327581691336045644e+00
5.723000501994619844e+04 -2.443020723035572939e+00
5.723000501994769002e+04 6.552632227948015142e+00
5.723000501994827209e+04 -1.059466132038188846e+00
5.723000501994931983e+04 -3.316144216978459180e+00
5.723000501995142986e+04 9.897304151207289014e-01
5.723000501995221566e+04 -1.366892099893456392e+00
5.723000501995360537e+04 1.204322555765221070e+00
5.723000501995372906e+04 -3.133300143354862399e+00
5.723000501995488594e+04 -5.351601633181479301e+00
5.723000501995543891e+04 -6.825132036679514513e+00
5.723000501995554077e+04 9.118236888357218461e-01
5.723000501995678496e+04 -4.617401757889139979e+00
5.723000501995719242e+04 3.044040398236916634e+00
5.723000501995722880e+04 -1.980263377380673928e+00
5.723000501995992090e+04 3.305875866378880534e+00
5.723000501996011008e+04 8.770692680389441165e+00
5.723000501996021922e+04 2.985468313635459392e+00
5.723000501996104867e+04 5.634159271677017244e+00
5.723000501996232924e+04 -5.036789591165710789e+00
5.723000501996373350e+04 5.587053679828225761e+00
5.723000501996379171e+04 1.691045904290557678e+00
5.723000501996433013e+04 -1.302793372388687088e+00
5.723000501996442472e+04 6.820734668104949883e+00
5.723000501996482490e+04 -8.033466933164731261e-01
5.723000501996836829e+04 1.822566231824517491e+00
5.723000501996988896e+04 5.871271190880799296e+00
5.723000501997231913e+04 2.590614642780133536e+00
5.723000501997425454e+04 -1.965818351225288030e+00
5.723000501997458196e+04 -3.370360411690390023e+00
5.723000501997531683e+04 3.537047935733309334e+00
5.723000501997585525e+04 4.149420629767591961e+00
5.723000501997642277e+04 2.344569855802455527e-01
5.723000501997646643e+04 -3.286789306853389991e+00
5.723000501997728134e+04 2.128873097534254466e+00
5.723000501997975516e+04 -2.430125222927844497e+00
5.723000501998055552e+04 -1.113906147179225981e+00
5.723000501998174877e+04 -7.320825419325180050e+00
5.723000501998177788e+04 -4.702763426158988125e+00
5.723000501998293475e+04 -6.854449780458150565e-01
5.723000501998298569e+04 -1.009809698254542087e-01
5.723000501998417894e+04 1.679424458933125752e+00
5.723000501998450636e+04 -6.195990027418360135e+00
5.723000501998515392e+04 1.682592378852781234e+00
5.723000501998535765e+04 3.691673418333452084e+00
5.723000501998589607e+04 -4.347302150826335421e+00
5.723000501998666732e+04 -4.262284821678187896e+00
5.724804836017021444e+04 -4.926776513988507133e+00
5.724804836017052003e+04 -3.671729283202377125e+00
5.724804836017150228e+04 -1.972450151506132121e+00
5.724804836017314665e+04 -2.084480884752474061e+00
5.724804836017335765e+04 -2.317298065128309825e-01
5.724804836017502384e+04 2.120020309943921433e+00
5.724804836017635535e+04 1.988758236750420405e+00
5.724804836017682828e+04 -2.980158591172398896e+00
5.724804836018104106e+04 -3.285845646464976788e+00
5.724804836018152855e+04 -1.373902673204444591e+00
5.724804836018288188e+04 -2.691326935887223826e+00
5.724804836018400965e+04 -6.016299928971604594e+00
5.724804836018479546e+04 1.338033881318727858e-01
5.724804836018531205e+04 -1.735820307071258117e+00
5.724804836018537753e+04 -2.804752242576466603e+00
5.724804836018649075e+04 -4.911556724809197583e+00
5.724804836018729111e+04 2.068954818195243295e+00
5.724804836018750939e+04 3.791494057562581954e+00
5.724804836018771312e+04 -1.658051316434447475e+00
5.724804836019221693e+04 4.207524584405152979e+00
5.724804836019281356e+04 -3.058564609184361682e+00
5.724804836019306094e+04 6.293762520880290534e-01
5.724804836019354116e+04 8.501148460562710785e-01
5.724804836019441427e+04 5.166912745104497162e-01
5.724804836019624781e+04 -4.232468325940983433e+00
5.724804836019698996e+04 -7.562099397360240172e-01
5.724804836019777576e+04 -2.472912630990482974e+00
5.724804836019779759e+04 -2.486600111078210329e+00
5.724804836019894719e+04 -1.763711775929268644e+00
5.724804836019943468e+04 -8.194822533491032956e-01
5.724804836019952927e+04 8.874412068489666572e-01
5.724804836019984214e+04 7.300954451864001271e-01
5.724804836020031507e+04 -1.442340073643081366e+00
5.724804836020366929e+04 -6.270655521410014588e-01
5.724804836020388757e+04 -2.359625059949921777e+00
5.724804836020406947e+04 -6.829508415743461569e+00
5.724804836020686344e+04 2.658704431937397583e+00
5.724804836020754738e+04 -1.049604088383774725e+00
5.724804836020767834e+04 -3.978070582826191970e+00
5.724804836020836956e+04 -9.635288081496909407e-02
5.724804836020932999e+04 6.242800330868123471e-01
5.724804836020999210e+04 -5.686819040369291756e+00
5.724804836021039227e+04 -1.022349646900916342e+00
5.724804836021379015e+04 -1.691331692547122900e+00
5.724804836021411757e+04 -7.101019813206933762e+00
5.724804836021429946e+04 1.263356226013040873e+00
5.724804836021507072e+04 -6.064266368624948278e+00
5.724804836021713709e+04 -1.165370901100603485e+00
5.724804836021899246e+04 -2.452751575414723550e+00
5.724804836021967640e+04 -7.193312198015434644e-01
5.724804836021990923e+04 -2.231410387983499444e+00
5.724804836022060772e+04 -1.120899503532553521e+00
5.724804836022164091e+04 5.813486613745552645e-02
5.724804836022240488e+04 -1.006733867731647525e+00
5.724909733526734635e+04 4.731784169376753724e+00
5.724909733526741184e+04 2.965892634586263288e+00
5.724909733526746277e+04 -2.466019843947233059e-01
5.724909733526755008e+04 -6.355539559500718916e+00
5.724909733527176286e+04 4.398773804776856977e+00
5.724909733527249773e+04 4.010032153329174065e+00
5.724909733527261415e+04 -1.464891013939410236e+00
5.724909733527302888e+04 1.164740773733287549e+00
5.724909733527569915e+04 2.574998863627930845e+00
5.724909733527619392e+04 -3.007495845260969691e+00
5.724909733527748904e+04 1.017914572238719950e+00
5.724909733527783828e+04 7.600525043160679672e+00
5.724909733527862409e+04 -6.950368175288220485e+00
5.724909733528009383e+04 2.660136711469234250e+00
5.724909733528072684e+04 -2.052712328600236003e+00
5.724909733528182551e+04 1.005879919935166678e+00
5.724909733528389188e+04 6.368199817271283369e-02
5.724909733528460492e+04 -5.981845527671499241e+00
5.724909733528612560e+04 2.055339478108403117e+00
5.724909733528626384e+04 4.680408772418523711e+00
5.724909733528749348e+04 2.668073728224510610e+00
5.724909733528776997e+04 -3.858495550640130389e+00
5.724909733528803918e+04 4.195564804537529335e-01
5.724909733528908691e+04 3.316464294393062673e+00
5.724909733528958168e+04 -6.122043201073265273e+00
5.724909733528979996e+04 5.107802490277475904e+00
5.724909733529237565e+04 1.813426760589551268e-01
5.724909733529244113e+04 6.125713979896333858e-03
5.724909733529274672e+04 4.303254132416179267e+00
5.724909733529322693e+04 6.502220980573737208e+00
5.724909733529490768e+04 4.315409303412328867e+00
5.724909733529619552e+04 4.830781666866641899e+00
5.724909733529623918e+04 -4.519830535350487510e-01
5.724909733529677032e+04 -2.598369317808412404e+00
5.724909733529679215e+04 -3.222053551994705778e+00
5.724909733529725054e+04 -2.408845065222554371e+00
5.724909733530078665e+04 2.527370158089977878e-03
5.724909733530220547e+04 -4.009178350297782245e+00
5.724909733530508674e+04 5.640116338519623795e+00
5.724909733530676749e+04 6.558709813489270957e+00
5.724909733530708036e+04 5.970488131703212409e-02
5.724909733530775702e+04 1.782554025894528049e+00
5.724909733530829544e+04 5.233107496665545533e+00
5.724909733530879748e+04 -5.635681408622510880e+00
5.724909733530898666e+04 -2.327908154666038953e+00
5.724909733530975063e+04 4.862185394766043167e+00
5.724909733531218808e+04 -4.868924269368223534e+00
5.724909733531303937e+04 3.626610541311817038e+00
5.724909733531423262e+04 -5.615434268266318085e+00
5.724909733531426900e+04 -4.900138610750687462e+00
5.724909733531534584e+04 -7.534711664819836230e+00
5.724909733531549136e+04 5.861457525950927838e+00
5.724909733531659731e+04 -2.628361255308827360e+00
5.724909733531704842e+04 1.961610369180585955e+00
5.724909733531757956e+04 -4.371819096320304965e+00
5.724909733531787060e+04 6.327520527177234122e+00
5.724909733531837264e+04 -6.806586642586469615e-01
5.724909733531923121e+04 6.053633189773906409e+00
5.727203536708188039e+04 1.404810737220606232e+00
5.727203536708226602e+04 -4.167336581105206328e+00
5.727203536708311731e+04 -3.637666427331774366e-01
5.727203536708329921e+04 -1.402905527455396706e-01
5.727203536708571482e+04 -1.514134780530866475e+00
5.727203536708589672e+04 -2.939130584845721206e+00
5.727203536708764295e+04 -3.741389087554038539e+00
5.727203536708920001e+04 -1.080078100663506291e+00
5.727203536708942556e+04 -1.240893970692402010e-01
5.727203536708968022e+04 3.460911283799470883e+00
5.727203536709409673e+04 -9.360238290975151365e-01
5.727203536709540640e+04 -2.907416951736535804e+00
5.727203536709732725e+04 -4.179285148628427926e+00
5.727203536709785840e+04 -2.953713346649999405e+00
5.727203536709798209e+04 -1.019095642209252528e+00
5.727203536709890614e+04 1.873163593609952216e+00
5.727203536709934997e+04 -6.287183799303852627e-01
5.727203536709976470e+04 -2.726776648489209531e+00
5.727203536710007756e+04 -3.066604927701535477e+00
5.727203536710023036e+04 -5.018973313866261776e+00
5.727203536710352637e+04 3.960134142449821315e+00
5.727203536710560729e+04 -4.767787424773110572e-01
5.727203536710594199e+04 -2.376180054959338428e-01
5.727203536710605840e+04 -3.016606887229725142e+00
5.727203536710768094e+04 -1.806013837045536974e+00
5.727203536710882327e+04 -4.724356761334022714e+00
5.727203536710937624e+04 -2.570377819410033737e+00
5.727203536711036577e+04 -3.711930875692031506e+00
5.727203536711038032e+04 -2.386001436692189781e+00
5.727203536711138440e+04 -8.381109998402196393e-01
5.727203536711153720e+04 5.686864818924368681e-01
5.727203536711192282e+04 -1.658060816640049284e-01
5.727203536711198831e+04 -3.864300937047238982e+00
5.727203536711228662e+04 -3.282308453730476416e-01
5.727203536711283232e+04 1.752283344934820963e+00
5.727203536711612105e+04 -1.994350119663007570e+00
5.727203536711622291e+04 -1.215816582440281124e+00
5.727203536711644847e+04 1.153984620777583486e-01
5.727203536711660126e+04 -1.073380704746311309e+00
5.727203536712010828e+04 -1.562824332340191580e+00
5.727203536712026835e+04 -4.685911298395471825e+00
5.727203536712184723e+04 -2.273058204772397506e+00
5.727203536712258938e+04 -1.143126593848000194e+00
5.727203536712296773e+04 -1.355377228467999906e+00
5.727203536712365167e+04 -1.784561509763210596e+00
5.727203536712632922e+04 -3.557907986552631741e+00
5.727203536712696223e+04 1.590392306864423455e+00
5.727203536712755158e+04 -1.775057750004106039e+00
5.727203536712806817e+04 -7.400198859160576959e+00
5.727203536712833738e+04 -2.435406383892887994e-01
5.727203536712969071e+04 -9.483339526985290480e-01
5.727203536713224457e+04 -7.038971103908286953e-02
5.727203536713228823e+04 -2.427580385638271832e+00
5.727203536713236099e+04 1.485609912129079779e+00
5.727203536713321228e+04 2.721787359056074163e+00
5.727203536713501671e+04 -4.557740560532033136e-01
5.727303782564550056e+04 -5.015388914826445443e+00
5.727303782564585708e+04 7.044882219481302776e+00
5.727303782564924768e+04 5.215339598028717383e+00
5.727303782564972789e+04 -1.291085842270006223e+00
5.727303782565124129e+04 -6.911027430690650952e+00
5.727303782565395522e+04 -1.560427903269067551e+00
5.727303782565466099e+04 1.021269883744737683e+01
5.727303782565583970e+04 4.573043834309017619e+00
5.727303782565840083e+04 2.638426129867601500e+00
5.727303782565904112e+04 -1.731581663713433805e+00
5.727303782566016889e+04 3.728121714420950195e+00
5.727303782566150039e+04 -1.398795392783320501e+01
5.727303782566224982e+04 3.980246819334671393e+00
5.727303782566263544e+04 9.446564241040089627e-01
5.727303782566444715e+04 2.897196979830264141e+00
5.727303782566455629e+04 3.423416025622600056e+00
5.727303782566722657e+04 -1.179294697955710447e+01
5.727303782567079907e+04 3.947293565387330005e+00
5.727303782567142480e+04 -3.445839547218581433e+00
5.727303782567316375e+04 -4.968332241410947092e-01
5.727303782567461894e+04 6.100050103430006310e+00
5.727303782567520102e+04 7.817097133820978705e+00
5.727303782567565941e+04 6.593195376582404066e+00
5.727303782567910093e+04 2.531201659802366777e-01
5.727303782568323368e+04 -8.413568405214370216e+00
5.727303782568504539e+04 4.835174723142585118e-01
5.727303782568530733e+04 -7.617542440608668919e+00
5.727303782568601309e+04 -3.259741468892139782e+00
5.727303782568654424e+04 6.385416773409245683e-02
5.727303782568725728e+04 6.979905427215228997e+00
5.727303782568733004e+04 9.328628091855509785e-01
5.727303782568801398e+04 1.048440235386439268e+00
5.727303782569063333e+04 6.633517487734270190e+00
5.727303782569128089e+04 -1.969210091603298629e+00
5.727303782569501345e+04 6.491357081337616464e+00
5.727303782569545001e+04 7.079505518168921263e+00
5.727303782569662872e+04 -5.277637589918346528e+00
5.727303782569743635e+04 -2.595063662261498205e+00
5.730684716994284827e+04 1.877441115505884550e-01
5.730684716994315386e+04 -2.066316996124532679e+00
5.730684716994361224e+04 -2.149922534875920110e+00
5.730684716994626797e+04 -8.689293512434085320e-01
5.730684716994639166e+04 -3.283779611801397547e+00
5.730684716994976770e+04 -3.135731006421830003e+00
5.730684716994994233e+04 -1.164992128090372558e+00
5.730684716995465715e+04 1.170857237755279501e-01
5.730684716995517374e+04 -5.839189101841743224e+00
5.730684716995593772e+04 -2.744010821563599656e+00
5.730684716995790222e+04 1.890526002130895888e-01
5.730684716995844065e+04 1.942151936667222412e+00
5.730684716995848430e+04 -2.811036431604610808e+00
5.730684716996004136e+04 -1.401604755573963246e+00
5.730684716996031784e+04 -2.283887670177514817e+00
5.730684716996053612e+04 -5.997120240014411685e+00
5.730684716996081988e+04 -3.521769595771831352e+00
5.730684716996231873e+04 -3.646626961304175296e+00
5.730684716996482166e+04 -2.506950553221785061e+00
5.730684716996573115e+04 -4.000255522536977359e-01
5.730684716996609495e+04 -4.977962524530808786e+00
5.730684716996661882e+04 -1.762282768609962913e+00
5.730684716996826319e+04 -1.570950735631345241e+00
5.730684716996932548e+04 -1.137393347485250228e+00
5.730684716996938369e+04 1.495224690406873058e-01
5.730684716997065698e+04 -3.485391367937189233e-02
5.730684716997079522e+04 -1.296650191276504938e+00
5.730684716997085343e+04 -3.067827331620455844e+00
5.730684716997205396e+04 -4.122847440787408133e-05
5.730684716997248324e+04 -2.401290093724819386e+00
5.730684716997307987e+04 5.476034274586931427e-02
5.730684716997325449e+04 9.254734628599372570e-01
5.730684716997356009e+04 -4.219986032864863290e+00
5.730684716997642681e+04 2.588252647689321506e+00
5.730684716997676878e+04 -1.549997700075241625e+00
5.730684716997712530e+04 1.606989452549994590e+00
5.730684716997724172e+04 9.901403499172295453e-01
5.730684716997724900e+04 -3.126313331443038912e+00
5.730684716998028307e+04 -3.707402816286135216e+00
5.730684716998063232e+04 -1.545486857580830042e+00
5.730684716998079966e+04 2.414859482577731351e-02
5.730684716998118529e+04 -1.089323606094419583e+00
5.730684716998309159e+04 -3.571725485567860403e-01
5.730684716998342628e+04 -1.743412984740210003e+00
5.730684716998691147e+04 -4.905867412636437108e-01
5.730684716998746444e+04 1.713166420729526296e+00
5.730684716998804652e+04 -2.414788187295883404e+00
5.730684716998884687e+04 -1.454564112493087702e+00
5.730684716999024386e+04 1.201048061965107383e+00
5.730684716999241937e+04 -1.061724825489297253e+00
5.730684716999276861e+04 -1.062051947654922612e+00
5.730684716999287048e+04 -3.749308887398342005e+00
5.730684716999368538e+04 -2.180723669312953028e+00
5.730684716999386728e+04 2.184763781632792501e-01
5.730684716999548982e+04 -1.540029082501713331e+00
5.730786907162399439e+04 -6.227752579128450483e-01
5.730786907162401621e+04 6.342981353870412065e+00
5.730786907162416901e+04 1.331351990231017801e-01
5.730786907162446005e+04 -1.804857028834339960e+00
5.730786907162810530e+04 -3.566699846546285690e-01
5.730786907162826537e+04 9.169371248176350075e-01
5.730786907162923308e+04 -3.333430040977471087e+00
5.730786907162963325e+04 -7.645741082334112093e-01
5.730786907163238357e+04 2.828194152308485254e-01
5.730786907163292926e+04 3.108810587112554646e+00
5.730786907163428259e+04 7.113474572610817503e+00
5.730786907163440628e+04 3.428839366830704893e+00
5.730786907163537398e+04 1.919101704645162387e+00
5.730786907163677097e+04 8.115693535740865494e-01
5.730786907163738942e+04 -2.401045784164665964e+00
5.730786907163854630e+04 3.961945195063586223e+00
5.730786907164055447e+04 4.953799550630134108e-01
5.730786907164077275e+04 8.246436367820246360e+00
5.730786907164142758e+04 3.335196342681414183e+00
5.730786907164278819e+04 3.034932628549471989e+00
5.730786907164295553e+04 3.334352711833222127e+00
5.730786907164406875e+04 4.649748106159372063e-01
5.730786907164460717e+04 -2.438923087552869795e+00
5.730786907164574950e+04 2.252955700100006897e+00
5.730786907164622244e+04 -4.595071365970278876e+00
5.730786907164642616e+04 2.221328151770856962e+00
5.730786907164898730e+04 -4.939752094368669577e-01
5.730786907164916192e+04 -2.756986401843004031e-01
5.730786907164927834e+04 -2.129172830617791501e+00
5.730786907164983131e+04 -1.356751312795804854e+00
5.730786907165155571e+04 3.597479451688638807e+00
5.730786907165274897e+04 -5.412701878038649328e-01
5.730786907165291632e+04 9.765250098297135750e-01
5.730786907165349112e+04 1.990448770663669764e+00
5.730786907165353477e+04 4.369126206486775743e+00
5.730786907165401499e+04 3.016648221186621015e+00
5.730786907165748562e+04 -1.312968593470258405e+00
5.730786907166166202e+04 -4.259702278379906559e+00
5.730786907166205492e+04 1.574125555559054535e+00
5.730786907166347373e+04 -1.279860386917751391e+00
5.730786907166374294e+04 -6.586898283072963878e-01
5.730786907166439778e+04 -1.733871518893629116e+00
5.730786907166498713e+04 1.490003508125071319e+00
5.730786907166559104e+04 -1.076149362513557639e+00
5.730786907166561286e+04 4.047306863335728977e+00
5.730786907166640594e+04 -1.029781367340915771e-01
5.730786907166895253e+04 2.130612010156109015e+00
5.730786907166972378e+04 -4.251246020507639667e-01
5.730786907167090249e+04 -4.741639313126541744e+00
5.730786907167094614e+04 -2.285241805099012535e-01
5.730786907167203753e+04 -1.755685402254017369e+00
5.730786907167211029e+04 2.664630337061524301e+00
5.730786907167331083e+04 1.902866115056491392e+00
5.730786907167368190e+04 -1.889994876677370650e+00
5.730786907167430036e+04 4.603328460118473409e+00
5.730786907167443132e+04 -4.319080827484695351e-01
5.730786907167514437e+04 3.264279700565045239e+00
5.730786907167587196e+04 5.695161679673793609e-01
5.733585162374102219e+04 -2.529521982675252634e+00
5.733585162374122592e+04 -2.215157581506211226e+00
5.733585162374139327e+04 -2.797968761963696149e+00
5.733585162374185893e+04 -3.207474062462389863e+00
5.733585162374468200e+04 -3.723776141560763975e+00
5.733585162374476931e+04 -4.101722761554344565e+00
5.733585162374653009e+04 -8.090202808370715815e+00
5.733585162374799256e+04 -2.403459430215658887e+00
5.733585162374832726e+04 -4.793637792726995528e+00
5.733585162375309301e+04 -1.134432031049894096e+00
5.733585162375431537e+04 -3.998679279381350149e+00
5.733585162375626533e+04 -1.999222518279193395e+00
5.733585162375683285e+04 -7.886639019805115058e-01
5.733585162375684740e+04 -1.371888289384053605e+00
5.733585162375736400e+04 1.011403290692997947e+00
5.733585162375780055e+04 -2.279514563354608114e+00
5.733585162375815707e+04 -3.337789203075154809e+00
5.733585162375930668e+04 -1.894354038761113079e+00
5.733585162376025255e+04 -2.785193780548096854e+00
5.733585162376323569e+04 -5.502924732590131818e+00
5.733585162376439257e+04 7.275500074226368241e+00
5.733585162376457447e+04 -7.550564037011988638e-01
5.733585162376504013e+04 -2.948789297274545529e+00
5.733585162376543303e+04 -3.551313892450172371e+00
5.733585162376703374e+04 -2.227571006844010437e+00
5.733585162376776861e+04 -6.349681350033478111e-01
5.733585162376816879e+04 -3.494980012137718361e+00
5.733585162376868539e+04 -9.623355530847410577e+00
5.733585162376887456e+04 -2.680617989283473612e+00
5.733585162376927474e+04 -3.658833783205452939e+00
5.733585162377051893e+04 4.575054946094390118e+00
5.733585162377089000e+04 -2.593345238884992021e+00
5.733585162377142115e+04 -1.833251061612916066e+00
5.733585162377185043e+04 -2.265086754154780113e+00
5.733585162377519737e+04 -2.581517190054106958e+00
5.733585162377527740e+04 -1.336873215773350765e+01
5.733585162377590314e+04 -4.614547015523404738e+00
5.733585162377601955e+04 -4.299486219346723703e-01
5.733585162377724919e+04 -3.521012049739316918e+00
5.733585162377762026e+04 -2.257941717379209123e+00
5.733585162377903907e+04 -3.046616041753569259e+00
5.733585162377921370e+04 7.323680834118405647e-01
5.733585162378144014e+04 -3.837855692584700940e+00
5.733585162378174573e+04 -4.976567951137701229e+00
5.733585162378536188e+04 -7.051960988769727656e-01
5.733585162378585665e+04 -2.884424598661937678e-01
5.733585162378656969e+04 -1.584397178350014368e+00
5.733585162378859241e+04 -4.746394465227798065e+00
5.733585162379069516e+04 -5.267396773337571503e+00
5.733585162379121903e+04 7.171904449084524902e-02
5.733585162379139365e+04 6.925452639855854686e-01
5.733585162379187386e+04 -3.989055000929436101e+00
5.733585162379212125e+04 -1.692950086470437432e+00
5.733585162379238318e+04 -1.580471712362471637e+00
5.733688389861189353e+04 2.426709220939651246e+00
5.733688389861198084e+04 1.577964936781934391e+00
5.733688389861243195e+04 2.709596649248836170e-02
5.733688389861244650e+04 2.019872548634098042e+00
5.733688389861611358e+04 3.416425941527239551e+00
5.733688389861678297e+04 -3.388765337870356831e+00
5.733688389861716860e+04 -2.413235389097401207e+00
5.733688389862042823e+04 4.123698497528598850e+00
5.733688389862058102e+04 -2.792369979061031682e+00
5.733688389862243639e+04 1.597564446346491174e+01
5.733688389862325857e+04 -1.320871176326752661e+00
5.733688389862478653e+04 3.199285691374144758e+00
5.733688389862539043e+04 1.458599780239640653e+00
5.733688389862651820e+04 3.135823991242182363e+00
5.733688389862897748e+04 2.297926389418468940e+00
5.733688389862942131e+04 9.803988249587800574e-01
5.733688389863070188e+04 2.388866351463239557e+00
5.733688389863089833e+04 -1.674473020415260915e+00
5.733688389863195334e+04 -6.576051600804926345e-01
5.733688389863254997e+04 6.574948135711098374e-01
5.733688389863360499e+04 1.468654482593700905e+00
5.733688389863370685e+04 1.815576147720949995e+00
5.733688389863418706e+04 -1.869971556768606380e+00
5.733688389863427437e+04 1.481067907931504779e+00
5.733688389863689372e+04 9.223260320816479840e-01
5.733688389863716293e+04 -1.090646039548510915e+00
5.733688389863719931e+04 1.067000114069949435e+00
5.733688389863785414e+04 1.977673789267999416e+00
5.733688389863945486e+04 1.240822502711373954e+00
5.733688389864069904e+04 5.142288053471939513e+00
5.733688389864083001e+04 -1.311642887864806983e+00
5.733688389864137571e+04 -9.808190766777057368e-01
5.733688389864141209e+04 -1.356217587170734928e+00
5.733688389864198689e+04 4.427993711821869849e-01
5.733688389864553756e+04 1.881172750407541505e+00
5.733688389864673809e+04 -4.170260191557253471e+00
5.733688389864988858e+04 -2.875149103921171179e+00
5.733688389865139470e+04 2.598603310499475239e+00
5.733688389865174395e+04 3.371283082670482933e+00
5.733688389865242061e+04 3.718962293865503810e+00
5.733688389865300269e+04 -2.152471749358365882e-02
5.733688389865357021e+04 1.326838415315628961e+00
5.733688389865357021e+04 6.508490685220220673e-01
5.733688389865441422e+04 -4.432884907254555640e-01
5.733688389865688077e+04 -1.770491984505318861e+00
5.733688389865776116e+04 -1.283015467029528442e-02
5.733688389865880890e+04 -3.402676638387618357e+00
5.733688389865889621e+04 3.501494921546779882e+00
5.733688389865997306e+04 -9.906327416465658953e-01
5.733688389865998033e+04 2.491754881031499558e+00
5.733688389866121724e+04 -7.479941795305202756e-01
5.733688389866163197e+04 -2.177463660025294179e-01
5.733688389866214129e+04 2.806156448547088011e-01
5.733688389866239595e+04 3.774438058807955687e-01
5.733688389866317448e+04 3.260974045029278123e+00
5.733688389866390207e+04 2.321220931002447418e+00
5.736779872215725482e+04 7.709857159205972810e-01
5.736779872215757496e+04 9.155909300860988198e-01
5.736779872215776413e+04 -7.455009930818483621e-01
5.736779872215859359e+04 1.858846802972606294e-01
5.736779872216132208e+04 -3.373221698736748486e+00
5.736779872216134390e+04 2.938349949558741181e-01
5.736779872216314106e+04 4.785893790372809597e+00
5.736779872216397052e+04 1.472766062938100307e+00
5.736779872216453805e+04 -2.364772929917136501e+00
5.736779872216460353e+04 1.255281473660970315e+00
5.736779872216971125e+04 -1.245033756958245696e+00
5.736779872217091906e+04 1.207091213576527045e+00
5.736779872217283264e+04 -7.573634758250357146e-01
5.736779872217341472e+04 -2.262607512503386431e+00
5.736779872217345837e+04 3.042126044080355030e+00
5.736779872217436059e+04 -5.086645451641630400e-01
5.736779872217492084e+04 -1.241883053994525588e+00
5.736779872217522643e+04 5.229582465470747898e-01
5.736779872217596858e+04 -1.086448374450990739e+00
5.736779872217620868e+04 5.433947734210420322e-01
5.736779872217977390e+04 -3.425337424808777786e+00
5.736779872218117089e+04 -9.007979369766958566e-01
5.736779872218147648e+04 -2.110599007220946621e+00
5.736779872218165838e+04 -1.411986580123249846e+00
5.736779872218221863e+04 1.101991255169317974e+01
5.736779872218351375e+04 4.608222520330499394e-01
5.736779872218429227e+04 -1.547872297745073178e-01
5.736779872218439414e+04 1.799664408141145699e+00
5.736779872218582022e+04 2.803619551422336986e+00
5.736779872218699165e+04 -2.743253275553548143e+00
5.736779872218702076e+04 2.770132571835254964e+00
5.736779872218748642e+04 1.293451465303417924e+00
5.736779872218819219e+04 -1.592127591650055685e+00
5.736779872219002573e+04 2.325556331785060937e+00
5.736779872219140816e+04 -4.276681469344522313e+00
5.736779872219183744e+04 -5.864507527602740300e-01
5.736779872219212848e+04 -4.363299975412702203e+00
5.736779872219249955e+04 -2.196951542183626371e-01
5.736779872219563549e+04 -1.902359923361946592e+00
5.736779872219577373e+04 2.052237153921346646e+00
5.736779872219674144e+04 1.257691847512996786e+00
5.736779872219808021e+04 2.960431587452744040e+00
5.736779872219840763e+04 -7.989347080082809249e-02
5.736779872219936806e+04 -2.102696424377517026e+00
5.736779872220198013e+04 -1.188682659689084486e+00
5.736779872220239486e+04 -2.374802698551007063e-01
5.736779872220302059e+04 9.048303325324092983e-01
5.736779872220302786e+04 1.903258832910025733e+00
5.736779872220526158e+04 3.317803944927838256e+00
5.736779872220676771e+04 1.451571989996353507e+00
5.736779872220783727e+04 2.104611134334664513e+00
5.736779872220791003e+04 -3.316750082774985842e+00
5.736779872220804828e+04 -5.215695454643792806e-02
5.736779872220874677e+04 8.238762050164920581e-01
5.736977523491338070e+04 4.729634782497370571e-01
5.736977523491354805e+04 -5.225553565500408171e-01
5.736977523491375905e+04 -2.414199538665608991e+00
5.736977523491396278e+04 3.929353497277605634e+00
5.736977523491765896e+04 -4.552026243419412532e-01
5.736977523491864849e+04 -4.464153631991165661e+00
5.736977523491906322e+04 4.170322014656071552e+00
5.736977523492162436e+04 2.045956237127190214e+00
5.736977523492203909e+04 4.012204222397292019e-01
5.736977523492238834e+04 -1.599579261460540414e+00
5.736977523492636101e+04 -1.320371884615256564e+00
5.736977523492697946e+04 2.522521581585317918e+00
5.736977523492810724e+04 1.604634001776930941e+00
5.736977523493003537e+04 -1.211629589976617405e+00
5.736977523493103945e+04 -4.107556037539694671e+00
5.736977523493218177e+04 -2.933703971602008576e+00
5.736977523493253102e+04 -2.723312768232127201e+00
5.736977523493349145e+04 2.466084399535688476e+00
5.736977523493404442e+04 7.653590434568317002e-01
5.736977523493406625e+04 1.684159121937772285e+00
5.736977523493527406e+04 4.580880281915065133e-01
5.736977523493542685e+04 -1.253554872984855351e+01
5.736977523493562330e+04 -2.568222427810205044e+00
5.736977523493638728e+04 7.015751130019160620e+00
5.736977523493836634e+04 2.001979754148490442e-02
5.736977523493872286e+04 -9.108493671556820992e-01
5.736977523493887566e+04 2.481011500462176667e+00
5.736977523493948684e+04 2.383167539025921933e+00
5.736977523494078196e+04 -1.021740611157269818e+01
5.736977523494102934e+04 3.724557804635646452e+00
5.736977523494214256e+04 1.805314841914356316e+00
5.736977523494237539e+04 -2.764943368047869665e+00
5.736977523494289926e+04 -5.280303485853617973e-01
5.736977523494306661e+04 -1.507896237868779354e-01
5.736977523494355410e+04 -5.651813696709755419e+00
5.736977523494723573e+04 4.949044938422008322e+00
5.736977523495149217e+04 -1.138750214864939103e+00
5.736977523495304195e+04 1.496253263216095863e+00
5.736977523495331116e+04 1.967378049551074204e+00
5.736977523495398054e+04 1.064469221537433175e+00
5.736977523495471542e+04 1.336755382036179274e+00
5.736977523495521018e+04 1.159059178273450286e+00
5.736977523495606874e+04 -4.808214549977828378e-01
5.736977523495851347e+04 1.383137861731634111e+00
5.736977523495944479e+04 -7.383871180430714443e-01
5.736977523496032518e+04 -3.109385791502685681e+00
5.736977523496033245e+04 -7.542095006860273232e-01
5.736977523496142385e+04 -1.533896573992774570e+00
5.736977523496151116e+04 -6.934508626588332669e-01
5.736977523496277718e+04 -7.103406965791158045e-01
5.736977523496317008e+04 -2.973231370341006263e-01
5.736977523496361391e+04 -9.667528235666481562e-01
5.736977523496391223e+04 4.456746028535617521e-01
5.736977523496485810e+04 2.775369798663065879e+00
5.736977523496554932e+04 1.835582250713394759e+00
